{"theta": [-0.4177377, -2.0405847, -2.7456347, -0.03552350000000004, 2.615430607179586, 0.8016406071795856, 1.3661206071795853, -1.9114447, 1.645660607179586, 2.6155206071795862, -2.0413347, 0.8014506071795857, 1.3625206071795866, -0.0, 2.471130607179586, 0.011720399999999742, 1.0628706071795868, 2.4710006071795863, -2.9894747, -2.9822547, -0.5573757000000001, 2.964890607179586, 2.958220607179586, 1.0680106071795858, 0.802570607179586, -0.5579557000000004, -1.9946347000000002, 0.015662499999999913, -0.4171697000000001], "kappa": [7.37561, 3.28907, 72.4798, 34.9294, 8.87137, 65.474, 86.5849, 54.8953, 69.5248, 3.98292, 15.3337, 16.778, 4.04365, 137.758, 45.4882, 69.1442, 25.5749, 5.32303, 28.1667, 5.49968, 41.3083, 11.5093, 11.4785, 11.727, 35.4072, 4.06351, 20.3891, 1.14252, 12.7692], "beta": 1.00733}