{"theta": [-1.280204273705289, 1.9419297300422045, -0.940891133303507, 1.8184119877683536, 0.38546698317217754, -1.5482462623708158, -2.4820021837889543, -2.7742730588529536, 1.0888281406992553, 1.243000394197522, 1.4626200193935919, 1.8087660546709712, -2.6617060794763305, -1.1455465965311886, 1.514393913888437, -1.0776025393438475, -0.18758145050334907, -2.003797532579155, -1.1089545493349307, -0.2833329782724672, 0.18617401951910573, -1.3004274157417277, -1.4013064739751477, 1.1193687642619112, -1.6747283761111225, 1.1137283347171385, -0.4251674570616557, -0.7058135459189301, -1.0339219766896837, 0.08307705720900582, 3.0642536441871373, 0.19424072343329168, 1.1337138145690409, -0.6840206445593826, -2.4092484788668456, 1.3020376391937685, -0.5427660854375911, -0.27625260685593744, -1.0558733579582715, -2.5527624137262657, -0.26567383412774337, 1.9213535110148525, -1.9257384185251487, -0.21973246906419241, -1.9420224871600993, -2.6648140924296686, -2.9406079300543966, -2.183686183879559, -1.5262358612095799, -2.705704415689672, 2.684110419628211, 0.2929592961494776, 2.936107593316895, 2.4963630707639313, -0.6845516701844478, -0.7617122480856451, 0.9523700439235805, 2.238562979550922, -0.35781846471541456, 0.20610172534898386, -2.1179502111385506, 0.3465714896562888, -2.3449780776348828, 2.800636992286732, 3.0323429429532496, -1.2475507604805833, 1.6941074178644513, -1.181552866916583, 3.0044653010100886, -1.3742698841887488, 1.0920825694739973, -0.42050985505498906, -0.5989231904024122, 0.509054192128843, 0.5754212264465215, -2.7760167713192128, -0.4973785106320423, 1.2233927803696139, -3.005234701251549, 1.2204200180589009, -1.5112003935425642, 0.11709855482897336, 0.2985512047864076, -0.8551990406583379, -0.6131000490559306, -2.723419274653402, -1.7020595461944994, -3.135259557234529, -1.9159151801424714, -2.4256653968452064, -0.45728057561945645, 1.6361285496636766, 1.3749569116780327, 0.7391708995992263, -1.4738530145708955, 1.0982267704378934, -1.9525601714769518, 1.4090674270467103, 0.7382049332964873, 0.664658785546254], "kappa": [8.74896465376927, 6.7159797567779, 7.181479317158953, 7.419666496688061, 5.106927474633933, 4.189711294217281, 6.975727622354613, 4.754016241713899, 7.116127248253075, 4.191617928744016, 5.752523558844866, 6.832800256616453, 7.642835733294974, 8.302648438819238, 5.936175326165897, 4.7386493293018725, 4.8981972484945775, 4.261127050528652, 8.4421669807851, 4.1170932258490796, 5.231386702387006, 5.849569781464629, 5.823852023550986, 9.4416849394369, 5.745200158257645, 5.986694648925063, 9.886005053366427, 5.0166049619090725, 7.061866053960772, 8.011839859015236, 8.625014968224264, 4.231073543939529, 6.402788790974148, 5.4622421728371275, 5.829783449019193, 5.579109266514479, 4.606300584946236, 5.981955963247607, 7.309637268698495, 5.338541433817295, 9.01435850780954, 4.362361959968103, 6.70570837405913, 6.790180759525791, 6.03807628158155, 4.4980285358322405, 6.234045605394954, 4.268793006521513, 6.189530802736492, 8.626204690196763, 5.211086936599654, 4.951319119013438, 4.409348093641723, 8.996767964589084, 5.234306328576624, 4.674643781316761, 4.3844761970611055, 7.284975677356162, 4.595048221809401, 6.412492321480051, 4.202369851773213, 4.103424201228558, 5.64078418695263, 6.907701955646843, 4.138928076376372, 5.783067931569236, 4.117541697916019, 4.380051814209845, 5.416827788554542, 8.778350847320949, 6.479266523154056, 6.7143272527297855, 7.657353924533313, 6.748997987008686, 4.456555477465632, 4.307212679753239, 4.311597810306041, 4.412971324086681, 4.714986316573904, 4.274090289618331, 4.483545125551678, 5.34733930152159, 6.018201673251311, 4.772902207245814, 7.709571229783988, 4.825614479486239, 4.068603318113173, 4.839225789538336, 9.426312337688723, 4.33007745928139, 8.087803264285117, 4.794691517777019, 4.061793094575331, 6.604951647442259, 5.285909460635555, 4.673470952436054, 6.146042048679432, 5.694102518350206, 4.608187383637727, 6.64858971274144], "beta": 2.5}