{"theta": [0.0, -3.0610513034320928, 0.33931314040178195, 3.0986162614736426, 1.6656712568774665, -0.26804198866552675, -1.2017979100836653, -1.4940687851476646, 2.3690324144045443, 2.523204667902811, 2.742824293098881, 3.08897032837626, -1.3815018057710415, 0.13465767717410038, 2.794598187593726, 0.20260173436144147, 1.09262282320194, -0.723593258873866, 0.17124972437035835, 0.9968712954328218, 1.4663782932243947, -0.020223142036438713, -0.12110220026985874, 2.3995730379672002, -0.39452410240583347, 2.3939326084224275, 0.8550368166436333, 0.5743907277863589, 0.24628229701560533, 1.3632813309142948], "kappa": [5.840283476220323, 7.0758916502097975, 5.126245384813426, 4.255695308753748, 7.392537482987889, 5.223588661359451, 5.423426105160791, 4.893913978868506, 4.201725279573752, 5.431838820861655, 9.076688879901784, 4.454103306689502, 5.468833039312292, 4.4469637909362625, 4.160985455971298, 4.065552336990008, 4.344889632201127, 4.640796010985341, 4.146410983478112, 5.940618286184664, 5.1258896399842415, 5.074972427147048, 6.77649251754783, 5.359847606799394, 5.852070564363922, 4.371957445113285, 5.997322112404203, 4.280548620370396, 4.78586054686523, 8.333795786499108], "beta": 4.510292610863194}