{"theta": [0.0, -2.8848599999999998, 0.47238000000000024, -2.8842600000000003, 1.7308113071795859, -0.17755999999999972, -1.24009, -1.3523300000000003, 2.725765307179586, 2.9331653071795865, -3.08896, -2.86858, -1.31365, 0.1824899999999996, -3.01345, 0.21189999999999998, 1.2327199999999996, -0.4781399999999998, 0.10951000000000022, 1.0958800000000002, 1.6219546071795863, 0.03434999999999988, -0.08230000000000004, 2.7098453071795863, -0.35740000000000016, 2.641845307179586, 0.9957199999999995, 0.7382400000000002, 0.17896, 1.548512807179586, -1.7620900000000002, 1.5449648071795856, 2.720265307179586, 0.7455100000000003, -1.1659700000000002, 3.016275307179586, 0.92978, 1.1329899999999995, 0.22740000000000027, -1.5093300000000003, 1.1952699999999998, -2.89113, -0.46597000000000044, 1.2436800000000003, -0.47726000000000024, -1.3259000000000003, -1.6777100000000003, -1.21672, -0.2355900000000002, -1.34437, -1.85588, 1.706996307179586, -1.7508400000000002, -2.3737500000000002, 0.6948499999999997, 0.7443299999999997, 2.727935307179586, -2.4038500000000003, 1.0752699999999997, 1.6976673071795858, -0.9215400000000002, 1.7301423071795856, -1.2014200000000002, -1.8156500000000002, -1.7482600000000001, 0.061670000000000336, -3.066, 0.2558699999999998, -1.74458, 0.031150000000000233, 2.767635307179586, 1.04671, 0.8700599999999996, 2.104458307179586, 1.994156307179586, -1.3643100000000001, 0.93499, 2.986925307179586, -1.6798899999999999, 2.936085307179586, -0.20591999999999988, 1.559255907179586, 1.7280963071795856, 0.54148, 0.8281200000000002, -1.32382, -0.2906399999999998, -1.15651, -0.47750999999999966, -1.18819, 0.9575699999999996, -3.0140700000000002, 2.986905307179586, 2.267634307179586, -0.07739000000000029, 2.680385307179586, -0.5023100000000005, -2.9809900000000003, 2.2718443071795864, 2.1922403071795866], "kappa": [12.9136, 1.93884, 8.00494, 3.26201, 3.45126, 4.36093, 4.82039, 3.1251, 9.52482, 7.21446, 6.96009, 4.43039, 6.47479, 8.14866, 2.76114, 5.17469, 4.59139, 0.287867, 8.57474, 5.17878, 6.9967, 3.86856, 5.7505, 9.94446, 6.53136, 7.30585, 10.4673, 4.63663, 8.06335, 5.08822, 9.90287, 6.25863, 8.22645, 4.6473, 3.91771, 7.87217, 5.71749, 8.28314, 11.8952, 7.66751, 8.99648, 2.26344, 3.66906, 7.58891, 2.37409, 1.34338, 3.42768, 1.66692, 6.27529, 7.72863, 5.35133, 5.42342, 3.28284, 6.30111, 4.67686, 3.76405, 1.78346, 6.37401, 4.96325, 7.73309, 6.15222, 0.388379, 3.40725, 4.07878, 1.61079, 3.72123, 3.4635, 6.95074, 3.27328, 10.5112, 9.91505, 6.85435, 7.35131, 8.90666, 5.645, 1.52697, 1.60346, 6.51492, 2.1425, 8.52846, 5.25958, 8.34549, 3.4592, 5.28377, 8.25465, 2.64756, 3.34347, 2.07843, 9.32088, 2.81408, 7.4843, 3.91675, 0.140436, 7.03708, 5.66738, 4.92023, 8.87621, 7.74872, 6.99624, 8.43737], "beta": 2.02364}