{"theta": [0.8134199999999998, 3.125575307179586, 1.4995700000000003, -1.6343299999999998, -1.62953, 1.6669451071795862, -1.6097299999999999, -0.3117200000000002, 2.139369307179587, -1.47104, 1.6040492771795858, 0.0, 3.0272353071795863, 0.014390000000000569, 0.0957100000000004, 0.8130300000000004, 2.8472053071795864, 2.7252053071795865, 2.7423853071795863, -2.9788099999999997, -2.9990099999999997, 0.8852700000000002, 2.259159307179587, 1.1404700000000005, 1.40951, -3.13896, -0.40327, -1.45926, 0.22951999999999995, -1.45593], "kappa": [10.4096, 3.71919, 6.85718, 5.19039, 5.50171, 9.94116, 3.57437, 6.09432, 13.8004, 10.2084, 4.26907, 16.0116, 3.69875, 5.08912, 3.74595, 10.3556, 7.13984, 5.06929, 4.84253, 3.02095, 5.22268, 10.2568, 3.75126, 6.70058, 7.90006, 7.17526, 3.82929, 2.30867, 8.83483, 5.3277], "beta": 1.93402}