{"theta": [0.7905100000000003, 3.094295307179586, 1.52794, -1.65233, -1.65463, 1.670255707179586, -1.6405700000000003, -0.33902000000000054, 2.138034307179586, -1.5173300000000003, 1.6309922071795864, 0.0, 2.997325307179586, 0.016919999999999824, 0.10055999999999976, 0.8153100000000002, 2.802945307179586, 2.7071453071795863, 2.718935307179586, -3.00231, -3.03477, 0.8722399999999997, 2.244989307179586, 1.12852, 1.4717799999999999, 3.1144753071795863, -0.42372999999999994, -1.5057900000000002, 0.20054999999999978, -1.49321], "kappa": [10.4664, 3.53113, 6.9887, 5.06043, 5.46583, 9.77251, 3.38201, 6.08259, 13.3122, 10.1726, 4.3668, 16.2327, 3.74617, 4.98554, 3.42358, 10.3954, 7.06737, 5.01709, 4.8658, 3.03006, 5.1945, 10.2879, 3.74806, 6.76932, 8.17413, 6.95022, 3.80737, 2.09797, 8.90839, 5.19639], "beta": 1.93402}