{"theta": [-0.7460659999999999, -0.764856, -1.5246659999999999, -1.5546159999999998, -1.5147559999999998, -1.1600359999999998, -0.9655859999999998, -1.5002359999999997, 0.4836793071795862, -3.1415759999999997, -0.0, 1.1311293071795863, 1.0673093071795865, 0.11513200000000001, 1.0957193071795865, 2.5307293071795867, 0.4947893071795866, 0.9304093071795867, 2.1652893071795862, 2.3570493071795866, 1.0995393071795867, 1.1294793071795866, 2.4796293071795867], "kappa": [3.91136, 4.00704, 2.95271, 2.95235, 2.96459, 3.32396, 5.0299, 7.84378, 11.4787, 15.3072, 13.4124, 15.1723, 15.175, 13.6512, 15.2202, 12.528, 11.4823, 9.30509, 2.983, 11.7826, 14.7994, 15.2049, 12.3118], "beta": 27.5472}