{"theta": [-1.5527599999999997, 2.812185307179586, -1.5497799999999997, -1.5489699999999997, -0.009869999999999823, -0.029669999999999863, 2.8107753071795862, 2.8114453071795866, -0.00796999999999981, -0.009570000000000078, -0.0, -3.07238, 1.0508559000000002, 1.0495346000000003, 2.8092853071795867, 1.0536463], "kappa": [32.4371, 31.8979, 8.73903, 23.6461, 22.3899, 31.4597, 7.00726, 16.2981, 15.3818, 15.9068, 43.9432, 18.0003, 2.48655, 10.9773, 22.8464, 22.341], "beta": 1.13444}