{"theta": [0.0, -1.247612307179586, 1.784453, -1.416762307179586, 0.18197200000000002, 2.921873, -2.4887123071795862, -2.4649123071795866, -0.5361337100000001, -0.7437123071795861, -1.016822307179586, -1.2943523071795866, -2.4625723071795864, 2.261233, -1.3802423071795866, 1.7697829999999999, 0.743053, 2.878233, 1.9514529999999999, 0.674763, 0.4951629999999998, 2.585233, -3.1068823071795864, -0.53866251, 2.850073, -0.8324023071795859, 0.862323, 1.089733, 1.9381529999999998, 0.491603], "kappa": [10.8078, 5.77966, 9.19642, 5.37737, 6.83592, 7.42221, 3.66166, 1.89461, 5.8706, 5.81412, 9.67462, 4.74789, 1.80826, 7.28008, 3.76805, 6.85845, 2.65738, 1.15048, 10.5257, 5.06228, 3.06779, 11.1227, 12.1363, 7.10338, 4.26485, 6.66204, 4.80219, 5.82977, 10.3837, 8.70628], "beta": 4.46074}