{"theta": [-2.8731353071795858, 0.9683299999999999, 1.9256200000000003, 3.1256700000000004, 2.3135600000000003, 2.3109, 2.3669200000000004, 2.25842, -1.877245307179586, -1.9505253071795856, -1.867555307179586, -2.0327153071795863, -0.4950599999999996, -0.7635100000000001, -0.9461193071795861, 1.2999900000000002, -2.500395307179586, -2.759845307179586, 1.1851200000000004, 2.0275100000000004, 1.6690900000000002, 1.97439, 0.6668200000000004, 0.4123100000000006, 2.44246, -1.152395307179586, 2.7652500000000004, 1.6950000000000003, 1.4059600000000003, -2.620735307179586, -2.461865307179586, -2.542525307179586, -2.2783053071795862, -0.15417999999999932, 0.2661800000000003, -0.26790999999999965, -0.6187499999999995, -0.6806199999999993, -0.6233599999999999, 2.75627, -1.4939923071795862, -0.0, -1.0808623071795864, -1.4465533071795864, -1.561027307179586, -0.6286499999999995, -0.6481599999999998], "kappa": [6.49005, 25.4658, 8.74194, 26.1965, 11.3665, 14.205, 21.1122, 9.76784, 17.0571, 29.6503, 15.0317, 6.33956, 6.40443, 14.2619, 6.74577, 22.6678, 8.53445, 6.7896, 12.0204, 20.1759, 12.7687, 16.0798, 7.45938, 3.9911, 25.0298, 14.7491, 24.754, 42.8813, 13.154, 8.81679, 4.14647, 6.81393, 10.5808, 27.9275, 27.5493, 23.1848, 5.57579, 3.39631, 3.4631, 16.838, 5.873, 36.5177, 23.0976, 10.322, 8.10914, 6.5591, 5.77272], "beta": 2.98114}