{"theta": [0.19311000000000011, -2.7737399999999997, -1.7073099999999997, -0.0, 1.3073340000000004, 1.5061930000000001, -1.9348800000000002, 0.1851100000000001, -1.9118999999999997, 2.0317457, -2.49032, -0.048109999999999875, 1.4837790000000002, 1.4263910000000002, -0.8914, -1.5003499999999996, 2.5876653071795865, -2.12926], "kappa": [8.1397, 8.11127, 6.21449, 19.1809, 6.06537, 4.63324, 5.34558, 8.25358, 5.21852, 15.4793, 2.21694, 2.47027, 4.47369, 15.6414, 6.38585, 5.16387, 5.84003, 9.50927], "beta": 5.33607}