{"theta": [0.8134500000000005, 3.1076153071795867, 1.48205, -1.6679399999999998, -1.6555299999999997, 1.6487552071795868, -1.6427899999999998, -0.28164999999999996, 2.125689307179586, -1.5338699999999998, 1.6303725071795867, 0.0, 3.0125453071795865, 0.04624000000000006, 0.11214000000000013, 0.8313199999999998, 2.8300053071795865, 2.7210053071795866, 2.7421053071795862, -3.00758, -3.01436, 0.8999700000000006, 2.227560307179587, 1.1173200000000003, 1.4104299999999999, 3.119945307179586, -0.3354400000000002, -1.5024399999999996, 0.2280300000000004, -1.5009299999999999], "kappa": [10.0333, 3.53774, 6.70672, 4.97508, 5.45327, 10.0716, 3.5514, 6.03796, 13.7098, 9.93448, 4.58802, 16.3483, 3.66258, 5.21783, 3.32277, 10.3674, 7.33236, 5.20353, 5.13448, 3.04801, 5.47492, 10.3008, 3.65567, 6.67601, 8.07287, 7.03039, 3.44906, 2.56034, 8.80732, 5.09336], "beta": 1.90152}