{"theta": [-0.7462000000000002, 2.1129399999999996, -1.5130400000000002, -2.6941053071795866, 0.0, 0.4866600000000001, 0.81718, 0.08282999999999996, 0.96176, -0.68622, -1.4954710000000002, -2.8748753071795865, 0.6312599999999997, 1.52202, 0.45799999999999974, -2.656535307179586, -2.7240653071795866, -2.5167253071795863, 2.1757699999999995, -0.7142000000000002, 2.10416, 0.2242099999999998, -0.50905, -0.3649800000000001, -1.478749, 1.9214299999999995, -2.5604253071795866, 1.8501999999999996, -1.555612, 2.07323], "kappa": [3.27059, 3.36614, 2.00112, 1.52236, 17.6216, 6.17708, 9.48918, 4.10789, 5.1993, 7.07357, 1.93499, 3.56629, 5.33665, 4.53853, 7.4213, 5.10209, 1.56845, 3.91262, 6.70187, 8.6574, 3.40572, 4.75214, 6.93534, 4.50012, 2.03145, 1.86512, 1.97998, 5.74394, 8.17221, 3.02863], "beta": 2.78954}