{"theta": [0.8889, 0.0, 2.8772900000000003, 0.26564999999999994, -1.7485799999999998, -1.7493199999999998, -2.6638789999999997, 2.9936300000000005, -1.97606, 1.6152199999999999, -2.0291669999999997, 1.15564, -0.38287000000000004, 2.83612, -0.3543599999999998, 0.52257, -2.00616, 0.4055500000000003, 2.83838, 1.6166200000000002, 2.81309, -0.39453999999999967, 1.4105699999999999, -2.726181, 0.6036600000000001, -0.8808699999999998, 2.8903300000000005, 3.0152799999999997, 1.8615399999999998, -1.66458], "kappa": [5.37695, 16.9581, 14.2279, 2.93105, 0.38531, 4.84823, 5.38961, 1.83897, 2.55801, 7.76177, 4.02891, 6.64594, 2.2047, 1.19827, 10.7729, 4.66071, 3.7773, 5.81053, 3.14684, 2.69446, 3.07438, 3.93219, 5.39357, 6.66486, 5.87927, 11.5132, 8.7456, 7.26816, 10.4321, 4.12216], "beta": 2.1191}