{"theta": [-3.1354653071795866, 2.15664, 0.0, 2.13365, -1.328985307179586, -1.4729753071795866, -0.8848260000000003, -0.24282100000000018, -1.7894453071795864, 1.2468799999999995, -1.7977453071795866, 1.6244799999999997, 2.6660799999999996, 0.02424999999999944, 2.6321499999999998, 2.4054299999999995, -1.8335453071795866, 2.3451199999999996, 0.019519999999999982, 1.2339499999999997, 0.03208999999999973, 2.6710399999999996, 1.3226199999999997, -1.1091453071795865, -3.0495953071795867, -2.858245307179587, 0.0015699999999996272, -0.28500800000000037, 0.8456799999999998, -2.0340953071795864], "kappa": [7.70426, 11.3744, 15.5566, 3.09973, 3.0554, 6.27979, 5.62056, 2.37499, 2.60363, 7.48842, 4.25356, 7.00327, 1.12157, 1.58437, 6.545, 4.84649, 3.88136, 5.90541, 3.14427, 2.39569, 4.84266, 3.33067, 6.16018, 7.96643, 5.76943, 8.98112, 11.8251, 8.0245, 11.8709, 3.96061], "beta": 2.05031}