{"theta": [-0.24329999999999985, 1.81171, 0.36373999999999995, 1.76331, -2.578565307179586, -3.0571053071795857, 2.5844199999999997, -2.689295307179586, -0.7458060000000002, 0.51044, 1.0221500000000001, 2.1223599999999996, -1.9812753071795859, 0.3426499999999999, 1.8083599999999997, -0.7302860000000002, 2.7182500000000003, -0.8043509999999998, -3.129755307179586, -3.010385307179586, -3.017145307179586, -0.7280789999999999, -0.7682499999999999, -0.5548420000000001, -1.4149353071795865, 0.66371, 0.48550000000000004, 1.98775, 2.00075, 0.0], "kappa": [4.93601, 2.08021, 7.84159, 6.19225, 2.53696, 3.60037, 3.27462, 7.88229, 8.16755, 5.03279, 7.49355, 8.94902, 15.6076, 6.55403, 4.55949, 8.28019, 5.70431, 10.3891, 8.07659, 5.11713, 5.0333, 4.99971, 3.78405, 8.26778, 13.1547, 11.1401, 6.39064, 2.94162, 7.94007, 16.9649], "beta": 2.17437}