{"theta": [0.8554399999999998, -1.9409200000000002, 1.7992299999999997, 3.141485307179586, 0.0, -0.6353800000000001, -0.7945800000000003, -0.04208999999999996, -0.7097700000000002, 0.7078699999999998, 1.7466499999999998, 2.806744307179586, -0.5681700000000003, -1.4022300000000003, -0.39349000000000034, 3.021625307179586, 3.137345307179586, 3.021265307179586, -1.8863700000000003, 0.73299, -1.9871700000000003, -0.15022000000000002, 0.6060799999999995, 0.47787999999999986, 1.7975599999999998, -2.0213500000000004, 3.018375307179586, -1.8461200000000004, 1.65069, -2.0017000000000005], "kappa": [4.47541, 2.59894, 0.208889, 0.497834, 20.3295, 8.04582, 8.61141, 3.41133, 5.44011, 7.07545, 3.85982, 3.81661, 4.82384, 4.37408, 7.67307, 4.57931, 1.959, 2.88575, 5.66312, 9.03671, 3.77432, 6.30977, 6.90338, 4.29559, 2.45736, 1.64976, 0.940065, 5.89224, 10.694, 2.55416], "beta": 2.0691}