{"theta": [2.47648, -0.8994, 2.25535, -0.3751899999999999, -0.8785100000000003, -0.3590099999999996, -2.24359, -1.7080099999999998, -2.2730699999999997, 0.6381399999999999, -2.0295699999999997, 0.12304000000000004, -0.3734599999999997, 2.829294, 0.74593, 2.7600100000000003, 2.840309, -1.8886000000000003, -2.31822, -0.0, -0.28932, 2.21341, 0.7310699999999999, 2.29436, 0.38164, -1.88936, -2.2355599999999995, 1.1150100000000003, 2.3776900000000003, 0.04868000000000006], "kappa": [2.58129, 3.83199, 2.03826, 8.37631, 2.49113, 4.24173, 6.07859, 6.29281, 1.6825, 3.80614, 4.95366, 10.6053, 3.72551, 1.18853, 13.5168, 9.55894, 4.55605, 0.290664, 6.51836, 10.5392, 5.10011, 3.77158, 5.40693, 7.25339, 1.88836, 3.29034, 4.66485, 8.5534, 5.92683, 1.08091], "beta": 2.39453}