{"theta": [0.12561999999999962, 1.6778573071795861, -0.62955, -1.8833500000000005, -3.10076, 2.435395307179586, 2.4787253071795856, 1.8222453071795854, -1.4924400000000002, 0.5058400000000001, -2.1933700000000003, -1.6443000000000003, -2.64766, -2.18264, -1.8660900000000002, 2.485355307179586, 1.8308063071795857, 2.2662653071795855, 1.1631283071795853, 0.13812999999999942, 0.10232999999999937, 1.8708803071795863, 0.9381199999999996, -3.0185500000000003, 0.84544, -0.6128100000000005, -0.6025499999999999, -1.6035000000000004, 3.068415307179586, 0.0], "kappa": [3.58558, 4.45436, 4.63233, 4.9306, 4.13497, 2.32213, 6.72869, 3.73432, 5.76729, 8.59851, 3.3246, 4.95271, 5.25854, 5.36505, 11.2807, 18.7298, 4.87604, 11.0022, 10.0727, 7.87082, 1.89883, 6.6448, 2.87346, 4.48766, 6.5023, 0.814386, 6.07804, 7.84463, 5.57975, 22.6943], "beta": 2.61949}