{"theta": [2.316645307179586, 2.056165307179586, 0.5477753071795863, -1.02413, -0.5082900000000001, 2.7508753071795864, -1.09888, -2.42983, 1.1476853071795858, -0.5082900000000001, -3.1354, 1.7433453071795864, -0.51132, 0.5673653071795863, -3.00197, 1.2335853071795864, 1.190025307179586, -1.1410500000000001, -2.38258, -0.0506120000000001, 3.094175307179586, 1.897705307179586, -3.11584, 1.1950353071795865, -2.46516, -0.4819140000000002, 2.3293253071795865, -1.1405800000000001, -2.39629, -0.0], "kappa": [5.12254, 5.64523, 10.5822, 3.60193, 4.46285, 8.16531, 3.41902, 5.66062, 9.28266, 1.64401, 4.55593, 3.56858, 5.74554, 3.55686, 7.71624, 10.5006, 3.77981, 1.36566, 7.26829, 6.21802, 4.77908, 4.31295, 4.69897, 1.57604, 7.19154, 5.89329, 1.96952, 0.21413, 1.89138, 12.3703], "beta": 2.04359}