{"theta": [2.2547499999999996, -1.527663, 2.11085, -0.5000400000000003, -1.5255830000000001, -0.63832, -2.435136, -2.020733, -2.4687569000000003, 0.23790999999999984, -2.276675, 0.0, -0.46774000000000004, 2.8327, 0.05982999999999983, 2.34717, 2.8941600000000003, -2.181554, -2.619905307179586, 0.70167, -0.3659699999999999, 2.08021, 0.25627999999999984, 2.12639, 0.03114999999999979, -2.1774620000000002, -2.405724, 0.2638699999999998, 2.15449, 0.66933], "kappa": [2.10393, 4.27028, 1.38059, 9.69422, 0.56813, 4.03949, 5.6111, 6.48497, 2.2986, 3.13233, 4.52935, 13.3113, 5.96343, 2.67126, 11.0786, 9.68855, 5.79766, 0.317696, 6.09275, 14.1908, 4.36922, 4.42059, 3.22665, 7.38201, 0.713151, 3.08178, 3.19223, 7.42979, 5.82196, 2.00933], "beta": 2.08752}