{"theta": [0.9872783071795865, 2.3329383071795857, -2.9255370000000003, -2.5554170000000003, -0.4078970000000002, -2.693257, 1.2587483071795855, -0.5452970000000001, 1.3311483071795855, -0.896727, 2.5695183071795857, -0.097947, 1.2594283071795864, -2.526237, 1.785948307179586, -1.4123870000000003, -2.698897, -0.0, 2.303348307179586, 2.158978307179586, -3.036477, -1.279337, -0.08635700000000002, 0.7122820000000001, 1.7115383071795858, -1.0974470000000003, 1.9343083071795864, 1.6405783071795863, -1.2688170000000003, -0.4728570000000001], "kappa": [9.67445, 2.81263, 2.08524, 2.73298, 10.5577, 5.88924, 2.29246, 4.60247, 3.45754, 3.49335, 5.40309, 6.481, 2.33835, 1.65183, 2.25619, 4.02458, 4.70831, 17.1292, 5.29629, 3.75769, 5.47625, 0.735084, 2.46511, 2.72174, 3.48333, 5.8134, 4.8556, 4.31814, 5.50566, 4.65431], "beta": 3.92324}