{"theta": [-0.4919399999999996, -1.556326307179586, 2.80858, 2.48891, -2.480545307179586, -0.11154999999999937, 2.6723500000000002, 2.84066, 0.55436, -0.5398499999999995, 0.9577900000000001, -1.391733307179586, -2.702115307179586, 2.83224, 2.8426400000000003, -0.6366199999999997, -2.246305307179586, -2.604255307179586, 0.38032999999999983, 0.5750299999999999, 2.37644, 0.6238200000000003, 1.02942, -2.989045307179586, -1.4658313071795863, 2.41305, -2.5197653071795862, 0.17893000000000026, -0.05643999999999938, -0.0], "kappa": [9.25655, 5.70863, 3.97099, 13.0432, 7.27537, 6.02082, 4.09492, 4.2849, 7.74523, 4.64063, 2.37315, 4.24661, 4.64981, 0.864737, 8.52427, 10.8102, 5.85643, 7.0586, 5.84572, 4.78244, 9.60468, 11.4055, 5.03494, 7.99734, 4.28628, 1.33469, 4.78595, 3.61879, 4.86225, 11.4433], "beta": 3.30884}