{"theta": [-0.2075499999999999, 3.047571, -0.5678343071795862, -0.3072820000000003, -0.10547500000000021, 1.248751, 2.192271, -0.9629443071795869, 1.190871, 2.581661, -0.9795943071795872, 0.5048809999999997, -2.8350843071795864, 0.5290209999999997, 2.250381, -1.7674743071795866, -1.7601843071795855, 0.16519499999999976, -1.7546943071795855, -3.0474743071795865, 0.558541, 3.103371, 0.0, -2.9729643071795864, -2.775034307179586, -0.9718043071795854, 2.311411, -2.9727143071795865, 2.6747009999999998, 1.168721], "kappa": [4.71557, 1.95221, 9.2542, 5.88542, 5.82164, 4.25107, 15.1472, 3.73097, 6.66598, 9.74464, 3.76361, 12.1752, 5.04395, 6.17589, 4.01101, 1.55408, 3.50016, 7.65329, 11.0284, 3.35993, 3.56176, 4.39968, 20.897, 2.60305, 4.30498, 2.56521, 3.97179, 9.54199, 7.22608, 8.24561], "beta": 1.97878}