{"theta": [-2.4438983071795857, -0.09831599999999963, 2.154767, -2.3347083071795858, -2.0367883071795863, 0.0, -0.4093583071795859, -0.9919483071795865, -1.105348307179586, 0.4215970000000002, -1.0899983071795862, 1.6143570000000003, -0.09761699999999962, 0.3492930000000003, 0.8132770000000002, -2.3492183071795862, 2.3654070000000003, -1.088738307179586, 2.463867, 2.294797, -2.356868307179586, 1.636597, 2.131987, 1.6107970000000003, 1.627107, 0.317596, -2.0085383071795864, -2.912588307179586, -0.7442283071795863, -2.0186683071795857], "kappa": [6.40697, 2.65544, 10.0252, 6.22755, 5.63061, 21.2146, 7.58804, 4.14719, 2.52508, 12.5546, 6.53215, 4.73097, 6.54614, 5.24665, 6.58617, 0.72834, 10.591, 4.94585, 6.50644, 3.80147, 3.63092, 4.81908, 5.36557, 8.19253, 4.45758, 6.90992, 5.7716, 6.99532, 10.9017, 4.08815], "beta": 1.59881}