{"theta": [-1.79596, 1.7238300000000004, -2.12624, -0.7533599999999998, -0.8559100000000002, 2.655935307179586, -2.8459, -1.79794, -2.84633, -2.68727, 0.0042999999999997485, 1.9982699999999998, 0.0, -2.33871, 2.1271000000000004, -2.33792, 1.72295, 2.1272400000000005, -0.11351999999999984, 2.0102599999999997, -0.8482400000000001, 1.5150800000000002, 2.0115100000000004, -0.8631899999999999, 0.005700000000000038, -0.08314999999999984, -2.84428, -1.1588599999999998, 0.011490000000000222, -2.68688], "kappa": [13.1563, 5.39737, 16.7824, 7.49589, 11.4612, 35.5984, 0.446595, 3.78261, 6.00593, 9.11762, 4.20944, 15.0249, 31.6203, 3.09347, 2.83604, 6.71298, 1.80064, 6.63661, 19.0752, 1.99663, 23.2811, 14.0033, 3.61383, 2.07558, 2.09768, 4.08201, 16.9086, 15.4563, 6.42154, 4.76402], "beta": 1.1926}