{"theta": [-0.5596800000000002, -2.0872500000000005, 0.0, -0.5578200000000004, 1.9168553071795857, 2.8622153071795857, 2.866605307179586, -0.04580000000000073, -2.3538700000000006, -2.1011100000000003, 0.12202999999999964, -1.9091800000000005, -2.0971400000000004, 2.2077553071795855, -1.8656300000000003, 0.912447307179586, -0.5497300000000003, 2.778405307179586, -1.9094500000000005, -0.5615300000000003, 1.914035307179586, -2.3549900000000004, 1.8899353071795861, 0.26687999999999956, 1.9881153071795854, 2.674945307179586, 1.0976773071795858, 2.036105307179586, 0.19557999999999964, 1.093885307179586], "kappa": [18.9915, 3.45398, 44.6465, 3.38781, 2.93344, 2.33642, 0.382922, 27.2085, 0.311982, 3.39799, 7.68145, 6.7522, 2.03669, 20.8017, 7.02037, 15.4205, 12.7996, 13.6537, 0.076064, 5.29668, 1.04552, 3.61782, 12.9336, 12.3188, 3.76853, 35.3049, 10.1785, 15.4354, 7.44505, 6.49773], "beta": 1.46118}