{"theta": [2.082057207179586, -1.0050581000000003, 1.6725972071795852, -3.0013181, 2.625037207179586, -0.0, 0.8181072071795867, 2.092577207179586, 0.8181572071795866, 0.9976672071795853, -2.5949081, -0.8519481, -2.4080881, 1.6759972071795861, -0.7704971, 1.195517207179586, -1.0053081000000001, -0.7701061, -2.6732181, -0.7700161000000003, 2.665097207179586, -1.6103281000000003, -0.8262871, 2.629577207179586, -2.4206481, -2.4169681, 0.7939672071795858, 1.6863972071795867, -2.6100581000000003, 1.0007672071795852], "kappa": [16.8781, 2.78704, 12.6632, 6.30675, 11.1828, 38.4071, 0.522174, 3.347, 5.1666, 7.88151, 5.45689, 12.5631, 23.0114, 2.28174, 1.30774, 7.26271, 1.4579, 6.42869, 16.4804, 2.56849, 16.9759, 11.0818, 3.92074, 2.59491, 3.54027, 3.57787, 24.2393, 10.4019, 3.72055, 4.0655], "beta": 1.27173}