{"theta": [2.6184155000000002, 1.5915455, 0.0, -2.719279807179586, -1.365009807179586, -0.776749807179586, -1.8130498071795857, -2.718549807179586, -2.904419807179586, 2.3037455000000002, 2.6250755, 1.6051655, -1.8034298071795858, 0.25774750000000024, -0.45775980717958653, 1.5820355000000001, 2.6349655000000003, 2.2651155000000003, -1.4411798071795863, -1.5036698071795858, 1.3489255, -1.1912998071795862, -2.6989698071795862, 1.6062055000000002, 0.31134850000000025, 0.35759750000000023, -0.8237198071795859, -0.4549398071795858, -1.4468298071795864, 0.3101655000000001], "kappa": [5.91899, 6.92634, 38.7255, 3.81987, 11.8483, 4.34839, 5.83866, 3.84317, 7.06235, 6.41522, 7.67199, 2.71442, 9.34403, 3.81345, 3.09009, 13.4708, 2.61469, 3.57514, 4.38068, 4.76779, 5.80452, 2.04459, 3.96878, 0.924433, 4.77045, 4.04902, 5.7154, 6.23788, 8.25543, 2.86857], "beta": 1.55974}