{"theta": [-0.56582, 1.70016, -0.13436000000000003, 1.75841, -2.781465307179586, 2.8923900000000002, 2.16708, -2.9586553071795865, -1.4311349999999998, 0.41930999999999985, 1.0480399999999999, 2.1583799999999997, -2.260645307179587, 0.27796999999999983, 1.9816500000000001, -1.2597230000000001, -2.3076553071795867, -1.1821389999999998, 2.94103, 3.0873000000000004, 3.00111, -1.438872, -1.5809039999999999, -1.0399980000000002, -1.9739453071795854, 0.3677199999999998, 0.33503000000000016, 1.67204, 1.9386, 0.0], "kappa": [6.51515, 2.53031, 10.3068, 6.74366, 2.89259, 4.20841, 0.681464, 6.52824, 8.70056, 5.91826, 9.72846, 7.55709, 11.3738, 7.40626, 5.49085, 6.51369, 4.08251, 8.9684, 7.99416, 5.21875, 5.29326, 4.98985, 3.61882, 9.08982, 10.1379, 13.8707, 7.43475, 4.64252, 7.49942, 18.4769], "beta": 2.74182}