{"theta": [0.8088199999999999, -2.5883, 1.2653699999999999, -1.0002400000000002, -0.0, 2.41147, 2.43772, 1.79783, 2.486703, 0.6431300000000002, 1.29439, -0.8329499999999999, 2.34791, -2.9703803071795862, 2.16238, -0.8710599999999995, -1.0020799999999999, 1.0446400000000002, -2.4090000000000003, 0.5941000000000001, -2.60709, 1.78478, 0.48774000000000006, 0.38961000000000023, 1.2572900000000002, -2.63268, -0.8699600000000003, -2.5627099999999996, 1.04196, -2.6348499999999997], "kappa": [3.97168, 1.48941, 1.83299, 2.26555, 27.0742, 8.90693, 10.3836, 4.9448, 6.16179, 7.2947, 2.93372, 2.66116, 5.54803, 4.53745, 8.24655, 2.68947, 0.593076, 0.535343, 6.56112, 9.5067, 3.23158, 6.95392, 8.18789, 5.40727, 1.91607, 1.36157, 0.244593, 5.27584, 6.32839, 2.47991], "beta": 2.11604}