{"theta": [2.7202553071795865, -0.7211600000000002, 2.537905307179586, -0.18006999999999973, -0.7023099999999998, -0.08997999999999973, -2.14399, -1.5540599999999998, -2.12975, 0.54678, -1.8028499999999998, 1.0424100000000003, -0.10597999999999974, 3.0918453071795864, 1.0707500000000003, 3.049095307179586, 3.1039553071795862, -1.69815, -2.17035, 0.0, -0.08615999999999957, 2.505645307179586, 0.6966700000000001, 2.5203853071795863, 1.0563000000000002, -1.7012, -2.0970999999999997, 0.7904499999999999, 2.6326053071795865, 0.20999000000000034], "kappa": [2.57637, 3.55366, 1.87203, 6.88022, 2.36753, 3.54567, 4.93515, 6.69374, 1.52653, 4.61916, 4.3111, 13.5058, 3.63809, 1.12592, 11.7845, 9.62188, 6.0344, 0.318297, 6.4962, 12.4927, 5.05429, 4.63509, 4.72417, 5.88439, 0.647387, 3.52611, 4.79559, 9.25423, 5.53908, 2.04416], "beta": 2.26436}