{"theta": [-0.09020899999999976, 3.097995, -0.6962303071795857, -0.08496999999999977, -0.08679399999999982, 1.2064650000000001, 2.2744950000000004, -1.0554603071795858, 1.2165450000000002, 1.970275, -1.057780307179586, 0.5063950000000004, -2.8540503071795857, 0.5106150000000005, 2.2374750000000003, -1.625160307179586, -1.6024103071795857, 0.2494360000000002, -1.9040503071795865, -3.002080307179586, 0.5138150000000001, 3.121675, 0.0, -2.986900307179586, -2.8054403071795857, -1.058860307179586, 2.2258150000000003, -2.977900307179586, 2.267125, 1.1712950000000002], "kappa": [3.98169, 2.01966, 10.5932, 4.09813, 5.6615, 3.82128, 19.3841, 3.99319, 8.59479, 13.2961, 4.10491, 11.1391, 5.45679, 7.67236, 2.70928, 2.3531, 2.46544, 7.97059, 12.2868, 3.02163, 3.06947, 5.04334, 24.2935, 1.92019, 4.24241, 2.45385, 2.55917, 11.1874, 8.23955, 8.58487], "beta": 1.64788}