{"theta": [2.1237987, 0.9534087000000002, -2.770196607179586, 2.7649387, -1.769986607179586, 2.0833087000000003, 0.11784170000000005, 1.0659287000000002, 2.3729287, -0.3418766071795858, -2.961236607179586, -0.7036766071795864, -0.5213966071795859, -2.747026607179586, 2.4770287, -0.8411866071795862, 2.8739987, -0.7183566071795857, -1.756026607179586, 0.2304107000000002, -1.7577566071795863, 2.0144587, 1.1004587000000001, -0.4217766071795861, 0.0, -0.1097066071795858, -2.593656607179586, 0.9100807, -2.577546607179586, 0.7557637000000001], "kappa": [3.7772, 9.62841, 4.75021, 9.70691, 5.39958, 2.89417, 6.05963, 4.91463, 4.01214, 9.91589, 5.22014, 4.44887, 5.10672, 6.27347, 7.42477, 5.08196, 13.6464, 6.89094, 1.76133, 10.9692, 11.7159, 11.1267, 14.4027, 4.28879, 16.5954, 4.6329, 6.88652, 4.42175, 14.1132, 4.63591], "beta": 2.44022}