{"theta": [2.17095, 2.12973, -1.0876600000000005, 2.21622, 3.1056869999999996, -3.1213263071795865, -0.02662000000000031, -0.025390000000000246, -0.9951600000000003, 0.28705999999999987, 0.23588999999999993, -3.0640312071795863, -0.25987000000000027, 0.26225999999999994, -2.14682, -2.18093, -2.14163, -1.7061000000000002, -2.5766800000000005, -2.9690900000000005, 2.6986969999999997, -1.02114, 1.0461999999999998, -1.8386700000000005, 2.380013, -0.03923000000000032, -2.14086, -0.0, 1.03816, 2.1524599999999996], "kappa": [5.35143, 2.78049, 15.6786, 3.06475, 2.2105, 4.33421, 3.97425, 2.33833, 3.19439, 3.93709, 4.87404, 3.36067, 4.98138, 5.04024, 3.27976, 3.02058, 0.514194, 2.49887, 9.01232, 13.3914, 15.308, 6.6951, 4.60367, 8.30083, 12.6408, 1.02058, 4.40534, 21.2708, 2.84148, 1.4606], "beta": 1.92463}