{"theta": [-1.0373003071795868, -2.3322653071795867, 3.0777499999999995, 2.8221099999999995, 0.6161399999999997, 2.8084999999999996, -1.1613823071795863, 0.7255199999999995, -1.2291953071795865, 0.9977399999999994, -2.4397053071795867, -0.23525000000000063, -1.1659883071795871, 2.7391399999999995, -1.6753553071795864, 1.4957099999999999, 3.0760799999999997, -0.0, -2.212475307179586, -1.990115307179586, -2.9193753071795867, 1.3594499999999998, 0.02895000000000003, -0.8257863071795866, -1.5865853071795861, 1.2205499999999994, -1.8864353071795863, -1.496685307179586, 1.3370599999999992, 0.33244000000000007], "kappa": [6.713, 1.9501, 4.34007, 4.08576, 10.5797, 7.16273, 2.11862, 3.65862, 3.1097, 3.45696, 4.97428, 6.35613, 2.1305, 1.80018, 2.77478, 3.72678, 4.3094, 15.5918, 5.22683, 3.65231, 5.028, 0.603194, 4.55518, 2.89326, 3.69789, 6.03413, 5.26522, 4.40864, 5.48951, 6.98401], "beta": 4.92166}