{"theta": [-0.9757699999999998, -2.3620413071795863, 2.9390799999999997, 2.80067, 1.22484, 2.6802, -1.3158900000000004, 1.46414, -1.3901900000000005, 0.76648, -2.5453933071795865, 1.2856299999999998, -1.3232999999999997, 2.81018, -1.8598600000000003, 0.47361999999999993, 2.92209, -0.0, -2.3093083071795864, -2.2142523071795868, -3.0407323071795864, 0.6312899999999999, 1.07409, -0.6860299999999997, -1.83404, 0.5003199999999999, -1.99195, -1.7750000000000004, 0.60608, 1.17625], "kappa": [10.3818, 2.75543, 4.37208, 3.08841, 11.0454, 5.00769, 2.32976, 6.47911, 3.77863, 3.18097, 4.59723, 6.14938, 2.35873, 0.371591, 2.18057, 2.58787, 5.76152, 16.539, 4.68866, 3.65734, 4.56858, 0.913898, 3.15294, 2.92588, 3.27542, 5.13045, 4.98002, 3.47645, 4.02388, 5.69304], "beta": 3.29439}