{"theta": [-0.30069999999999997, -2.639785307179586, -0.5021390071795864, -0.32646, 0.9046200000000004, 1.2563300000000002, 2.64418, -0.9824683071795857, 1.2134799999999997, 2.01343, -1.0122643071795867, 0.2791800000000002, -2.877605307179586, 0.3245100000000001, 2.54581, -1.9686553071795867, -1.8407753071795865, 0.34147000000000016, -1.9615753071795865, -2.969105307179586, 0.39273999999999987, -2.645775307179586, -0.0, -2.9567453071795864, -2.7092353071795863, -0.9860903071795857, 2.5354, -2.9144953071795863, 2.70806, 1.1386599999999998], "kappa": [3.60851, 0.401237, 13.0157, 6.70734, 5.09456, 3.95192, 17.5138, 3.82739, 7.34518, 10.9853, 3.87635, 11.3991, 4.45987, 6.48081, 3.74661, 0.43461, 3.5867, 6.51681, 10.8472, 2.08859, 2.32364, 3.30981, 20.4323, 1.86462, 3.87665, 3.81176, 3.79158, 9.38686, 8.90551, 7.25262], "beta": 2.12455}