{"theta": [1.41506, -1.41954, 2.0871, -2.776129, 0.0, -0.41123999999999983, 0.5064199999999999, 0.3100099999999997, -0.3849, 1.2486900000000003, 2.09306, -2.54695, 0.05031000000000008, 0.5008599999999999, 0.08062000000000014, -2.819994, -2.778165, 2.908549307179586, -1.3595799999999998, 1.2020500000000003, -1.4988299999999999, 0.09301000000000004, 1.04534, 0.9887000000000001, 2.0925499999999997, -1.52286, 3.081174307179586, -1.41677, 2.0894299999999997, -1.53668], "kappa": [5.45152, 2.91729, 1.4585, 1.21337, 16.421, 8.63568, 7.57377, 3.7962, 7.126, 7.2678, 3.77541, 4.43973, 3.51388, 1.6401, 7.05795, 5.51244, 1.17441, 4.43814, 6.12388, 8.59608, 3.41701, 5.68738, 6.74246, 4.32114, 1.19251, 1.47975, 4.34916, 4.36925, 8.09943, 2.5936], "beta": 2.33034}