{"theta": [-2.729045307179586, 1.1741899999999998, 1.2084199999999998, -1.9914783071795856, 2.16827, -2.6502753071795864, -0.5122799999999996, 2.98867, -1.8982633071795867, -2.2582583071795863, 0.9616099999999999, -1.9417293071795863, -0.4673400000000001, 2.99743, -2.760155307179586, 2.53072, -0.5128700000000004, 0.7960000000000003, -2.756125307179586, 0.6380400000000002, 2.98538, -2.2579083071795862, 0.9510200000000002, 0.6454700000000004, 2.57487, -2.261199307179586, -0.5943100000000001, 1.19475, -0.7914399999999997, -0.0], "kappa": [2.65918, 7.58802, 1.05005, 9.74818, 8.71275, 7.64332, 2.30835, 11.892, 7.13455, 0.44446, 2.11235, 7.06411, 1.65212, 5.20445, 3.76794, 3.28949, 1.01689, 3.76706, 4.10723, 4.56055, 4.04304, 3.52502, 2.98882, 12.708, 5.84624, 5.86651, 7.1074, 4.94055, 4.69749, 18.935], "beta": 1.92327}