{"theta": [2.31589, 2.2877099999999997, -0.9145400000000001, 2.39318, -2.8463753071795863, -2.8523203071795864, -0.047960000000000225, -0.06008000000000013, -0.78504, 0.4018999999999999, 0.34548999999999985, -2.8605833071795863, -0.3246100000000003, 0.41732999999999976, -1.9121299999999999, -1.9879200000000004, -1.9215399999999998, -1.4188700000000005, -2.2472600000000003, -2.784532307179586, 2.967368, -0.8410500000000005, 1.0707399999999998, -1.7656100000000001, 2.54025, -0.056929999999999925, -1.9209400000000003, -0.0, 1.0474700000000001, 2.3159799999999997], "kappa": [6.28414, 3.28705, 10.8543, 3.90297, 2.51772, 3.92801, 4.26778, 2.80145, 3.10158, 4.17001, 5.72882, 3.939, 4.77271, 4.26686, 4.85863, 4.78412, 0.424971, 2.9102, 9.78195, 10.675, 14.9499, 5.92402, 4.60939, 9.68074, 13.0851, 1.41654, 4.63696, 16.3908, 2.84293, 1.86525], "beta": 1.8389}