{"theta": [1.8106500000000003, -1.5443153071795859, 1.46768, 2.4959000000000002, 2.38782, 0.0, 0.5491400000000002, 0.8149400000000002, 0.5492900000000001, 0.8183300000000002, -2.9381053071795864, -1.1481653071795854, -2.934905307179586, 1.44273, -0.9522653071795855, 0.9841500000000001, -1.5472853071795853, -0.9708153071795866, 2.8084800000000003, -0.9894053071795863, 2.41167, -1.8176253071795863, -1.0190253071795858, 2.38099, -2.937805307179586, 2.87487, 0.5267400000000002, 1.98746, -2.9361153071795862, 0.7005400000000002], "kappa": [13.4737, 5.01477, 12.5799, 5.37776, 7.80398, 33.1294, 0.744774, 1.26285, 5.25347, 6.48068, 4.78666, 17.6465, 17.5416, 3.26176, 2.14746, 6.62457, 1.72565, 6.92166, 12.4371, 3.29203, 12.5174, 12.0741, 3.71885, 1.77247, 0.456116, 3.5594, 21.0719, 10.9589, 7.05027, 4.07998], "beta": 1.33787}