{"theta": [-2.387160307179586, -1.0203303071795862, 2.0537549999999998, -2.3029903071795865, -1.9679503071795867, 0.0, -0.4482003071795866, -0.8219003071795861, -1.0180503071795854, 0.18246899999999977, -0.8403603071795871, 1.5697349999999999, -0.4356903071795859, 0.09970500000000015, 0.6656549999999997, -2.2916103071795866, 2.288765, -0.8266103071795854, 2.349665, 2.2838249999999998, -2.296150307179586, 1.611335, 2.266995, 1.567855, 1.581965, 0.07561600000000013, -1.9482103071795862, -2.5393203071795862, -0.7329703071795866, -1.9506203071795856], "kappa": [7.78517, 1.68709, 13.2576, 5.97115, 5.81209, 20.3148, 6.94346, 4.17803, 1.72206, 13.3513, 4.57526, 6.28363, 7.0064, 5.13327, 7.5919, 0.582531, 11.0041, 2.83867, 5.59684, 2.98741, 2.85382, 4.53381, 6.68582, 6.62901, 4.53761, 6.90661, 5.89079, 7.67167, 9.37693, 4.27873], "beta": 1.54238}