{"theta": [2.3827353071795865, -0.68187, 2.251185307179586, -0.17921999999999993, -0.6839599999999999, -0.1769099999999999, -2.2535199999999995, -1.6759999999999997, -2.27749, 0.8397700000000001, -1.9902099999999998, 0.2914000000000001, -0.2236699999999998, 2.851355307179586, 0.7990600000000001, 2.465655307179586, 2.917235307179586, -1.8334099999999998, -2.32464, -0.0, -0.022299999999999986, 2.2306253071795865, 0.8537500000000002, 2.302555307179586, 0.4496800000000001, -1.8271699999999997, -2.2445799999999996, 0.86155, 2.346315307179586, 0.2058000000000002], "kappa": [1.6008, 3.67332, 1.56753, 8.44068, 2.42876, 3.77499, 6.48979, 6.99369, 1.56319, 4.87082, 5.57528, 9.09596, 2.79015, 2.39663, 12.9421, 9.09257, 5.09032, 0.371357, 6.9255, 12.6679, 4.46679, 4.36685, 3.32928, 7.57426, 1.80535, 3.59966, 4.83736, 7.97726, 5.51351, 1.40016], "beta": 2.17464}