{"theta": [2.35902, 2.9808333071795863, 0.0, 2.003, -1.3534700000000002, -1.4558500000000003, -0.8136800000000002, -0.26449999999999996, -1.82512, 1.4821499999999999, -1.8367300000000002, 1.6709300000000002, 3.063648307179586, 0.10108999999999968, 3.055720307179586, 2.39309, -1.8029300000000001, 2.3636299999999997, 0.09817999999999971, 1.35318, 0.09934999999999983, 3.073228307179586, 1.4383799999999995, -1.03736, 2.39306, -2.959498, 0.15278999999999998, -0.34645000000000037, 0.6581099999999998, -1.6222200000000002], "kappa": [5.39325, 14.603, 16.36, 3.64481, 2.49283, 5.79461, 5.58446, 2.75395, 2.56486, 6.43836, 3.97149, 5.63042, 1.24034, 1.61441, 9.40945, 5.32835, 3.93648, 5.31624, 3.96741, 3.10068, 5.41135, 2.95046, 5.22599, 7.99002, 5.3347, 10.553, 10.7406, 6.95388, 9.72452, 3.52564], "beta": 1.98351}