{"theta": [-0.5494599999999998, 1.60933, -0.15811999999999982, 1.5796200000000002, -2.4321599999999997, 3.0712503071795862, 2.6632073071795865, -2.52853, -1.10934, 0.1457600000000001, 0.7804700000000002, 2.13356, -2.0925, 0.046660000000000146, 1.8396300000000005, -1.0866499999999997, 2.7073203071795864, -1.15529, 3.0132013071795862, -2.98177, -2.85871, -1.1072199999999999, -1.1202799999999997, -0.9104799999999997, -1.6408299999999998, 0.05632000000000037, 0.14308999999999994, 1.5840300000000003, 1.8895600000000004, 0.0], "kappa": [5.82796, 2.27277, 9.28154, 7.67714, 2.80047, 4.01107, 2.87243, 6.50201, 6.08641, 4.72034, 10.9213, 9.64618, 10.9169, 7.70941, 5.86912, 7.74885, 4.07527, 9.22396, 7.54294, 6.36645, 5.38324, 5.35528, 3.66369, 7.60045, 11.218, 12.458, 6.32834, 4.90812, 8.84306, 15.8735], "beta": 2.22136}