{"theta": [2.641705307179586, 1.7136153071795865, 0.0, -2.34402, -1.01987, -0.57226, -1.3418400000000004, -2.30696, -3.1151999999999997, 2.625235307179586, 2.7564853071795863, 1.7395653071795865, -1.4436099999999996, 0.7081873071795863, -0.5651599999999997, 1.7085453071795857, 2.8129653071795864, 2.6379453071795864, -1.06046, -1.1795400000000003, 0.08431999999999995, -0.8980499999999996, -2.30362, 1.7248753071795866, 0.7700283071795866, 0.8613413071795861, -2.63417, -0.5632599999999996, -1.1646999999999998, 0.7690513071795859], "kappa": [4.3663, 5.71429, 36.9718, 4.16943, 10.0171, 4.19614, 6.19083, 2.70106, 5.95372, 4.71202, 7.09943, 3.64075, 8.53688, 3.80524, 2.85252, 13.5781, 4.36032, 0.538826, 3.83935, 3.88462, 4.87002, 1.58906, 4.1238, 1.37936, 4.83672, 3.8507, 6.0873, 4.17187, 8.63328, 3.18615], "beta": 1.82438}