{"theta": [-2.73653, -0.12463000000000024, 2.54175, -2.6769700000000003, -2.2790600000000003, 0.0, -0.4086099999999999, -0.8359999999999999, -1.05083, 0.7510699999999999, -1.0573000000000001, 1.8587599999999997, -0.14863000000000026, 0.3189499999999996, 0.9551700000000003, -2.67695, 2.36016, -1.02982, 2.36225, 2.3632199999999997, -2.68369, 1.8749100000000003, 2.3568000000000002, 1.8734800000000003, 1.8901299999999996, 0.28808000000000034, -2.15478, -2.902844, -0.7461700000000002, -2.20112], "kappa": [5.29126, 2.32095, 10.7317, 5.48174, 6.5058, 22.9401, 7.45292, 5.41388, 2.13115, 12.5365, 6.31357, 6.39398, 6.45266, 5.50466, 7.83917, 0.427989, 10.2298, 4.7821, 2.00664, 1.97367, 2.90001, 2.58392, 5.06544, 7.16502, 4.09673, 4.10622, 6.56556, 6.71155, 8.68214, 4.70297], "beta": 1.77129}