{"theta": [-1.79844, -0.9135100000000003, -2.2858, -1.79397, -2.6279200000000005, -1.3038399999999999, -2.6265300000000007, 0.8130140000000001, -0.0, -0.9644000000000001, 0.23505999999999982, -1.8055900000000003, -1.7951400000000002, 1.203324, 2.263205307179586, 2.310505307179586, 1.7455053071795863, 0.12000999999999995, 0.2925, 0.9625039999999998, 1.6966253071795858, 0.11176999999999992, -2.6579000000000006, 0.39322999999999997, 2.3075753071795857, -1.28292, 2.3088453071795856, 1.5967553071795857, -1.87158, -2.49735], "kappa": [6.77741, 7.8092, 7.03135, 8.51828, 2.40852, 4.22432, 5.25088, 6.03306, 29.5699, 3.25831, 13.7093, 3.42702, 6.94903, 5.06993, 8.49928, 3.35074, 4.64923, 2.89052, 4.71051, 6.08216, 7.60268, 6.48443, 4.0743, 5.08473, 3.35192, 3.0911, 3.32649, 9.43793, 5.57796, 5.42329], "beta": 1.72353}