{"theta": [-0.7947299999999999, -0.0, 2.9545553071795867, -0.2496999999999998, 1.2934800000000002, 1.2552900000000002, 2.075479, 2.948265307179587, 1.5027300000000001, -1.71042, 1.5491300000000001, -1.1702299999999997, 0.11098000000000008, -2.8870699999999996, 0.11850000000000005, -0.5455299999999998, 1.6039900000000005, -0.3628199999999997, -2.91113, -1.7062, -2.90412, 0.11912000000000011, -1.5673699999999995, 2.100949, -0.46191999999999966, 0.34087000000000023, 2.9745553071795863, 2.9502453071795864, -2.04582, 1.1441700000000001], "kappa": [5.76404, 16.6587, 16.9467, 2.75637, 2.10248, 5.57027, 5.60711, 1.33499, 2.02428, 9.04479, 4.03813, 7.91224, 1.15503, 1.97828, 8.69654, 6.11362, 3.29737, 5.85896, 3.15247, 2.74532, 5.99082, 2.81934, 7.59586, 8.52072, 4.53822, 9.56254, 12.5742, 8.68238, 14.0555, 4.00427], "beta": 1.73034}