{"theta": [2.2262299999999997, -2.5217853071795866, 1.00792, 2.57987, -0.42525499999999994, -2.5234353071795863, -2.506785307179586, 2.02745, 1.00779, -1.7264253071795856, -2.182965307179586, -0.43025899999999995, -0.42573000000000016, -0.4266270000000003, 2.5778399999999997, -1.728665307179586, -1.725525307179586, 0.4906999999999999, 1.0058599999999998, 0.4905999999999999, 2.55806, 2.5582599999999998, 0.8739599999999998, -1.8078153071795864, -2.495455307179586, -2.1816653071795855, 0.0, 2.22653, 2.54871, 1.0355699999999999], "kappa": [5.06985, 27.7945, 86.2513, 7.74729, 33.8616, 1.78626, 70.3884, 42.8798, 13.219, 36.5531, 32.9754, 33.9881, 49.2509, 12.6768, 27.171, 4.98539, 10.7384, 8.78299, 65.7125, 176.656, 1.55561, 1.55906, 27.0563, 58.758, 15.4746, 4.66498, 187.22, 16.6007, 27.0491, 89.5426], "beta": 1.0141}