{"theta": [0.5585857000000001, 0.0, 2.8573836999999997, 0.8593307000000001, -1.5692816071795859, -1.5451416071795867, -2.5119316071795863, 2.9063337, -1.7533216071795863, 1.3709637, -1.8529016071795859, 1.1255737, -0.04860880000000023, 2.5084937, -0.043490999999999946, 0.5355106999999997, -1.9217916071795864, 0.5628606999999999, 2.5101437, 1.3787937, 2.5107537, -0.04982210000000009, 1.3305637, -2.5248816071795863, 0.5587926999999997, -0.29963160717958637, 2.7905937, 2.9009837, 1.7132737, -1.3860916071795861], "kappa": [5.13179, 14.0676, 16.8481, 2.35104, 2.41452, 6.26773, 6.12121, 1.70784, 2.34647, 7.22699, 4.9702, 6.19194, 1.40387, 0.520363, 9.02483, 5.17198, 3.83761, 4.95706, 4.03541, 2.27816, 6.057, 2.83313, 5.93405, 9.01322, 5.10693, 9.86985, 12.2065, 8.67273, 12.4152, 4.56192], "beta": 1.80832}