{"theta": [2.9324500000000002, 1.3885500000000004, 0.0, -2.343034, -0.9632499999999999, -0.5173599999999996, -1.4772599999999998, -2.3377739999999996, -2.27095, 2.56145, 2.9612, 2.10208, -1.61912, 0.6950100000000003, -0.4885299999999999, 2.28209, 2.9732200000000004, 2.5528500000000003, -1.20372, -1.2426199999999998, 1.5087799999999998, -0.9616699999999998, -2.39097, 1.4041100000000002, 0.7112800000000004, 0.8116300000000001, -0.7394699999999998, -0.48012999999999995, -1.3139299999999998, 0.7097700000000002], "kappa": [6.7639, 7.83743, 41.7604, 3.38899, 10.838, 4.66613, 7.47516, 3.4891, 5.32106, 6.27198, 8.55865, 3.99255, 7.63829, 3.30435, 3.05691, 14.2655, 4.91382, 3.14711, 4.54542, 3.12793, 5.31316, 1.58894, 4.00231, 0.540907, 4.85597, 4.37037, 5.28525, 4.70727, 7.79892, 3.21363], "beta": 1.61997}