{"theta": [1.8069563071795862, 1.5586563071795867, 0.14996900000000002, -1.8357489999999999, -0.3728429999999996, 2.2141563071795867, -1.7227489999999999, -2.9753489999999996, 0.6562763071795867, -0.36693, 2.6662863071795866, 1.1893863071795865, -0.3493069999999996, 0.42240630717958627, 2.8277563071795866, 0.874786307179586, 0.6384663071795869, -1.6363089999999998, -2.9228189999999996, -0.10990199999999994, 2.5833163071795866, 1.226676307179586, 2.6977463071795866, 0.6809863071795865, -2.998029, -0.3360639999999999, 1.8145563071795863, -1.6351989999999998, -2.9605989999999998, -0.0], "kappa": [3.14811, 6.12375, 10.4043, 3.60031, 3.5508, 8.57533, 4.72483, 5.83909, 7.99243, 2.32859, 4.88835, 2.97517, 3.63352, 3.43049, 8.23521, 9.73751, 4.35892, 2.15206, 7.6031, 4.93911, 5.32844, 3.00778, 3.61949, 2.76128, 7.44579, 4.8253, 2.08236, 0.419469, 1.66542, 11.9009], "beta": 2.04768}