{"theta": [-1.87459, -1.86449, 0.8765800000000001, -2.078777, 3.1132400000000002, 3.1070599999999997, -0.012649999999999828, -0.0005999999999999339, 0.8359399999999999, 0.33340000000000014, 0.30947000000000013, 3.10872, -0.37443000000000026, 0.3099599999999998, 2.1986, 2.26269, 2.20378, 1.4691999999999998, 2.5268800000000002, 3.0206299999999997, -2.266361, 0.83514, -0.9995699999999998, 2.04253, -2.088499, -0.0013700000000000934, 2.20526, 0.0, -0.9940799999999999, -1.87015], "kappa": [2.86088, 2.91832, 12.2599, 3.0798, 3.1586, 4.92947, 4.04248, 2.45241, 2.58661, 3.22775, 4.49736, 3.09568, 6.40952, 4.43663, 4.70816, 4.43421, 0.271438, 3.31105, 10.6475, 17.7614, 12.8328, 5.457, 4.3362, 10.7272, 13.4145, 0.82354, 5.01163, 22.0086, 2.66462, 1.52624], "beta": 1.75825}