{"theta": [3.0478853071795866, 2.074085307179587, 0.0, -1.9730399999999992, -0.9365600000000001, -0.010489999999999888, -1.1416199999999996, -1.9998199999999997, -2.0443, 3.0241353071795865, 3.1230353071795864, 2.0892753071795864, -1.1763399999999997, 0.7318403071795867, -0.010779999999999568, 2.207155307179587, -3.0952699999999997, 2.8011853071795865, -0.9974499999999997, -1.0171899999999994, 1.697295307179587, -0.5796000000000001, -2.3538599999999996, 2.0779653071795865, 0.8049133071795866, 0.8535863071795866, -1.7437199999999997, -0.009959999999999525, -1.0017999999999994, 0.7974103071795859], "kappa": [5.39757, 7.50056, 36.7499, 3.72297, 13.6287, 5.30346, 6.10873, 2.45086, 5.1055, 4.01442, 7.33686, 3.65, 7.8907, 4.22425, 1.09206, 16.7436, 4.56088, 2.55213, 1.89478, 3.34263, 6.64811, 2.30644, 4.80839, 1.78798, 3.43139, 3.62092, 6.11515, 5.2312, 8.78043, 3.3587], "beta": 1.65656}