{"theta": [0.5732200000000001, 0.0, 2.7009400000000006, 0.19982000000000033, -1.4600499999999998, -1.4539799999999998, -2.493762, 3.13447, -1.8214499999999998, 1.3580200000000002, -1.8956499999999998, 0.8800500000000002, -0.22994000000000003, 2.6626100000000004, -0.22262000000000004, 0.57022, -1.8424299999999998, 0.2942100000000001, 2.66375, 1.3489100000000005, 2.6442900000000003, -0.25234999999999985, 1.2007100000000004, -1.46478, 0.36216000000000026, -0.55308, 2.7049300000000005, -2.99299036, 1.8502199999999998, -1.2240799999999998], "kappa": [5.23943, 13.8805, 14.9828, 2.42314, 0.597786, 4.89115, 4.99541, 3.45661, 3.23982, 7.73232, 4.81541, 6.20033, 1.59709, 1.4538, 8.5596, 4.37279, 4.57499, 4.97756, 1.37339, 2.86946, 5.54537, 3.07129, 6.4062, 3.80862, 4.05882, 9.70615, 12.9828, 8.63033, 13.1486, 4.45965], "beta": 2.17716}