{"theta": [1.8166100000000003, -3.0199653071795862, 0.004240000000000244, 2.15713, -0.6375700000000002, -3.020805307179586, -3.020615307179586, 1.7313400000000003, 0.20279999999999987, -2.523935307179586, -1.9475643071795865, -0.6548099999999994, -0.6437600000000003, -0.6453499999999996, 2.15814, -2.508505307179586, -2.501095307179586, 0.26956000000000024, 0.2690900000000003, 0.2690299999999999, 2.20762, 2.2065200000000003, 9.999999999976694e-05, -2.457275307179586, -2.9819653071795864, -1.9501313071795856, -0.0, 1.8227800000000003, 2.17167, 0.14240999999999993], "kappa": [4.94148, 45.0912, 41.4071, 6.83864, 27.3572, 0.760453, 60.7353, 24.2538, 13.8768, 43.7377, 32.6562, 27.0648, 37.6439, 10.7658, 23.9108, 5.01641, 9.89553, 1.72255, 45.1192, 78.8106, 2.61629, 2.56348, 20.701, 39.11, 13.979, 4.91925, 208.072, 14.7179, 22.7742, 99.6965], "beta": 1.00996}