{"theta": [-0.5256300000000005, 1.7818100000000001, 0.010629999999999917, 1.8071199999999994, -2.69275, -3.102536, 2.695364307179586, -2.7161, -1.0292400000000002, 0.6125699999999998, 1.0415199999999993, 2.1985399999999995, -2.05133, 0.22163999999999984, 1.97403, -0.9810200000000004, 2.756206307179586, -1.1890900000000002, 3.120771307179586, -3.0200400000000003, -3.0477090000000002, -0.9653100000000001, -1.0072100000000002, -0.6955800000000001, -1.5656500000000002, 0.3132999999999999, 0.4610099999999999, 1.7397299999999998, 2.0058999999999996, 0.0], "kappa": [4.7683, 2.1824, 10.4023, 6.83125, 0.949921, 3.63313, 2.8756, 7.3732, 8.15752, 5.10785, 10.2512, 8.48224, 11.8297, 6.07615, 5.21579, 8.0651, 5.06925, 9.13438, 7.56084, 5.03635, 4.97506, 3.9894, 4.13986, 7.11819, 12.0497, 13.7182, 7.44155, 4.69251, 7.73457, 20.9909], "beta": 2.24977}