{"theta": [2.37496, 1.54927, -0.0, -2.6815599999999997, -1.2347300000000003, -0.45092, -1.6743400000000004, -2.6863500000000005, -2.8829499999999997, 2.17684, 2.508047, 1.6019299999999999, -1.77127, 0.22902999999999984, -0.46628000000000025, 1.65289, 2.486211, 2.18441, -1.2222300000000001, -1.47458, 1.27229, -0.0026600000000001067, -2.6749500000000004, 1.60385, 0.46277999999999997, 0.5078399999999998, -2.36727, -0.44232000000000005, -1.3546, 0.4923899999999999], "kappa": [5.30811, 6.48605, 34.3034, 3.63748, 10.0184, 5.63591, 6.58803, 3.73846, 6.57395, 5.13999, 7.09686, 3.08256, 6.87478, 3.62883, 3.90063, 11.2621, 4.30089, 2.90327, 5.11616, 4.66461, 5.17119, 0.554973, 2.44244, 1.93178, 5.37226, 3.8634, 6.28948, 5.59844, 10.2153, 2.19252], "beta": 1.84658}