{"theta": [0.802899, 2.6336589999999998, 1.686219, -0.0003870000000003593, -0.9638763071795866, -1.9389263071795861, -0.000952000000000286, -0.7080763071795868, 2.631299, 0.0, -1.9413363071795864, -1.9350963071795864, -0.940946307179586, -1.4760963071795867, 1.344199, 1.685709, 0.0025479999999999947, 0.13283599999999973, 2.945919, 0.6301359999999998, 0.6288929999999997, 3.063239, 2.919559, 1.639819, 2.9358489999999997, 1.3520389999999998, 0.8031289999999998, 1.3508689999999999, 2.945759, -1.479726307179586], "kappa": [19.1416, 4.81575, 14.2056, 70.3598, 89.1188, 6.16219, 18.4813, 89.8698, 32.6404, 149.211, 12.2996, 50.8045, 55.6055, 8.50442, 1.28792, 5.09877, 27.7437, 16.3033, 7.58941, 0.55645, 110.475, 104.52, 18.131, 15.0054, 24.126, 33.6404, 27.0918, 0.530968, 3.58596, 20.7613], "beta": 1.00891}