{"theta": [1.7119000000000004, -3.070355307179586, 0.005450000000000621, 1.94632, -0.8125499999999999, -3.062985307179586, -3.062255307179586, 1.4090700000000003, 0.003470000000000084, -2.599585307179586, -1.6366183071795861, -0.8130600000000001, 0.29579999999999984, -1.6348583071795861, 1.9388100000000001, -2.598835307179586, -2.609535307179586, 0.2951199999999998, 0.006720000000000503, 0.010270000000000223, 1.9503000000000004, 2.19693, 0.043560000000000265, -2.415455307179586, -2.8193753071795857, -2.818065307179586, -0.0, 1.6958200000000003, 2.19539, 0.0010500000000002174], "kappa": [3.59618, 31.8888, 36.2054, 6.88318, 26.6774, 0.911027, 38.464, 24.7904, 1.01901, 24.9402, 21.8357, 26.1093, 12.3459, 11.3766, 10.985, 3.48289, 6.8309, 1.32046, 37.966, 63.7381, 3.99463, 3.26958, 9.96144, 27.9757, 7.46818, 2.15262, 121.336, 10.2237, 19.5239, 28.491], "beta": 1.04961}