{"theta": [-0.9514549999999999, 2.31942, -1.1390647000000003, -1.019801, -0.02237, 0.28207000000000004, 1.59827, -1.5822953071795869, 0.1992799999999999, 1.4002199999999998, -1.6244653071795865, -0.518597, 2.74463, -0.462232, 1.58694, -2.3579553071795862, -2.3473153071795867, -0.6220389999999998, -2.4056153071795867, 2.5210299999999997, -0.42928199999999994, 2.3755800000000002, 0.0, 2.59272, 2.8350399999999993, -1.5849253071795868, 1.5815, 2.65893, 1.6038499999999998, 0.19450999999999996], "kappa": [3.78988, 2.0884, 12.1153, 6.33759, 5.85201, 3.5072, 16.9788, 4.28603, 5.74033, 10.7753, 4.28372, 9.07977, 5.4055, 5.90064, 0.921377, 1.39338, 3.67563, 5.47373, 11.0726, 3.57407, 1.86018, 4.63912, 17.013, 2.29535, 4.61062, 4.26647, 2.86407, 10.1009, 8.33536, 7.05498], "beta": 2.13677}