{"theta": [-0.7880593071795872, -2.8832793071795866, -2.3392793071795865, -0.26753930717958596, 0.8021809999999996, 1.5000959999999999, -0.26753930717958596, 0.3292980000000001, -2.8760593071795864, 0.0, 1.507256, 1.4821659999999999, 0.6744319999999999, 1.4252259999999999, -1.4488793071795865, -2.3423993071795866, -0.14812930717958572, -0.775489307179587, 3.086176, -0.5512093071795867, -0.5537193071795858, 2.7978259999999997, 2.938806, -1.5160493071795855, 3.0813859999999997, -1.4471493071795862, -0.7610493071795865, -1.441969307179587, 3.084246, 1.4050459999999998], "kappa": [2.89883, 2.20473, 4.18542, 14.4813, 19.736, 1.50683, 5.61251, 16.3544, 10.8383, 21.4967, 5.74816, 11.3226, 9.59675, 3.08919, 0.225925, 2.36254, 5.77802, 4.36914, 3.07515, 0.171764, 12.1348, 21.5924, 6.69036, 4.02046, 8.80744, 6.77873, 7.31113, 0.614968, 1.65868, 5.79665], "beta": 1.52676}