{"theta": [-2.589015307179586, -1.0658143071795863, 2.6277300000000006, -2.882985307179586, 1.8893000000000004, -2.528375307179586, -0.23361750717958607, -1.2909453071795856, -2.2508053071795864, 0.20060000000000056, 2.7977100000000004, 0.4218000000000002, 0.31308000000000025, 2.5641800000000003, -2.722615307179586, 0.6253400000000005, -2.3292053071795857, 0.7151400000000008, 1.8408100000000003, -0.4241843071795861, 1.8553100000000002, -2.3904753071795857, -1.3649353071795858, 0.002240000000000464, -0.0, -0.12083999999999939, 2.45772, -1.044240307179586, 2.30955, -0.892844307179586], "kappa": [3.11968, 9.43019, 4.98492, 8.89736, 5.29396, 2.31671, 6.4574, 5.49172, 4.05056, 9.68073, 5.46331, 3.47732, 5.44522, 5.05895, 7.29059, 4.27163, 11.2842, 6.86861, 1.9296, 10.153, 13.6234, 12.642, 14.65, 6.29582, 16.0149, 3.89171, 5.44115, 4.67432, 16.0942, 4.81234], "beta": 2.52022}