{"theta": [2.1923399999999997, 2.570559207179586, 0.0, 1.9595000000000002, -2.25129, -2.19813, -1.11734, -0.16461000000000015, -1.8269499999999999, 1.2990000000000004, -1.77273, 1.5773200000000003, 2.8672213071795865, 0.12775000000000025, 2.855673307179586, 2.27874, -1.81698, 2.09595, 0.12436999999999987, 1.2865900000000003, 0.1429100000000001, 2.871343307179586, 1.3400999999999996, -1.08407, 2.34779, -3.139822, 0.018920000000000048, -0.21255999999999986, 0.9411399999999999, -2.08385], "kappa": [5.20882, 10.0357, 16.2938, 3.20542, 2.48585, 6.03036, 6.05856, 2.31565, 2.96617, 7.2936, 4.37149, 6.58997, 1.89759, 2.03096, 8.74151, 5.36356, 4.24169, 4.5244, 3.65212, 2.27454, 5.46904, 1.88398, 4.75858, 8.70128, 4.51635, 10.0492, 10.4121, 8.42666, 11.4364, 3.74732], "beta": 2.08435}