{"theta": [1.9274399999999998, 1.8254700000000001, 0.21688000000000018, -1.3528099999999998, -0.3070299999999997, 2.310537, -1.4630999999999998, -2.7401299999999997, 0.5257300000000003, -0.3081799999999997, 2.7125630000000003, 1.3429000000000002, -0.51587, 0.37722999999999995, 2.772079, 0.7407699999999999, 0.5720300000000003, -1.5356499999999995, -2.7266500000000002, -0.5345899999999997, 2.667317, 1.79794, 2.7185680000000003, 0.6019000000000001, -2.7722499999999997, -0.34999, 1.96408, -1.53782, -2.7286399999999995, -0.0], "kappa": [4.6742, 3.86059, 12.3067, 4.74242, 3.41652, 8.25187, 4.3464, 4.15668, 8.90497, 1.4897, 4.80695, 4.65488, 5.03403, 3.15484, 6.47423, 9.31905, 3.81935, 1.64254, 8.00168, 5.25903, 4.88441, 2.94346, 4.84387, 2.53757, 7.78559, 4.98084, 1.83108, 0.416119, 1.64709, 12.4669], "beta": 1.99191}