{"theta": [2.22701, 2.01096, 0.19307000000000007, -1.866682, -0.5020499999999997, 2.65602, -1.7433999999999998, -2.7665498669999997, 0.7019200000000003, -0.48139999999999983, 2.9822100000000002, 1.5029700000000004, -0.48082999999999965, 0.49037, 3.13162, 0.90544, 0.8006100000000003, -1.7094299999999998, -2.6743861, -0.02224999999999966, 2.94224, 1.9864500000000005, 3.0217600000000004, 0.8231600000000001, -2.7605256, -0.47821999999999987, 2.25359, -1.7088599999999996, -2.7277812999999997, 0.0], "kappa": [5.1698, 5.62044, 12.1597, 3.39749, 4.24402, 7.78626, 4.61334, 4.85361, 10.9737, 2.60622, 4.39318, 4.68381, 4.16815, 3.82961, 7.12159, 9.29934, 2.95833, 1.72246, 6.94964, 4.21141, 4.67466, 3.47066, 4.34594, 3.2708, 6.68713, 4.08607, 1.98028, 0.191641, 2.12187, 13.3575], "beta": 2.00226}