{"theta": [2.845591, 1.749311, -2.642424307179586, 2.8874910000000003, -2.817254307179586, 2.245921, -2.940234307179586, -0.2002259999999998, 0.0, -2.8171943071795864, 0.7166510000000001, 2.8433010000000003, 2.8058310000000004, -1.1380743071795862, -1.488214307179586, -1.4958743071795864, -0.6104914999999997, 0.6977210000000003, 0.8209610000000003, -1.1062243071795859, -0.22496699999999992, 0.7058410000000002, -2.972434307179586, 0.7032410000000002, -1.4976343071795863, 2.2234710000000004, -1.5062143071795857, -0.6423056999999996, 2.8519710000000003, -2.8279143071795856], "kappa": [6.99245, 11.058, 6.60018, 9.15376, 1.53669, 5.24751, 4.00117, 8.62565, 40.7767, 2.49341, 16.031, 3.52475, 5.44539, 4.67649, 7.64272, 2.53881, 4.80852, 1.75494, 5.27131, 6.16963, 6.59805, 7.86698, 3.95349, 5.55302, 2.5189, 3.79173, 2.66061, 10.0748, 5.35007, 3.72641], "beta": 1.59085}