{"theta": [2.1699053071795866, 2.130905307179587, -0.71075, 2.255525307179587, -3.0197, -3.0112799999999997, -0.14423999999999992, -0.13964, -0.6652499999999999, 0.12936000000000014, 0.1251500000000001, -3.02054, 0.90036, 0.13434999999999997, -1.9033099999999998, -1.9639099999999998, -1.90421, -1.3085200000000001, -2.20889, -2.3862099999999997, 2.7199653071795864, -0.69225, 1.063281, -1.78842, 2.419865307179586, -0.13702000000000014, -1.90088, -0.0, 1.0529860000000002, 2.1518253071795854], "kappa": [6.19097, 3.20487, 12.2537, 3.70928, 3.6473, 5.02724, 3.6717, 2.38463, 2.65495, 3.4017, 4.80366, 3.68558, 4.66238, 6.59985, 4.26091, 4.19385, 0.211948, 3.16094, 10.1446, 10.5985, 13.8865, 5.75498, 3.85252, 9.65613, 13.2747, 1.09843, 4.57679, 18.2856, 2.26269, 1.76769], "beta": 1.86132}