{"theta": [-0.9007300000000003, 2.1331653071795866, -1.4403899999999998, -2.78466, 0.0, 0.9505400000000002, 0.9970499999999998, 0.21642000000000028, 1.1219494071795868, -0.67666, -1.3637000000000001, -2.67033, 0.8656499999999996, 2.519485307179586, 0.6200799999999997, -2.71911, -2.78669, -2.45737, 1.9161233071795865, -0.6904199999999996, 2.2438153071795863, 0.27200999999999986, -0.55105, -0.47728000000000037, -1.42971, 2.295175307179586, -2.50712, 2.3690853071795863, -1.4192200000000001, 2.180245307179586], "kappa": [4.90461, 3.52337, 0.998987, 1.44805, 16.7524, 8.89241, 10.8408, 4.5592, 6.25779, 6.75983, 3.01321, 2.48176, 5.539, 3.08624, 8.15076, 5.70232, 1.44376, 3.90753, 4.99573, 8.25557, 3.06689, 6.72245, 6.59231, 4.13318, 2.17532, 2.36003, 2.59004, 4.85164, 8.71807, 3.49955], "beta": 2.47121}