{"theta": [-0.006550000000000056, -1.8593019, 0.0, -0.0010499999999999954, 2.69843, 3.1014999999999997, 3.1008699999999996, 0.35043, -2.269795307179587, -1.8626326000000002, 0.33626, -1.7473850000000002, -1.8594351999999998, 0.9791000000000001, -1.6399260000000002, 1.07948, 0.0006699999999999484, -3.091275307179586, -1.752938, -0.0007699999999999374, 2.6843199999999996, -2.2692453071795864, 2.6930499999999995, 0.3505299999999998, 2.70275, 2.8474499999999994, 1.82596, 2.6526699999999996, 0.33635999999999977, 1.8242999999999998], "kappa": [22.8875, 3.48166, 86.8121, 3.95766, 4.97269, 2.4916, 0.245078, 36.3522, 0.290126, 3.6901, 7.76099, 9.18456, 1.86517, 28.015, 9.58472, 29.0017, 9.3575, 15.7611, 1.68309, 1.95533, 1.89799, 4.47861, 18.7852, 14.9449, 1.66497, 49.4378, 18.2415, 25.5691, 7.6526, 10.87], "beta": 1.1879}