{"theta": [-2.48595, 0.16864999999999997, -2.3449, 0.03448999999999991, 0.17249999999999988, -0.09285999999999994, 2.3901499999999998, 1.98681, 2.42227, -0.5143500000000003, 2.16524, 0.7342599999999999, -0.07230000000000025, -2.8582367071795862, 0.9395899999999999, -2.75089, -2.8962021071795863, 2.21122, 2.43147, -0.0, -0.10397999999999996, -2.30342, -0.6316600000000001, -2.36479, 0.8499699999999999, 2.21495, 2.41692, -0.7900499999999999, -2.3995699999999998, 0.4206599999999998], "kappa": [2.16984, 0.868145, 1.4209, 6.79405, 0.940527, 2.85597, 5.21603, 4.24111, 1.13209, 5.67576, 3.73498, 14.9639, 2.72787, 1.24357, 15.4791, 11.5818, 6.02013, 0.315547, 5.39497, 13.0015, 3.99521, 4.79523, 6.39238, 7.37137, 1.55149, 1.94503, 2.83066, 10.0764, 5.65188, 2.09535], "beta": 2.21254}