{"theta": [2.2139800000000003, -1.2556749999999999, -1.2608249999999999, 2.5111499999999998, 2.8238199999999996, 0.2209700000000001, -1.5508300000000002, -2.351205307179586, 0.5109100000000002, -2.1317853071795865, 3.1182799999999995, 1.2805000000000002, 2.00634, 2.4932299999999996, -0.20987, -0.8456340000000002, 1.5057500000000001, 0.0, -0.68617, -0.15452, -2.3260953071795862, -0.1488799999999999, 1.2650599999999999, -1.292391, 1.864, 1.37639, 1.98418, 2.69055, -1.281439, 1.4915900000000002], "kappa": [7.14266, 6.1507, 2.35539, 4.1015, 12.3022, 11.4951, 8.757, 8.18564, 4.528, 3.85961, 8.38521, 4.37059, 4.07274, 11.2159, 3.22867, 7.8541, 7.85445, 14.944, 2.81874, 4.76734, 12.5227, 3.09847, 0.575099, 2.56492, 3.95831, 3.75961, 0.702417, 1.64978, 4.05871, 4.88904], "beta": 2.5485}