{"theta": [-1.2484200000000003, 1.410655307179586, -1.4721099999999998, -2.6730600000000004, -2.4195200000000003, 0.0, -0.5916500000000005, -1.2538800000000005, -0.5897000000000006, -0.74228, 2.937595307179586, 1.0130653071795859, 2.748945307179586, -1.4747000000000003, 0.622676307179586, -1.0893800000000002, 1.4101453071795857, 0.6127163071795856, 2.980065307179586, 0.6227643071795859, -2.67797, 1.5517653071795863, 1.0136653071795863, -2.41671, 2.731325307179586, 2.735045307179586, -0.5779700000000005, -1.47459, 2.936675307179586, -0.7421700000000007], "kappa": [15.8276, 5.27945, 12.5251, 8.22482, 12.9395, 38.2777, 0.750678, 2.89529, 5.25418, 8.02688, 3.92824, 20.9253, 28.6359, 1.83555, 2.2027, 5.27991, 1.66167, 9.73955, 19.3003, 2.19522, 20.2912, 12.4427, 4.09136, 3.63808, 3.91316, 3.90553, 20.4362, 7.42106, 8.35158, 4.1783], "beta": 1.21531}