{"theta": [2.75672, 1.4512800000000001, -2.416789, -3.140555307179586, -1.4975300000000002, 2.6902399999999997, 0.41374999999999984, 1.7088499999999995, 2.29919, 0.10200999999999993, -2.5632, -0.33553999999999995, -0.11645000000000039, -2.380075, 3.12687, -0.54434, -3.1165453071795866, -0.44996000000000036, -1.4815500000000001, 1.06373, -1.7152100000000001, 2.5277799999999995, 1.57497, 0.1876199999999999, 0.0, 0.38503, -2.231258, 1.50353, -1.9195900000000001, 1.4044199999999996], "kappa": [4.01126, 9.51657, 4.29925, 9.51615, 5.02399, 2.84454, 5.6395, 5.29198, 4.14547, 9.99621, 4.72532, 4.69341, 5.66107, 5.40758, 7.4905, 5.74339, 14.2267, 7.37815, 0.774671, 11.0285, 11.2613, 11.551, 13.2324, 6.65539, 16.5511, 4.69288, 6.32858, 4.33829, 13.391, 3.22519], "beta": 2.95239}