{"theta": [-0.030384999999999884, -2.947340307179586, -0.5462203071795857, -0.0692459999999997, 0.0224650000000004, 1.6871450000000001, 2.505005, -0.8282103071795861, 1.656155, 2.156915, -0.8418603071795863, 0.633013, -2.556890307179586, 0.6169760000000002, 2.4494350000000003, -1.3384103071795863, -1.3445303071795864, 0.40715900000000005, -1.6410003071795858, -2.787300307179586, 0.6071240000000002, -2.909620307179586, 0.0, -2.681750307179586, -2.5030803071795864, -0.8378003071795863, 2.4366250000000003, -2.679960307179586, 2.5161450000000003, 1.3212850000000003], "kappa": [4.07394, 1.84445, 13.436, 6.21934, 5.30144, 2.04028, 17.8434, 3.71815, 8.46479, 12.2967, 3.56002, 13.0376, 5.28223, 7.67499, 3.01913, 2.14981, 2.13588, 7.53158, 11.4089, 3.97509, 3.29567, 4.90749, 16.9504, 2.31146, 4.41471, 3.42327, 2.8298, 10.5785, 8.58181, 6.73764], "beta": 1.78947}