{"theta": [-0.15944000000000003, -1.7196253071795855, 2.6250500000000003, 2.2771800000000004, -2.4871353071795856, 0.1334800000000005, 2.4581200000000005, 2.7651700000000003, 0.2810600000000001, -0.14407999999999976, -1.2452333071795856, -1.590085307179586, -2.9749453071795857, 2.6997700000000004, 2.67994, -0.41065050717958584, -2.2482253071795864, -2.833965307179586, 0.3668400000000007, 0.77996, 2.2692600000000005, -0.724540307179586, -1.1228893071795856, 3.1402400000000004, -1.5359553071795862, 2.2701400000000005, -2.683155307179586, -0.11240999999999968, -0.002529999999999255, -0.0], "kappa": [7.18519, 4.32364, 4.61279, 12.8991, 7.23831, 5.71145, 3.32392, 4.90588, 8.321, 1.86723, 4.10357, 3.54553, 4.17292, 1.63738, 8.36925, 10.0117, 7.91869, 10.1053, 7.42233, 7.29959, 8.88767, 12.3906, 5.27625, 8.34563, 2.65166, 0.789945, 5.45199, 2.45513, 4.0694, 13.6715], "beta": 2.52416}