{"theta": [-1.1929873071795862, -2.388847307179586, 2.7163779999999997, 2.544298, 0.41709799999999975, 2.6851279999999997, -1.4796673071795867, 0.42285799999999973, -1.580237307179586, 0.8425479999999999, -2.520717307179586, -0.023642000000000163, -1.526657307179586, 2.550388, -1.8723373071795866, 1.107278, 2.695468, 0.0, -2.3453873071795863, -2.2183373071795867, 2.950218, 1.026708, 0.04094799999999976, -0.9462473071795863, -1.8699873071795867, 0.9217679999999999, -2.0231673071795866, -1.7847173071795863, 1.0240879999999999, 0.22033499999999995], "kappa": [9.37347, 2.75435, 4.04133, 3.61102, 12.7054, 5.95821, 1.99351, 4.84732, 2.65818, 3.13616, 4.48576, 6.96889, 1.58366, 0.464234, 2.1062, 2.91569, 5.95361, 17.3252, 3.65651, 3.81396, 4.84575, 0.476379, 3.3048, 2.95016, 3.14343, 5.42964, 5.05973, 4.03398, 5.00058, 6.28766], "beta": 2.83023}