{"theta": [-0.14114700000000013, 2.5507180000000003, -1.1669873071795864, -0.1494089999999999, 0.008176000000000183, 0.5965680000000002, 1.902508, -1.2316973071795863, 0.5973380000000001, 1.4689080000000003, -1.251577307179586, -0.6286459999999998, 3.0368180000000002, -0.7018789999999999, 1.823038, -2.0147673071795857, -2.015037307179586, -0.5508509999999998, -2.072217307179586, 2.780598, -0.6226240000000001, 2.595678, 0.0, 2.864588, 3.123278, -1.2198173071795857, 1.8133980000000003, 2.7314480000000003, 1.946568, 0.5580880000000001], "kappa": [4.27892, 1.90207, 9.85609, 5.36944, 5.96571, 3.87254, 17.613, 2.79472, 8.22442, 12.4668, 3.00679, 10.8173, 4.70688, 6.89837, 3.24812, 1.43656, 1.33965, 5.2958, 12.2632, 3.65755, 2.84368, 4.90912, 17.7454, 2.76933, 4.1216, 2.81268, 3.16818, 7.17575, 8.7481, 8.15198], "beta": 1.9764}