{"theta": [2.201078, 1.5880779999999999, 2.732868, 2.218918, -3.0025773071795863, 1.7805680000000002, 3.118958, -0.33080580000000026, 0.0, -3.003437307179586, 0.46399100000000004, 2.184288, 2.174748, -0.8310973071795864, -1.4798573071795866, -1.5894073071795862, -1.3571673071795862, 0.5747580000000001, 0.48426800000000014, -0.411977307179586, -1.2214173071795864, 0.4908349999999997, 3.006978, 0.5364659999999999, -1.6220373071795864, 1.7212679999999998, -1.6885273071795863, -0.9545073071795862, 2.216538, -3.014907307179586], "kappa": [6.47397, 5.0895, 7.91088, 8.34481, 3.70419, 4.19007, 5.81054, 8.33525, 34.7538, 2.20472, 14.6149, 3.35192, 6.52777, 4.4997, 6.22862, 2.39792, 5.26773, 3.37094, 1.96125, 6.27957, 7.04871, 7.77475, 4.9362, 5.71455, 3.47999, 3.03253, 3.17378, 10.9473, 5.32777, 5.20486], "beta": 1.69053}