{"theta": [2.003515307179587, -1.5369599999999999, 1.044074, 0.4448000000000001, 0.46540000000000004, -2.9769999999999994, 2.8902753071795866, 2.0974853071795865, 2.889115307179586, 2.7276053071795863, 0.0011700000000001154, -1.90994, -0.0, 1.0281080000000002, -2.0407399999999996, 2.5725453071795865, -1.5418, -1.99591, 0.18491999999999997, -1.9894100000000001, 0.41349999999999976, -1.21742, -1.98872, 1.9515853071795863, -0.0023800000000000487, -0.10603000000000007, 2.907205307179587, 1.032258, 0.006250000000000089, 2.7401053071795864], "kappa": [12.8181, 5.00269, 9.70586, 4.77191, 8.48642, 26.4873, 0.404225, 3.81813, 4.61017, 7.28827, 2.76949, 13.8237, 20.927, 0.705448, 2.44712, 4.73455, 1.85305, 3.86126, 12.9337, 2.3063, 13.3906, 11.8402, 2.31774, 2.2462, 1.57409, 3.91121, 20.6839, 9.30521, 4.30306, 3.76863], "beta": 1.42435}