{"theta": [2.515303, 1.7761099999999999, 0.31819, -1.3033900000000003, -0.48625000000000007, 2.278015, -1.4208100000000004, -2.64813, 0.6331099999999998, -0.5030200000000002, 3.047255, 1.0706699999999998, -0.5318400000000003, 0.46860999999999997, -3.1114000000000006, 1.03457, 0.6284999999999998, -1.4629700000000003, -2.6048800000000005, -0.19857000000000014, 3.0373541, 1.08804, 3.0293604, 0.6612, -2.6617300000000004, -0.4312100000000001, 2.555386, -1.46734, -2.6357800000000005, -0.0], "kappa": [4.49249, 7.95042, 12.3366, 4.58385, 4.12215, 7.96651, 3.93739, 5.54334, 8.09414, 2.88249, 4.89735, 2.48747, 6.04963, 3.41453, 7.60941, 8.77258, 3.95726, 1.55542, 7.30327, 4.08493, 3.34509, 2.54793, 4.55606, 1.93043, 7.14552, 5.51467, 2.12797, 0.397862, 1.61215, 12.711], "beta": 2.02625}