{"theta": [1.8794600000000004, -1.0553893071795857, 1.5462600000000002, 2.6271900000000006, 2.4938100000000003, -0.0, 0.6417400000000004, 0.9820900000000004, 0.6434500000000005, 0.98095, -2.816165307179586, -0.907078307179586, -2.782845307179586, 1.4720700000000004, -0.7243899999999996, 1.1574600000000004, -1.0642653071795856, -0.7226399999999993, -3.1397353071795857, -0.7286599999999996, 2.6033700000000004, -1.8258053071795857, -0.8463819071795857, 2.4796400000000003, -2.807765307179586, -2.685755307179586, 0.6419500000000005, 2.1689900000000004, -2.810955307179586, 0.8888500000000006], "kappa": [12.7851, 2.80424, 11.4747, 5.52847, 6.09394, 28.995, 0.341743, 1.33314, 5.2414, 4.539, 3.99685, 11.7807, 18.7453, 3.1313, 1.51467, 5.95764, 1.62021, 6.25565, 14.9207, 2.8837, 15.5346, 10.4735, 4.33018, 2.0212, 2.40424, 3.89361, 18.6114, 10.3196, 5.79711, 4.09772], "beta": 1.43259}