{"theta": [0.1381899999999998, -1.8022100000000005, -0.9597500000000005, 0.7346899999999996, 1.9590599999999998, 2.4685099999999998, 0.5934499999999998, 1.3863599999999998, -1.7883900000000006, 1.0695799999999998, 2.5232, 2.4664699999999997, 1.8527699999999998, 2.46821, -0.49760000000000026, -0.97342, 0.8471199999999999, 0.14993999999999996, -2.1854000000000005, 0.002569999999999961, -0.0, -2.6011025071795864, -2.2854900000000002, -0.8093200000000005, -2.1711600000000004, -0.4913400000000001, 0.5425, -0.47478, -2.1732700000000005, 2.5140599999999997], "kappa": [5.02769, 2.31418, 4.91681, 14.2224, 20.5753, 0.870208, 4.33269, 16.8599, 8.78816, 18.3743, 5.71688, 10.0533, 10.3235, 1.72177, 0.379684, 2.11615, 7.76505, 5.01729, 3.14291, 0.170964, 15.0649, 19.3101, 6.22121, 5.57971, 8.44669, 8.01205, 6.02225, 0.617135, 1.76195, 4.18062], "beta": 1.56758}