{"theta": [-1.5409800000000002, -0.5213800000000002, -2.0835000000000004, -1.5695200000000002, -2.5505299999999997, -0.92529, -2.4328800000000004, 1.15915, -0.0, -2.57602, 0.26437999999999984, -1.5518900000000002, -1.55511, 1.525417, 2.443485307179586, 2.4526253071795865, 2.1091836, 0.25492000000000004, 0.5453299999999999, 1.206369, 1.995664, 0.5586899999999999, -2.38306, 0.56141, 2.455595307179586, -0.9210400000000001, 2.4571353071795863, 1.6930939999999999, -1.57754, -2.568], "kappa": [7.67672, 10.0234, 8.61094, 10.5818, 3.26974, 4.56874, 4.91167, 8.61841, 29.1185, 4.02043, 14.2881, 3.73463, 7.92594, 5.3279, 8.45692, 2.89841, 6.26377, 2.98626, 5.09374, 6.82245, 6.4988, 5.09373, 4.11278, 5.01764, 3.13586, 3.12132, 4.8836, 12.1854, 6.14073, 4.87553], "beta": 1.48218}