{"theta": [-1.0567700000000002, -2.3135200000000005, 2.887472, 2.68376, 0.8911599999999997, 2.69121, -1.3058000000000005, 1.1899099999999998, -1.38197, 0.89385, -2.4898953071795864, -0.12853000000000003, -1.3114600000000003, 2.63321, -1.90604, 0.47101999999999977, 2.9249639999999997, -0.0, -2.25526, -2.2100800000000005, -3.0508503071795863, 0.55247, 0.06009999999999982, -0.7820600000000004, -1.79378, 0.6723499999999998, -2.00314, -1.6037, 0.5563399999999996, 0.1439499999999998], "kappa": [8.25179, 2.58286, 4.39559, 3.54105, 12.8126, 6.85722, 2.16654, 5.72222, 3.17857, 3.65834, 4.79566, 6.8156, 2.17722, 1.28309, 1.95607, 1.46779, 6.14502, 16.6833, 4.5749, 2.52656, 5.50438, 0.506765, 3.67357, 3.06977, 3.88735, 4.65309, 4.93273, 4.11347, 3.80851, 4.76002], "beta": 3.97398}