{"theta": [-0.3111299999999999, 1.6162099999999997, -0.12497000000000025, 1.6625699999999997, -2.84173, 2.751947307179586, -2.50943, -2.94712, -1.08448, 0.46335999999999977, 1.01192, 1.9811699999999997, -2.2229, 0.4629700000000003, 1.85466, -0.9771399999999999, -2.50414, -1.1022500000000002, 2.849760307179586, 2.8300233071795864, 2.855990307179586, -1.1118999999999999, -1.0289899999999998, -0.6219399999999999, -1.9253, 0.44196999999999953, 0.4299200000000001, 1.5834000000000001, 1.8685200000000002, 0.0], "kappa": [5.81657, 2.27886, 7.94862, 6.43645, 2.91678, 4.33061, 0.53223, 6.31641, 8.67964, 5.6101, 9.34441, 7.29111, 13.4703, 7.03295, 5.2788, 8.38593, 4.95783, 10.2647, 8.17512, 4.19662, 5.60729, 4.92393, 3.30667, 7.49936, 11.2988, 12.4443, 6.98374, 4.4168, 7.61058, 18.8536], "beta": 2.6156}