{"theta": [-1.840677307179586, 1.3788399999999998, -1.4607999999999999, -2.6635593071795864, -2.6445033071795865, -0.0, -0.5719099999999999, -1.854364307179587, -0.5733800000000002, -0.8502299999999998, 2.7069799999999997, 1.0514099999999997, 2.7425999999999995, -1.1570600000000004, 0.8116099999999999, -1.1444999999999999, 1.3712799999999996, 0.81995, 3.02912, 0.8131999999999997, -2.6686433071795865, 1.4752799999999997, 0.8910999999999998, -2.5264263071795865, 2.6948399999999997, 3.01483, -0.5676199999999998, -2.6544563071795864, 2.70256, -0.8441900000000002], "kappa": [15.8368, 4.52191, 11.2245, 4.61156, 8.06217, 31.4439, 0.383201, 3.75497, 5.32774, 5.76788, 4.68839, 16.3959, 20.516, 2.9884, 1.51379, 5.87554, 1.55445, 6.41547, 14.5652, 2.86055, 15.7559, 7.78067, 4.43074, 2.63194, 1.22113, 2.8232, 17.9454, 5.97003, 6.64704, 4.21223], "beta": 1.37245}