{"theta": [-1.2676900000000004, -2.5806400000000003, 2.766641, 2.5285699999999998, 0.2647599999999999, 2.48802, -1.59878, 0.4634499999999999, -1.6275600000000003, 0.8955899999999999, -2.71276, 0.11444999999999972, -1.6079200000000005, 2.5031199999999996, -2.0146, 1.1255899999999999, 2.7254409999999996, -0.0, -2.54949, -2.4370500000000006, 2.8710199999999997, 0.9655499999999999, 0.1376999999999997, -1.0698900000000005, -2.0451099999999998, 1.0907899999999997, -2.19472, -1.78506, 0.9704599999999997, 0.25542], "kappa": [9.98242, 2.69591, 2.84755, 3.67835, 11.6233, 5.31513, 2.13315, 4.39934, 1.89814, 2.33935, 4.27059, 5.85295, 1.89614, 1.00788, 2.77906, 3.50268, 5.42533, 21.0182, 4.90086, 3.93417, 4.71859, 0.378504, 2.7512, 3.09189, 2.75986, 6.29613, 5.67074, 4.03475, 4.62474, 5.82835], "beta": 2.58252}