{"theta": [0.11488999999999994, 1.33255, -2.3348099999999996, -2.6217399999999995, 2.842733, -0.1439499999999998, -2.3585499999999997, -2.5237399999999997, -0.2647499999999998, 0.17679, 1.8286900000000001, 1.25473, 2.934333, -2.3654800000000002, -2.4278299999999997, 0.6488, 2.466059, 2.940975, -0.36628000000000016, -0.71698, -2.06164, 0.7216100000000001, 1.7671700000000001, -2.997813307179586, 1.22581, -2.04593, 2.807551, 0.13571, -0.0007799999999997809, -0.0], "kappa": [6.85906, 3.69895, 2.9971, 11.8051, 7.5517, 4.87745, 4.05524, 5.80857, 8.51182, 2.68006, 4.21616, 3.03645, 4.60853, 2.06672, 8.55849, 10.7667, 7.8634, 10.8009, 7.74621, 6.9134, 7.86298, 13.5967, 5.73432, 9.69273, 2.06645, 2.36635, 5.03798, 4.19165, 4.43685, 14.7114], "beta": 2.07342}