{"theta": [-0.11275000000000013, 2.56933, -1.2033200000000002, -0.16773000000000016, 0.09315999999999969, 0.7099899999999999, 2.105377, -1.5853300000000004, 0.6771599999999998, 1.953827, -1.6256100000000004, -0.5233400000000001, 2.925075307179586, -0.7935500000000002, 1.6587399999999999, -2.37855, -2.37794, -0.77203, -2.39779, 2.695392, -0.7208600000000001, 2.587623, -0.0, 2.779784, 3.027155307179586, -1.58541, 1.69443, 2.8142711, 1.7955199999999998, 0.6369699999999998], "kappa": [4.88236, 1.59742, 12.8136, 6.39042, 6.40371, 4.12703, 15.4075, 4.01358, 7.96972, 11.9651, 4.10028, 8.68063, 5.19655, 7.09926, 2.42046, 1.32503, 3.50449, 5.46219, 10.3748, 3.34533, 2.82498, 3.09383, 20.4437, 2.50432, 3.41013, 3.96322, 3.74586, 9.94771, 8.25102, 6.71666], "beta": 2.06536}