{"theta": [2.7588173071795863, 1.7831373071795857, -0.0, -2.819348, -1.460108, -0.721698, -1.605988, -2.846248, -3.062048, 2.4635373071795863, 2.777917307179586, 1.9861673071795858, -1.687058, 0.7309873071795865, -0.826038, 2.168237307179586, 2.7778173071795864, 2.426097307179586, -1.240848, -1.4848080000000001, 1.5601273071795863, -0.25031800000000004, -2.788548, 1.9707073071795858, 0.7545373071795858, 0.901397307179586, -2.4063280000000002, -0.6797880000000001, -1.373688, 0.7698173071795864], "kappa": [3.58538, 7.31815, 35.3775, 3.54664, 10.8492, 5.24748, 5.68681, 3.62711, 5.66395, 4.81696, 6.017, 3.55444, 7.62156, 2.36375, 3.15085, 11.7994, 3.80867, 1.81236, 4.68977, 3.82453, 5.67964, 3.53492, 3.74446, 2.32135, 5.34377, 4.57909, 6.48179, 1.73594, 9.03744, 3.58068], "beta": 2.04256}