{"theta": [-2.43574, -2.21416, 0.7316100000000003, -2.43732, 2.836361507179586, 2.8432716071795863, 0.05127999999999977, 0.04504999999999981, 0.6875800000000001, -0.14822000000000024, -0.14528000000000008, 2.844095507179586, -0.7639200000000002, -0.15878000000000014, 2.2419800000000003, 2.24462, 2.2868, 1.89296, 1.6056599999999999, 2.7780700071795863, -2.998877, 0.7034299999999996, -1.0559699999999999, 1.9612199999999995, -2.18642, 0.045640000000000125, 2.28581, 0.0, -1.0585200000000001, -2.42159], "kappa": [4.56906, 3.76613, 16.448, 3.09163, 2.40276, 3.9664, 3.26199, 2.34815, 2.60652, 2.75009, 4.44332, 3.97388, 6.45971, 5.84361, 4.51352, 3.04231, 0.108142, 1.91425, 10.7504, 16.0111, 14.4594, 6.30877, 3.96967, 9.94847, 14.5906, 0.677464, 4.96241, 18.7978, 2.36352, 1.72937], "beta": 1.72894}