{"theta": [-0.21389000000000014, -1.2705900000000003, 2.38077, 2.13811, -2.7681899999999997, -0.38953000000000015, 2.3548400000000003, 2.580634, 0.4333800000000001, -0.11093999999999982, -1.8391700000000002, -1.1869500000000004, -2.72154, 2.40591, 2.46264, -0.5608899999999997, -2.0007099999999998, -2.8189255071795865, 0.2524099999999998, 0.7150799999999999, 2.07985, 0.38856, 0.4279099999999998, 3.094369, -1.19787, 1.9724, -2.56259, -0.08287000000000022, -0.2724099999999998, -0.0], "kappa": [7.30791, 5.14599, 3.79999, 10.6609, 7.41587, 6.52267, 2.87439, 5.57443, 7.99439, 2.00129, 4.09359, 3.68658, 3.97354, 1.92055, 6.76516, 9.82805, 7.17635, 11.7019, 6.94946, 6.5807, 8.5805, 12.2822, 0.594457, 10.0304, 3.69846, 2.1741, 6.00499, 3.39502, 4.28267, 12.8341], "beta": 2.80548}