{"theta": [-0.0007899999999994023, 1.5788200000000003, -0.0, 0.002650000000000041, -2.757069307179586, 2.8765300000000003, 2.87465, -0.2973499999999998, 1.89467, 1.57288, -0.3200199999999995, 1.5006100000000004, 1.5778400000000001, 0.00821000000000005, 1.4904200000000003, -1.5042399999999994, -0.3284399999999996, 2.80033, 1.2002100000000002, 0.0025500000000002743, -2.749974307179586, 1.8932300000000004, -2.751014307179586, -1.5012099999999995, -2.797278307179586, 2.73123, -2.084368307179586, -2.751478307179586, -1.4885099999999998, -2.0908973071795858], "kappa": [25.6897, 2.56169, 52.3146, 2.26108, 3.24337, 2.30324, 0.252746, 27.9964, 0.369024, 2.66254, 6.72145, 7.33251, 1.43523, 25.5621, 5.8259, 15.3723, 12.0679, 15.7293, 4.81077, 4.47403, 1.73656, 3.59275, 14.6573, 12.434, 4.2274, 40.6126, 12.8397, 18.175, 7.52586, 8.30241], "beta": 1.33155}