{"theta": [2.0467899999999997, -1.3049, 1.65766, 0.73427, 0.8471899999999999, -2.8797873071795865, 3.00608, 2.04921, 2.9993099999999995, 2.86853, -0.0371100000000002, -1.7976900000000002, -0.0, 2.2459, -1.87146, 2.2536799999999997, -1.3035300000000003, -1.8201200000000002, 0.7238099999999998, -1.87378, 0.80768, -1.1758600000000001, -1.80675, 0.8471899999999999, -0.035980000000000345, 0.05493999999999932, 2.9998299999999998, 1.6507999999999998, -0.037390000000000256, 2.8612199999999994], "kappa": [37.3477, 10.0918, 27.2781, 10.1865, 21.8447, 77.4829, 1.26599, 5.63205, 11.682, 17.7433, 8.92997, 40.2589, 68.6995, 2.78435, 4.08635, 12.7999, 2.78875, 7.93743, 28.9348, 4.28952, 46.6101, 25.4665, 8.17618, 4.07045, 5.08846, 8.94798, 56.8853, 27.1514, 9.20342, 8.15929], "beta": 1.044}