{"theta": [-2.13378, -1.0916100000000002, 2.601198, -2.9114699999999996, 1.5185100000000002, -2.0945, -0.43613999999999997, -1.3533299999999997, -2.5074699999999996, -0.03564999999999996, 2.8033780000000004, 0.3646200000000004, 0.1628700000000003, 2.559475, -2.7403199999999996, 0.5360200000000002, -3.095731307179586, 0.4128000000000003, 1.48378, -0.69949, 1.6136200000000003, -2.0976799999999995, -1.15165, -0.13666999999999963, -0.0, -0.2930999999999999, 2.3974, -1.1536999999999997, 2.14413, -1.0177800000000001], "kappa": [4.69619, 7.62385, 4.74323, 9.89864, 5.17619, 1.49884, 6.12403, 5.0952, 3.68814, 9.35701, 4.97619, 4.43744, 5.3007, 6.03714, 7.21103, 5.17768, 12.24, 6.48548, 1.92471, 10.7107, 13.1558, 8.46866, 12.8399, 6.17997, 17.2527, 3.76062, 6.82985, 4.47979, 16.4459, 4.21016], "beta": 3.01073}