{"theta": [-0.8216700000000001, 2.3542799999999997, -1.2590200000000005, -2.7164473071795863, -0.0, 0.91188, 0.9522399999999998, 0.22074000000000016, 0.9842200000000001, -0.3254900000000003, -1.2454400000000003, -2.5984573071795865, 0.81609, 1.8514999999999997, 0.5715699999999999, -2.696240307179586, -2.715789307179586, -2.2622103071795863, 2.44872, -0.5694400000000002, 2.29569, 0.26583999999999985, -0.4164300000000001, -0.31638000000000055, -1.2416100000000005, 2.25114, -2.3712463071795864, 2.13067, -1.2608500000000005, 2.32611], "kappa": [4.44407, 2.95863, 1.56482, 1.28725, 16.4499, 8.7574, 10.3839, 4.36033, 5.96457, 3.9162, 3.32652, 2.90953, 5.24544, 3.46464, 7.84108, 4.52584, 1.30932, 3.9772, 6.90795, 8.2877, 4.24005, 6.67489, 6.83, 3.85723, 1.48657, 1.80591, 3.32409, 6.2188, 7.60019, 2.64772], "beta": 2.3431}