{"theta": [2.7877553071795864, 1.7261253071795863, 0.0, -2.4117399999999996, -1.1905199999999994, -0.2270500000000002, -1.50622, -2.35213, -3.1411599999999997, 2.5215953071795867, 2.8398653071795863, 1.7959353071795867, -1.5577999999999994, 0.7241163071795862, -0.24495999999999984, 1.9875153071795868, 2.8444253071795864, 2.5205453071795865, -1.21908, -1.39813, 1.4776253071795864, -0.8863199999999996, -2.34943, 1.797665307179587, 0.8336893071795863, 0.862351307179587, -2.65236, -0.19105999999999934, -1.37601, 0.8252023071795866], "kappa": [5.14169, 7.01822, 29.657, 4.17208, 12.7293, 5.00494, 6.27492, 2.74648, 5.23288, 5.47078, 6.44638, 3.58665, 6.37208, 4.33826, 4.96981, 13.859, 3.87666, 3.10373, 4.6708, 4.03343, 5.43096, 2.29877, 3.98446, 2.18026, 4.73666, 2.17303, 6.54574, 6.819, 7.19834, 3.32095], "beta": 1.85282}