{"theta": [-2.4553853071795864, -2.3819453071795866, 0.8376500000000002, -2.4992353071795863, 2.8830099999999996, 2.8658799999999998, -0.024550000000000072, -0.021830000000000016, 0.7275099999999999, -0.49238000000000004, -0.45008000000000004, 2.8792099999999996, 0.17313, -0.4841599999999999, 1.8015299999999999, 1.8818599999999999, 1.80344, 1.3542500000000002, 2.16563, 2.5966699999999996, -2.932685307179587, 0.7866199999999999, -1.5794853699999998, 1.62213, -2.1855753071795867, -0.02751999999999999, 1.8029499999999998, 0.0, -1.5849, -2.479205307179586], "kappa": [5.64068, 3.7084, 13.3921, 2.94778, 3.12153, 4.58716, 3.74078, 2.45519, 3.10247, 2.87196, 5.88991, 4.63468, 4.30979, 7.5096, 4.24866, 4.31343, 0.279092, 2.7521, 9.57203, 14.7232, 10.5665, 6.17764, 4.75194, 8.70398, 13.0866, 0.834288, 3.28987, 12.7101, 0.653953, 1.54368], "beta": 2.10474}