{"theta": [3.0699653071795865, 1.6089349999999998, 2.559515307179586, -2.99983, -2.73161, 2.092845, -2.7056899999999997, -0.1654, -0.0, -2.8011100000000004, 0.67638, 2.969395307179586, 2.6602253071795863, -0.57992, -1.3490600000000001, -1.35243, -1.0983900000000002, 0.68024, 0.5920099999999999, -0.20347000000000026, -0.9373900000000002, 0.6325399999999999, -2.66943, 0.66486, -1.362, 2.0831999999999997, -1.35439, -0.62019, 2.935125307179586, -2.76687], "kappa": [6.66386, 10.6433, 9.04112, 8.13465, 2.61822, 5.32183, 4.02403, 7.92782, 31.1928, 3.11103, 12.0009, 5.10267, 8.1842, 4.36801, 5.4376, 2.45768, 5.88377, 2.01343, 4.2415, 6.076, 7.6678, 7.85793, 3.49749, 5.4231, 2.45647, 3.70068, 4.03149, 9.1519, 5.11941, 3.83521], "beta": 1.61456}