{"theta": [2.2962553071795866, -0.8741899999999996, 2.068925307179587, -0.39350999999999914, -0.8822999999999999, -0.3804999999999996, -2.33565, -1.8573399999999998, -2.3644999999999996, 0.80051, -2.1380099999999995, 0.11699999999999999, -0.34834999999999994, 2.672665307179587, 0.8112500000000002, 2.5468153071795867, 2.6783153071795867, -2.0187999999999997, -2.3848799999999994, 0.0, -0.38919999999999977, 2.0381553071795864, 0.7627400000000009, 2.098055307179587, 0.40598000000000045, -2.0190999999999995, -2.3560699999999994, 0.78247, 2.3063853071795863, 0.06966000000000072], "kappa": [2.4496, 3.59364, 2.32002, 8.7804, 1.99912, 2.3946, 5.94185, 6.63486, 1.44128, 3.27109, 4.90861, 11.4955, 5.49893, 1.47367, 11.5991, 11.5526, 6.2, 0.362501, 6.21993, 12.0029, 4.16604, 3.73438, 4.77319, 7.60142, 2.04827, 3.15062, 4.48131, 8.29423, 4.79305, 1.41866], "beta": 2.09774}