{"theta": [-1.2208199999999998, 1.6775913071795863, -0.7664, 3.084955307179586, 0.0, 0.5244, 0.6514899999999999, -0.049559999999999604, 0.5910099999999998, -1.10588, -0.7560599999999997, 2.755655307179586, 0.4194800000000001, 1.137913307179586, 0.28071999999999964, 3.095325307179586, 3.088745307179586, -2.85828, 1.628262307179586, -1.2277300000000002, 1.7547913071795858, 0.061329999999999885, -0.4794799999999997, -0.4635499999999997, -0.7682000000000002, 1.7791343071795858, -2.95323, 1.589507307179586, -1.4135900000000001, 1.7653593071795868], "kappa": [6.10133, 2.71419, 0.666239, 1.12281, 15.7949, 7.25091, 7.64359, 4.19112, 4.97698, 8.23265, 2.50577, 5.1369, 4.28667, 4.22629, 6.65434, 6.22491, 0.91577, 5.85695, 5.49431, 7.74135, 3.41098, 5.75552, 5.50294, 4.70097, 0.709478, 1.52415, 3.16904, 5.76532, 8.87051, 2.57132], "beta": 2.59114}