{"theta": [0.5198500000000004, 0.0, 2.6647700000000003, 0.9202300000000001, -2.1978999999999997, -2.0922229999999997, -2.6033, -3.0968653071795864, -1.6907699999999999, 1.4953800000000004, -1.66993, 1.2157700000000005, -0.12970999999999977, 2.6930100000000006, -0.12834999999999974, 0.41883000000000026, -1.64085, 0.41154, 2.6999100000000005, 1.52204, 2.68404, -0.1413899999999999, 1.4167200000000002, -2.323997, 0.44311000000000034, -0.46992999999999974, 2.73272, -2.92679, 1.9256800000000003, -1.3788799999999999], "kappa": [5.67597, 15.2225, 12.2285, 2.91773, 2.44844, 6.34816, 5.11338, 3.86128, 3.13014, 7.59301, 4.34538, 6.61189, 1.66543, 1.93869, 9.51355, 5.30503, 4.39988, 3.98136, 3.99826, 2.48405, 3.91882, 3.15579, 6.30209, 6.13604, 5.30015, 10.0296, 12.341, 5.92728, 12.1074, 4.70402], "beta": 2.03332}