{"theta": [2.069446307179586, 1.9004363071795867, 0.35777599999999987, -1.204139, -0.6269390000000001, 2.5189663071795865, -1.246499, -2.569229, 0.8001963071795863, -0.6202990000000002, 2.903886307179586, 1.5700463071795863, -0.6258790000000003, 0.4211933000000001, 2.9982763071795864, 1.0619563071795861, 0.7497063071795864, -1.275419, -2.495209, -0.16929799999999995, 2.832846307179586, 1.7537963071795861, 2.9552863071795863, 0.8384963071795859, -2.557719, -0.520349, 2.091736307179586, -1.274719, -2.532659, -0.0], "kappa": [4.8145, 4.06801, 12.441, 3.67318, 3.41678, 7.82593, 3.47696, 5.88193, 7.48886, 3.29273, 5.09087, 3.78083, 6.07292, 2.95257, 7.05456, 9.34582, 4.62886, 0.981841, 7.95156, 5.81062, 5.18048, 4.07289, 5.21501, 3.23539, 5.98598, 6.03666, 1.94602, 0.177069, 2.07581, 13.1191], "beta": 2.06144}