{"theta": [-3.124605307179586, -2.219255307179586, -0.0, 2.1438400000000004, 0.9277100000000003, 0.1145700000000005, 1.07125, 2.14922, 2.2531300000000005, -3.123045307179586, 2.90383, -2.2216653071795864, 1.0887400000000005, -0.7076353071795864, 0.11098000000000052, -2.689785307179586, 2.9135700000000004, -3.122615307179586, 0.9114200000000006, 0.9761100000000003, -1.8074453071795862, 0.5987600000000004, 2.1330500000000003, -2.227025307179586, -1.1222153071795855, -1.1378963071795862, 1.8052800000000002, 0.11112000000000055, 1.0001500000000005, -1.137876307179586], "kappa": [3.30037, 9.17756, 51.6237, 3.15645, 15.3858, 5.54586, 5.72461, 3.28274, 6.40805, 4.90208, 6.78045, 4.35454, 8.15591, 5.3928, 3.34784, 18.1699, 5.11, 1.83964, 4.46584, 3.34383, 5.41526, 2.20137, 3.39744, 2.45585, 4.48137, 4.26746, 7.32784, 5.59915, 9.92317, 2.37057], "beta": 1.42183}