{"theta": [2.41047, -1.4112853071795861, -1.4296153071795867, 1.60637, -2.6217553071795865, 2.33683, 0.27954000000000034, 2.68604, 1.5480400000000003, 1.9574800000000003, -1.4185353071795852, 1.59668, 0.2247600000000003, 3.09492, 2.5441700000000003, -2.7535853071795864, 0.2925300000000002, -1.0362853071795861, 2.5118300000000002, -0.8998953071795857, 3.02855, 1.9683700000000002, -1.1736553071795868, -0.7423230999999997, -2.8150553071795863, 1.9587500000000002, 0.35738000000000025, -1.4813253071795867, 0.57088, 0.0], "kappa": [3.07506, 7.21204, 1.57209, 9.5887, 6.91817, 7.52085, 3.28319, 9.22518, 5.22228, 0.721568, 4.49508, 6.87893, 1.47625, 4.50882, 5.39686, 3.60222, 1.00407, 3.73455, 4.1118, 4.41339, 3.37495, 3.79806, 3.58784, 11.1617, 4.92506, 6.12622, 6.84029, 6.32368, 4.25815, 17.8067], "beta": 2.13146}