{"theta": [1.4488758071795864, -1.2787199999999994, -1.2718399999999996, 2.0219203071795864, -2.3386399999999994, 1.501707207179587, 0.3520400000000006, 2.774885307179587, 2.2203773071795867, 1.724738307179587, -1.2583499999999996, 2.0472543071795872, 0.27644, 2.735075307179587, -3.0765399999999996, -2.6013599999999997, 0.3900300000000003, -0.8706499999999995, 2.823755307179587, -0.7301899999999995, 2.4125033071795867, 1.748769307179587, -1.0477799999999995, -0.6357599999999994, -2.7500999999999998, 1.7147523071795865, 0.44675000000000065, -1.2980099999999997, 0.6913200000000002, 0.0], "kappa": [4.81918, 5.45877, 1.1919, 6.32797, 8.48056, 7.59484, 3.4073, 11.6194, 4.54164, 0.792272, 4.26479, 5.62314, 1.74213, 4.2107, 7.36914, 3.68271, 1.33356, 3.93513, 5.54565, 3.26707, 3.95263, 3.60964, 3.81029, 11.5884, 5.91251, 5.4831, 6.4786, 5.70643, 4.34149, 15.1401], "beta": 2.31265}