{"theta": [2.09758, 1.1252199999999997, 2.715804307179586, 2.2069400000000003, -3.138144, 1.5283299999999995, 2.979274307179586, -0.3384499999999999, 0.0, -3.12937, 0.17825000000000024, 2.0686099999999996, 2.00788, -0.8715000000000002, -1.7279, -1.77684, -1.4653800000000001, 0.39588999999999963, 0.5867100000000001, -0.4535, -1.3599999999999999, 0.4025299999999996, 2.8706773071795864, 0.5011200000000002, -1.7775500000000002, 1.49538, -1.7732100000000002, -1.04385, 2.1277099999999995, 3.138339307179586], "kappa": [7.22914, 6.88114, 5.87511, 9.17889, 3.73098, 4.40375, 5.39998, 8.41443, 26.5313, 2.45818, 11.4705, 4.21154, 5.83027, 4.96378, 7.41519, 2.91739, 5.57929, 2.94621, 4.9958, 6.47137, 5.75766, 7.09634, 4.44832, 4.25275, 2.81875, 3.38025, 4.32781, 11.0303, 5.83734, 5.09254], "beta": 1.80816}