{"theta": [-2.519194, 1.27475, 1.37439, -3.030405307179586, 3.04833, 2.32679, 1.7554400000000001, 2.20233, -0.96235, 1.9439000000000002, 2.92256, -2.048292, -1.794464, -2.9387253071795865, 0.3166199999999999, 0.9617399999999998, -2.352442, 0.0, 0.8608099999999999, 0.2837700000000001, 2.0961499999999997, 0.2615599999999998, -2.061638, 1.3971999999999998, -1.71365, -2.111285, -1.792795, 2.9987500000000002, 1.3814400000000004, -1.982199], "kappa": [7.95568, 5.30656, 2.67508, 3.79212, 9.19198, 10.2098, 6.8067, 6.41532, 6.88935, 2.70622, 6.87449, 3.00424, 5.36561, 9.89506, 4.68625, 7.59478, 8.6536, 19.8332, 2.58566, 6.75442, 10.8052, 4.71288, 0.49012, 2.67656, 3.64323, 3.44403, 0.448399, 2.30698, 4.57972, 5.49386], "beta": 2.26961}