{"theta": [-1.362661, -2.7992553071795863, -0.024070000000000036, -1.6472453071795856, 0.76671, -2.7990353071795857, -2.6941953071795863, -1.2141240000000002, -0.023679999999999923, 2.6681800000000004, 2.4713399999999996, 0.7723899999999999, 0.4619500000000001, 2.4695400000000003, -1.8202053071795863, 2.6790200000000004, 2.67615, 0.46181000000000005, -0.022440000000000015, 0.4615499999999999, -1.8137253071795856, -1.8133753071795864, 0.05126999999999993, 2.4700800000000003, 3.0225, 3.02217, 0.0, -1.3608300000000002, -1.6516253071795859, -0.03258000000000005], "kappa": [4.26139, 56.2796, 66.8607, 8.58581, 37.4936, 0.174153, 70.8523, 35.2941, 7.11639, 47.6682, 23.6181, 37.4232, 26.4413, 4.58545, 18.958, 6.14209, 10.5965, 2.98399, 66.9309, 141.275, 6.88929, 0.49601, 18.6789, 42.764, 15.2256, 4.63516, 238.372, 14.0041, 19.7787, 88.761], "beta": 1.00896}