{"theta": [1.2791199999999998, -2.0557063071795865, 1.9060099999999998, 3.0463, -0.0, -0.57592, -0.7673500000000004, 0.17032000000000025, -0.68112, 1.04127, 1.895, -0.01688000000000045, -0.51729, -1.3907753071795863, -0.2861799999999999, 2.91273, 3.04915, 2.84394, -1.9661883071795865, 1.07097, -2.116359307179586, 0.07167999999999974, 0.9104199999999998, 0.7660200000000001, 1.85167, -2.1856513071795867, 2.87765, -1.919717307179586, 1.88837, -2.1395513071795857], "kappa": [5.39243, 2.6326, 0.828047, 2.34454, 17.2183, 8.56798, 9.03034, 4.83842, 5.70038, 7.23185, 3.95789, 0.221025, 5.18421, 4.67803, 8.27917, 3.69156, 0.670803, 3.93468, 5.9187, 7.31195, 4.02585, 6.81367, 7.01063, 4.63244, 1.37247, 2.46083, 1.62962, 6.36249, 9.45054, 2.9959], "beta": 2.41918}