{"theta": [0.02205999999999997, 1.656265307179586, -0.0, 0.00391000000000008, -2.5193600000000003, 3.0094753071795863, 3.0054653071795863, -0.3561000000000001, 2.015085307179586, 1.6575753071795862, -0.3684099999999999, 1.2733789999999998, 1.654365307179587, 0.09549000000000007, 1.3063470000000001, -1.1254400000000002, -0.1399300000000001, 2.8976353071795864, 1.069808, 0.005489999999999995, -2.5143799999999996, 2.0123053071795862, -2.5142900000000004, -1.02176, -2.61169, 2.8275853071795862, -1.57801, -2.51707, -1.0636899999999998, -1.5878800000000002], "kappa": [16.1439, 2.59701, 36.905, 3.63684, 5.29039, 2.51293, 0.347088, 23.4042, 0.47234, 4.18038, 7.50093, 6.17885, 2.66846, 19.285, 6.5263, 14.1263, 11.3294, 14.5105, 3.57334, 2.0624, 2.22089, 3.83323, 13.9075, 9.35527, 4.66486, 32.7249, 9.09124, 16.5812, 4.66586, 7.47371], "beta": 1.5237}