{"theta": [2.26886, -1.4005953071795858, -1.4012553071795866, 2.73215, 3.10869, -0.2556750000000001, -1.1816453071795863, -2.0993853071795865, -0.28990099999999996, -2.006895307179586, -3.121525307179586, 1.20608, 1.9896600000000002, 2.64976, 0.03794999999999993, -0.8938350000000002, 1.4218899999999999, 0.0, -0.8069800000000003, 0.034419999999999895, -2.1762653071795866, 0.0420499999999997, 1.2103000000000002, -1.383865307179586, 1.89913, 1.1006399999999998, 1.99378, 3.0593199999999996, -1.3788453071795859, 1.8078500000000002], "kappa": [7.98697, 5.0442, 2.47156, 4.40099, 13.341, 11.2992, 7.99349, 7.64681, 3.32271, 3.48609, 8.57835, 5.18026, 4.78768, 12.5362, 0.820452, 5.44091, 11.2646, 15.4434, 2.30669, 4.75465, 11.8913, 2.72703, 0.534671, 2.13303, 3.56246, 4.03458, 0.518544, 2.65795, 4.67181, 4.99722], "beta": 2.28482}