{"theta": [0.52287, 1.7559799999999999, -0.5409299999999999, -1.6244097, -3.031825307179586, 2.59159, 2.6718, 1.9482700000000002, -1.2250219999999998, 0.7197799999999999, -1.8958553071795858, -1.474687, -2.0836153071795858, -1.9185653071795858, -1.8357053071795857, 2.7935300000000005, 1.9236799999999998, 2.3497000000000003, 1.2231699999999999, 0.5666800000000001, 0.51217, 1.9901600000000002, 0.9958199999999999, -3.0605153071795863, 0.9263899999999998, -0.53902, -0.5158, -1.159801, -3.0935453071795855, 0.0], "kappa": [3.03441, 5.42897, 4.55277, 5.205, 4.07376, 4.00983, 6.7508, 5.09505, 4.97436, 9.34363, 2.73671, 4.02719, 3.43054, 4.97997, 10.0233, 20.2306, 5.23139, 11.3808, 8.42978, 5.47953, 2.85978, 6.79184, 3.56002, 2.46187, 5.72076, 1.05591, 6.06379, 7.25624, 5.35203, 25.0969], "beta": 2.55869}