{"theta": [1.64376, -1.0680799999999997, 2.20515, -2.51001, -0.0, 0.21189999999999998, 0.4301400000000002, 0.7582, 0.11397000000000013, 1.4521300000000001, 2.222354, -2.1068199999999995, 0.18339000000000016, -0.5507299999999997, 0.5624000000000002, -2.5343199999999997, -2.4843800000000003, -2.9323900000000003, -1.0326400000000002, 1.47252, -1.1612499999999994, 0.7537500000000001, 1.3824900000000002, 1.22547, 2.216323, -1.2215899999999995, -2.7783199999999995, -1.0093399999999995, 2.188445, -1.2025599999999996], "kappa": [5.07122, 1.94569, 1.93218, 1.66036, 15.2435, 7.80165, 8.11856, 3.93826, 5.80941, 6.57253, 3.97803, 4.91292, 4.09123, 4.3983, 4.50265, 6.42511, 1.67009, 6.31121, 5.71736, 7.77411, 3.65756, 5.53137, 5.30937, 4.28353, 1.58601, 2.02704, 3.38081, 5.99963, 7.65666, 1.79033], "beta": 2.82762}