{"theta": [2.4697800000000005, 2.9174800000000003, -0.0, 2.2848700000000006, -1.4414753071795854, -2.2369453071795853, -0.9857263071795863, -0.2549299999999999, -1.9736553071795857, 1.5576400000000001, -1.9169853071795853, 1.8815600000000003, 3.0793800000000005, 0.05545000000000044, 3.0446500000000003, 2.5376800000000004, -1.9518953071795853, 2.4714700000000005, 0.03514000000000017, 1.4707400000000002, 0.08099000000000078, 3.0974900000000005, 1.9423000000000004, -1.1796523071795857, 2.5321300000000004, -2.877355307179586, 0.32114000000000065, -0.26901999999999937, 1.2912500000000007, -2.2652553071795856], "kappa": [3.40549, 11.5704, 16.9839, 2.89659, 3.02962, 6.02599, 6.04246, 2.82353, 2.88389, 7.97942, 4.34733, 5.3429, 1.64193, 2.34439, 8.04378, 4.57023, 4.15124, 4.39883, 2.05804, 1.87449, 5.89129, 3.0676, 5.34008, 8.61968, 4.82911, 7.93982, 12.5795, 8.33336, 12.1669, 3.77643], "beta": 2.20374}