{"theta": [0.28919000000000006, 1.6509199999999997, -0.7858230000000002, -2.083165307179586, 3.0131699999999997, 2.2904799999999996, 2.3077300000000003, 1.7290799999999997, -1.6526986, 0.46938999999999975, -2.434025307179586, -1.8906253071795867, -2.7614953071795867, -2.4350653071795865, -2.0244053071795864, 2.4524799999999995, 1.63776, 2.0233499999999998, 1.04141, 0.22706999999999988, 0.2749299999999999, 1.89411, 0.7710300000000001, 3.0584999999999996, 0.74377, -0.7724760000000002, -0.761215, -1.4252190000000002, 2.9347000000000003, 0.0], "kappa": [2.64442, 5.00003, 4.48506, 5.96589, 4.13367, 3.80524, 6.2364, 4.92634, 6.14344, 10.1415, 3.32885, 4.54118, 5.31157, 4.36307, 12.6264, 17.4081, 4.09154, 10.3497, 9.15967, 7.683, 2.89344, 5.36927, 3.57736, 4.19855, 6.10224, 0.869209, 6.09254, 6.91048, 5.52432, 27.0713], "beta": 2.31987}