{"theta": [-0.4660899999999999, 1.8656800000000002, 0.060880000000000045, 1.8759900000000003, -2.4243253071795863, -2.9273753071795863, 2.96941, -2.5227453071795862, -1.2698739999999997, 0.21530000000000005, 1.0495900000000002, 2.56189, -2.0350553071795865, 0.2637900000000002, 1.9663300000000001, -0.9622489999999999, 3.0564, -1.1841809999999997, -2.902065307179586, -2.7965753071795865, -2.711755307179586, -1.158864, -1.155948, -0.9200179999999998, -1.6314110999999998, 0.2336800000000001, 0.5277400000000001, 1.8206000000000002, 2.11105, 0.0], "kappa": [6.40774, 2.08033, 10.2904, 7.5794, 2.50046, 3.23215, 2.96793, 6.5149, 6.95981, 4.36067, 11.5855, 8.95831, 12.316, 8.85406, 3.89543, 7.38016, 5.00172, 7.98556, 7.48989, 4.93632, 4.1199, 5.54959, 3.9853, 8.31805, 10.3833, 13.9257, 5.17849, 5.00839, 8.87027, 21.882], "beta": 2.18222}