{"theta": [-1.3591000000000002, -2.59906, 0.0008999999999996788, -1.6325200000000004, 1.50216, -2.5992100000000002, -2.58842, -1.0618600000000002, -0.0020100000000002893, 2.8126183071795863, -3.11104, 1.5048399999999997, 1.4955499999999997, 1.5049399999999995, -1.6278300000000003, 2.811125307179586, 2.816807307179586, 1.0814300000000001, 0.021529999999999383, 1.0412799999999995, -1.6315700000000004, -1.79801, 0.19019999999999992, 2.700247307179586, -3.00788, -3.0192900000000003, 0.0, -1.3495000000000004, -1.7958800000000004, -0.009689999999999976], "kappa": [1.9247, 13.7539, 19.3542, 3.47299, 12.4896, 0.931331, 14.0625, 8.49485, 3.36908, 12.0588, 8.89189, 9.65179, 9.68926, 4.77029, 7.36697, 2.12281, 3.71618, 3.29673, 19.2508, 28.065, 0.748801, 0.326176, 6.77537, 9.69438, 4.38429, 1.5668, 34.1469, 4.83628, 8.06633, 23.8659], "beta": 1.30827}