{"theta": [-0.48017, -2.1035000000000004, -0.0, -0.49174000000000007, 2.131775307179587, 2.885225307179587, 2.8877953071795863, 0.04099000000000008, -2.5473, -2.10741, 0.11480000000000001, -1.92684, -2.1017400000000004, 1.876705307179586, -1.9421100000000002, 0.9655989999999999, -0.28886999999999996, 2.8170053071795866, -1.74109, -0.4817500000000001, 2.123865307179586, -2.54561, 2.2685453071795862, 0.14960000000000018, 2.172785307179587, 2.482915307179587, 1.1205420000000001, 2.1546553071795866, 0.13792000000000004, 1.111188], "kappa": [24.5877, 3.458, 48.6174, 6.1487, 4.43352, 2.51641, 0.343505, 28.8546, 0.420236, 3.60956, 6.8603, 6.55208, 2.01916, 20.964, 4.92086, 18.2832, 11.1915, 14.1536, 4.43151, 2.64627, 1.28374, 4.17304, 13.1683, 12.6239, 3.78091, 35.4576, 11.8986, 17.5604, 6.99533, 7.29783], "beta": 1.35925}