{"theta": [0.06858000000000031, 1.4522333071795863, -0.7386719999999998, -1.891212, 3.0557233071795866, 2.2572633071795867, 2.3062833071795863, 1.6168633071795862, -2.124602, 0.352519, -2.4111819999999997, -1.9527919999999996, -2.7583019999999996, -2.422382, -2.1876019999999996, 2.3134533071795866, 1.6106533071795868, 1.9624433071795861, 1.0210233071795862, 0.04241600000000023, 0.07951100000000011, 1.6469933071795868, 0.5770233071795863, 3.1111133071795867, 0.5373580000000002, -0.7309219999999998, -0.7149519999999998, -1.6844219999999996, 2.9276833071795862, -0.0], "kappa": [1.81572, 5.34785, 4.61572, 5.44811, 4.26374, 4.05011, 6.68797, 4.86967, 3.00204, 7.20271, 3.21869, 5.5888, 5.33522, 5.28789, 9.73355, 19.8678, 4.78851, 12.7749, 8.85853, 7.89683, 3.3926, 6.41002, 3.60105, 4.33112, 5.96769, 0.983553, 4.7192, 7.66569, 5.63759, 25.0182], "beta": 2.51545}