{"theta": [1.0911300000000002, 2.386111, -2.83384, -2.74928, -1.2959399999999999, -2.63266, 1.3639100000000002, -1.4796799999999997, 1.42565, -0.6639900000000001, 2.6078141, -1.2521299999999997, 1.3822100000000002, -2.62144, 1.8527770000000001, -0.42402000000000006, -2.85355, -0.0, 2.4101850000000002, 2.2353020000000003, 3.1255253071795868, -0.5341499999999999, -1.04902, 0.7447600000000001, 1.8417, -0.4731399999999999, 1.9475960000000003, 1.75096, -0.5314899999999998, -1.1364299999999998], "kappa": [10.9516, 2.95972, 4.03819, 2.35267, 11.9256, 4.75141, 2.17693, 6.59648, 3.37782, 3.08827, 5.06486, 6.49767, 2.07367, 0.699395, 1.99009, 2.70799, 5.43684, 18.8063, 4.20626, 3.96818, 4.63793, 0.180356, 2.90057, 3.46025, 3.1733, 5.60196, 4.15367, 4.25978, 2.76864, 5.68922], "beta": 3.43453}