{"theta": [-2.130833, -0.28593999999999964, 2.29727, -1.918408, -1.6391499999999999, 0.0, 0.48774000000000006, -0.038269999999999804, -0.46617, 1.2782400000000003, -0.48, 2.6710000000000003, 0.5166400000000002, 1.14905, 1.8518, -1.922244, -2.9277953071795864, -0.4777899999999997, -2.920245307179586, -2.9218553071795856, -2.135509, 2.6890800000000006, -2.941645307179586, 2.723, 2.6930899999999998, 1.09261, -1.6266399999999999, -2.1488169999999998, 0.6661600000000001, -1.6244999999999998], "kappa": [6.52139, 3.12664, 10.858, 6.11983, 4.16212, 24.9497, 7.13929, 6.47467, 2.04508, 13.4155, 7.008, 5.72843, 7.06075, 5.52906, 7.39277, 0.328125, 9.43697, 5.20767, 4.75737, 1.31927, 2.35357, 4.1475, 6.36663, 7.42946, 2.56465, 7.11981, 5.72826, 3.84184, 10.7744, 4.20826], "beta": 1.71679}