{"theta": [2.4199219999999997, -2.189473307179586, 0.8344619999999998, 2.734522, 0.017098999999999975, -2.191873307179586, -2.1889733071795865, -0.7430333071795863, 1.0108519999999999, -1.7110033071795865, -1.1724633071795862, 0.0024489999999999235, 0.38993199999999995, -1.1588033071795865, 2.724622, -1.6893433071795867, -1.692763307179586, 0.3948019999999999, 0.9718819999999999, 0.3993019999999996, 2.737892, 2.916802, 0.786932, -1.1675633071795861, -1.9096533071795863, -1.9094633071795863, 0.0, 2.414632, 2.912832, 1.014632], "kappa": [2.38045, 13.3289, 16.9536, 2.27585, 11.2891, 0.493524, 15.8446, 7.28065, 4.59702, 10.534, 7.19146, 9.00366, 10.0468, 5.46123, 7.66605, 0.809857, 3.48165, 1.32591, 18.4819, 18.6982, 2.24955, 2.1006, 6.06959, 7.15219, 3.74857, 1.29673, 34.0844, 4.11933, 8.99376, 17.9018], "beta": 1.36987}