{"theta": [1.1843653071795863, 2.1990053071795863, -2.8193400000000004, -2.5992000000000006, -0.8912400000000007, -2.6165100000000003, 1.3745453071795861, -0.6905900000000003, 1.5542253071795855, -1.0395200000000004, 2.386495307179586, -0.29155000000000086, 1.3698253071795854, -2.5724200000000006, 1.7684853071795859, -1.3993300000000009, -2.8176800000000006, 0.0, 2.306325307179586, 1.9949353071795857, -3.0782800000000003, -1.2753300000000003, -0.37674000000000074, 0.8720803071795853, 1.7433653071795856, -1.1685600000000003, 1.8875753071795858, 1.6687353071795856, -1.25964, -0.4607000000000001], "kappa": [10.0628, 3.21089, 4.36536, 3.62089, 9.51049, 6.66703, 1.6085, 4.29986, 2.16961, 3.29275, 4.88288, 6.09657, 1.57159, 1.34511, 1.96791, 3.21487, 5.96451, 19.3861, 4.44112, 3.11723, 5.38912, 0.433744, 3.13973, 3.46936, 2.75839, 5.58609, 4.63944, 3.6087, 4.80129, 3.98254], "beta": 3.33992}