{"theta": [0.17071000000000058, 1.6102453071795866, -0.7572399999999995, -1.58405, -3.0434799999999997, 2.237955307179586, 2.3234753071795864, 1.799495307179587, -1.2772100000000002, 0.4307400000000001, -1.8813799999999996, -1.4255199999999997, -2.3045799999999996, -1.82843, -1.6376199999999996, 2.6818253071795866, 1.7874553071795862, 2.1564453071795864, 1.122955307179586, 0.1294000000000004, 0.14911999999999992, 1.8531453071795863, 0.7470572071795862, -2.9589299999999996, 0.6845100000000004, -0.7588099999999995, -0.6039500000000002, -1.3519899999999998, 3.0255353071795863, 0.0], "kappa": [2.66836, 4.40878, 4.12529, 3.46919, 5.16807, 2.45587, 5.14335, 4.95853, 5.18421, 10.2296, 3.27692, 4.4573, 5.88146, 5.05588, 10.4543, 16.6137, 4.94191, 10.1426, 10.2331, 7.53442, 2.80919, 6.13842, 3.78638, 5.3541, 6.61216, 0.501008, 5.53376, 7.13672, 6.6874, 23.465], "beta": 2.71551}