{"theta": [0.14706600000000014, 1.3669103071795865, -2.369885, -2.218075, 2.807710307179587, -0.07057999999999964, -2.401805, -2.403495, -0.21608699999999992, 0.15705300000000033, 1.810170307179586, 1.2313303071795865, 2.8981903071795863, -2.3947249999999998, -2.537565, 0.6313303071795868, 2.1832803071795865, 2.9134803071795865, -0.44613499999999995, -0.6244949999999998, -2.144405, 0.5705203071795868, 1.7293203071795862, -3.0344849999999997, 1.2630203071795867, -2.163865, 2.7644603071795864, 0.12990700000000022, -0.012787999999999577, -0.0], "kappa": [8.03873, 3.88706, 4.00434, 13.027, 6.44406, 3.25589, 3.33594, 4.96256, 8.45804, 2.0238, 4.16865, 2.19256, 4.97602, 0.648455, 8.81401, 10.854, 7.12101, 11.0541, 7.06401, 6.50433, 8.68626, 14.9131, 5.45188, 9.98617, 3.17731, 1.06415, 5.24196, 3.80476, 3.95212, 14.4516], "beta": 2.20096}