{"theta": [1.4237000000000002, 2.65845, 0.005630000000000024, 1.69558, -1.18207, 2.65806, 2.66512, 1.2117200000000001, 0.006240000000000023, -2.838865307179586, 3.09839, -1.1937829999999998, -1.190461, -1.19048, 1.6956100000000003, -2.831565307179586, -2.8202953071795864, -0.27186, -0.2745599999999999, -0.27081999999999984, 1.6955400000000003, 1.7261700000000002, -0.20562999999999998, -2.7406253071795863, 3.05931, 3.0584, 0.0, 1.4262100000000002, 1.7265800000000002, 0.008870000000000156], "kappa": [4.21876, 52.4439, 78.5601, 6.57942, 30.9269, 1.66471, 56.25, 38.5161, 10.8285, 46.2909, 15.4691, 30.5243, 30.5173, 12.2193, 11.2135, 5.5251, 11.3233, 2.03282, 68.194, 66.7645, 2.90708, 2.60527, 20.1467, 56.0716, 11.4875, 3.08331, 235.002, 14.1529, 14.2377, 101.094], "beta": 1.00939}