{"theta": [2.8739983071795865, 1.9689883071795862, -0.0, -2.396417, -1.0190169999999998, -0.2500269999999998, -1.286597, -2.405037, -2.608667, 2.687498307179586, 2.9455083071795864, 2.059128307179586, -1.284897, 0.9721983071795872, -0.24024699999999988, 2.2163983071795865, 2.9692783071795863, 2.670418307179586, -0.993247, -1.199147, 1.7414583071795864, -0.6612469999999999, -2.397607, 2.056048307179587, 0.9418385000000002, 1.2136583071795872, -2.003327, -0.1909869999999998, -1.122897, 0.9667783071795863], "kappa": [5.0321, 7.06082, 29.5172, 3.44441, 12.5676, 5.41524, 5.65146, 2.17608, 6.65281, 5.00618, 5.27295, 3.43196, 5.98127, 2.4628, 3.74512, 13.0906, 4.10901, 2.84222, 4.76026, 3.88117, 5.30114, 2.21997, 3.52633, 1.97197, 5.68641, 4.07484, 6.65529, 5.85242, 9.11129, 2.52132], "beta": 1.90231}