{"theta": [-2.5324900000000006, 0.8284399999999996, -2.3331000000000004, 0.21891999999999978, 0.79474, -0.34812000000000065, 2.0914353071795855, 1.5491733071795863, 2.1353253071795857, -0.96251, 1.9049653071795856, 0.025409999999999933, -0.2102700000000004, -2.8863800000000004, -1.0737500000000004, -2.6918800000000003, -2.9475500000000006, 1.7426023071795864, 2.1811953071795855, 0.0, -0.22065, -2.3042900000000004, -1.0186200000000003, -2.3675500000000005, -0.6352700000000002, 1.7488033071795854, 2.1051353071795855, -1.1066200000000004, -2.42322, 0.01589999999999936], "kappa": [2.15034, 3.60451, 1.87086, 7.39845, 2.49589, 3.13835, 4.69828, 6.42142, 1.77102, 4.92589, 4.79862, 11.2282, 5.61143, 1.87252, 10.8462, 9.14894, 6.16827, 0.589635, 6.39885, 12.8116, 5.7218, 4.71773, 3.74404, 7.1221, 2.35802, 3.38374, 4.44406, 7.92668, 5.57994, 0.577592], "beta": 2.40487}