{"theta": [-1.0867200000000001, -2.37339, 1.1154899999999994, 3.082812307179586, 0.9319699999999997, -0.11077000000000004, -1.0688400000000002, 1.8773, -3.125093, 2.1143399999999994, -1.03912, 1.0458499999999997, -0.043239999999999945, 2.1229899999999997, 2.869923407179586, -3.003714, -1.03687, 0.9977399999999994, 2.5654500000000002, -0.7193400000000003, -0.6097600000000001, -2.93072, 0.0, 0.9716499999999995, 2.864514757179586, 1.8768500000000001, -2.3643600000000005, -1.0019200000000001, 2.62233, 0.9643299999999995], "kappa": [6.59371, 2.92376, 4.50415, 7.47535, 10.3648, 6.81062, 7.02778, 5.60291, 3.27776, 5.57526, 4.42179, 10.1961, 3.99637, 3.40287, 0.426986, 3.38774, 10.6815, 4.75312, 3.6953, 6.01644, 13.3606, 5.00618, 26.3698, 3.20443, 11.1961, 3.27067, 4.2592, 8.33413, 9.02137, 14.404], "beta": 1.78055}