{"theta": [0.26182000000000016, 1.7435753071795865, -0.7722099999999994, -1.8168999999999995, -3.1349899999999997, 2.5738553071795867, 2.7236753071795867, 1.9335153071795865, -1.4376699999999998, 0.5461, -2.1839899999999997, -1.5614599999999994, -2.6042399999999994, -2.0884499999999995, -1.8220599999999996, 2.8437453071795864, 1.9345453071795866, 2.259775307179586, 1.185500307179586, 0.16629000000000005, 0.24557000000000073, 1.819855307179587, 0.8746703071795867, -3.07536, 0.8145221071795863, -0.7576199999999993, -0.7117299999999993, -1.5374599999999994, 3.0847853071795868, 0.0], "kappa": [3.18272, 5.49132, 4.7758, 4.97856, 2.27793, 4.49683, 5.62514, 5.39899, 3.95162, 10.3792, 3.3441, 4.86508, 5.79403, 5.1245, 10.9532, 14.125, 5.50245, 10.4117, 9.0091, 7.68928, 3.28815, 4.28309, 4.0598, 3.87675, 6.73413, 1.27666, 5.74169, 7.5796, 5.05741, 23.3138], "beta": 3.09645}