{"theta": [-1.485071, 1.28491, -1.1088, -2.4150653071795865, -2.400885307179586, 0.0, -0.43410000000000015, -1.5013260000000002, -0.7354100000000001, -0.7359500000000001, 2.8101499999999997, 0.99241, 2.81894, -0.9897200000000002, 0.8771599999999999, -0.93683, 1.2787099999999998, 0.8747799999999999, 2.9439800000000003, 0.87303, -2.4426753071795866, 1.60861, 0.9290699999999998, -2.1847015, 2.8068500000000003, 2.91309, -0.45346, -2.4140853071795862, 2.7950500000000003, -0.73753], "kappa": [14.679, 4.3772, 9.19095, 2.87604, 8.72567, 29.4564, 0.438765, 3.53497, 2.53815, 3.95031, 1.91658, 12.0038, 22.7595, 2.69567, 1.14958, 5.24258, 1.65029, 5.85503, 11.7966, 2.80867, 16.7801, 10.9663, 3.92518, 3.47285, 1.93689, 3.55646, 19.791, 8.77946, 5.78806, 2.83163], "beta": 1.43342}