{"theta": [2.4637553071795866, 1.2439353071795871, -2.4203999999999994, -3.0414199999999996, -1.4932299999999996, 2.4496653071795866, 0.3390789071795872, 1.4238453071795867, 2.7212853071795866, -0.03725999999999985, -2.6058399999999997, -0.33040999999999965, -0.2086699999999997, -2.3665099999999994, 2.7013953071795864, -0.47524999999999995, 3.0145253071795866, -0.5353499999999993, -1.4827699999999995, 0.7909973071795866, -1.5122099999999996, 2.4537253071795866, 1.3235453071795868, 0.1242100000000006, 0.0, 0.20229000000000052, -2.2224799999999996, 1.2133883071795868, -2.0130299999999997, 1.0682393071795868], "kappa": [3.53089, 9.90979, 4.61789, 8.55281, 4.78285, 2.53828, 6.99501, 5.17996, 4.02524, 9.43496, 4.95701, 4.40081, 3.55185, 6.03754, 6.12099, 4.99638, 13.4702, 6.39385, 1.37352, 11.1187, 11.2048, 12.4036, 16.4943, 4.33457, 18.1408, 4.26379, 6.68167, 4.44258, 15.5794, 4.44814], "beta": 2.62251}