{"theta": [2.60036, -1.3675663071795867, -1.3753893071795869, 2.7963799999999996, -3.1103153071795866, 0.15911000000000008, -1.778812307179587, -2.3050553071795865, 0.15388999999999964, -2.1019653071795865, -2.808835307179587, 1.5281199999999995, 2.3440499999999997, 2.7890299999999995, -0.3729800000000001, -0.9729493071795865, 2.2375199999999995, -0.0, -0.8081400000000007, -0.27269000000000077, -2.1776553071795863, -0.20829000000000075, 1.5322999999999998, -1.3818953071795868, 1.8801199999999998, 1.40137, 2.34745, -3.0017753071795865, -1.403863307179586, 1.7986099999999996], "kappa": [6.08998, 5.96675, 2.68395, 2.80675, 10.9004, 11.0019, 8.40197, 6.67857, 1.83838, 3.01682, 6.36602, 4.84968, 5.43308, 10.7374, 3.92323, 7.59381, 9.67109, 15.8112, 2.84578, 5.2395, 9.81115, 4.03188, 0.655115, 1.40135, 4.35838, 5.23633, 0.354333, 3.13835, 5.24963, 6.3181], "beta": 2.79412}