{"theta": [0.01721000000000039, -1.9041393071795856, -0.0, 0.0020699999999997942, 2.58578, -2.8580853071795858, -2.861715307179586, 0.21334000000000053, -2.1452763071795857, -1.8909523071795862, 0.5174000000000003, -1.8645903071795864, -1.890347307179586, 1.2103700000000002, -1.843027307179586, 1.20905, 0.0033599999999998076, -2.9498053071795862, -1.559168807179586, -0.0018599999999997507, 2.5869600000000004, -2.145387307179586, 2.58197, 0.5121700000000002, 2.70799, 3.03865, 2.25868, 2.58612, 0.5151300000000001, 2.2587300000000003], "kappa": [129.745, 7.50138, 310.251, 13.0607, 14.8795, 9.58983, 1.33305, 145.238, 0.411097, 8.39175, 26.4586, 25.5065, 2.19162, 155.572, 19.8579, 103.19, 49.1717, 65.5017, 15.4639, 13.1603, 4.30885, 9.54763, 58.944, 26.4356, 12.6533, 256.314, 49.3509, 57.3847, 17.8621, 19.4006], "beta": 1.00759}