{"theta": [-1.2863599999999997, -2.50655, 2.688295307179586, 2.530215307179586, 1.1926953071795863, 2.549215307179586, -1.3532699999999998, 0.9727170000000003, -1.41934, 1.2554753071795863, -2.7067, 0.7496290000000001, -1.3716499999999998, 2.501915307179586, -1.9781999999999997, 0.0786800000000003, 2.7121453071795862, -0.0, -2.44448, -2.31344, 2.996475307179586, 0.18357500000000027, 0.690585, -0.98447, -1.7992599999999999, 0.10659000000000018, -2.08242, -1.80286, 0.17727800000000027, 0.738248], "kappa": [6.70317, 2.9874, 3.98102, 3.31058, 10.054, 6.20138, 1.79488, 4.69797, 3.38996, 5.47341, 5.03445, 2.41772, 1.92255, 0.960316, 1.94327, 2.55184, 5.68627, 17.597, 5.10104, 4.02035, 5.26044, 0.21892, 2.83895, 3.23303, 3.27968, 7.65197, 5.12069, 4.87742, 5.96646, 4.18563], "beta": 3.74798}