{"theta": [0.01607000000000003, 1.6900500000000003, -0.0, 0.024510000000000254, -2.6869953071795862, 2.9308500000000004, 2.9318600000000004, 0.27874, 2.0699500000000004, 1.6329800000000003, -0.32625999999999955, 1.6947400000000004, 1.69441, -0.24671999999999983, 1.6312200000000003, -1.0284899999999997, 0.023279999999999745, 3.00488, 1.3292900000000003, 0.012290000000000134, -2.649203307179586, 2.07057, -2.695915307179586, -1.0276399999999999, -2.698405307179586, 3.0873, -1.9090113071795862, -2.683565307179586, -1.01295, -1.908063307179586], "kappa": [28.8869, 1.87702, 74.7735, 4.23204, 5.67932, 2.49029, 0.251415, 28.2525, 0.578995, 2.93292, 7.6896, 6.52386, 1.8334, 24.7542, 6.48598, 18.8608, 13.206, 13.6616, 5.43875, 4.27465, 3.15771, 4.34283, 17.5197, 17.8476, 3.63, 39.1628, 15.6025, 22.0043, 11.0603, 9.86652], "beta": 1.23469}