{"theta": [2.3425899999999995, -0.9591400000000005, 2.28542, -0.4906000000000006, -0.9474100000000005, -0.34066000000000063, -2.4144883071795866, -1.78573, -2.4369573071795867, 0.7444099999999998, -2.20416, 0.11643999999999988, -0.2572100000000006, 2.6570099999999996, 0.8893799999999996, 2.534, 2.69567, -2.02865, -2.4777923071795867, -0.0, -0.2445599999999999, 2.0701, 0.7828399999999998, 2.25894, 0.12868999999999975, -2.0214800000000004, -2.4134883071795867, 0.7857899999999995, 2.2849699999999995, 0.06241999999999992], "kappa": [2.09782, 3.75569, 0.704707, 7.38738, 2.62663, 3.97181, 6.1018, 7.19032, 1.65592, 5.1647, 5.11641, 9.83355, 5.3291, 1.36092, 11.9915, 10.5764, 5.90315, 0.699884, 6.43181, 10.711, 5.32974, 4.7424, 3.52331, 6.92095, 0.340053, 3.73602, 4.64864, 8.44955, 5.27719, 1.11914], "beta": 2.33124}