{"theta": [2.364021, -1.5989743071795859, -1.602254307179586, 1.692031, -2.6609143071795867, 2.281101, 0.0873109999999997, 2.737421, 1.4857209999999998, 2.054941, -1.5989143071795864, 1.7843109999999998, 0.08010099999999998, 2.829101, 2.514751, -2.8015443071795865, 0.2868709999999999, -1.2270343071795864, 2.4855709999999998, -1.076024307179586, 1.425211, 2.069551, -1.3812343071795867, -1.0110443071795867, 2.8735209999999998, 2.055851, 0.28941099999999986, -1.605424307179586, 0.44311100000000003, 0.0], "kappa": [2.92314, 6.92892, 1.35064, 7.57753, 8.7667, 6.71457, 2.53765, 12.1355, 5.53595, 0.652043, 4.30213, 6.22879, 1.0293, 4.90741, 5.04476, 3.05362, 0.260536, 3.87878, 3.87787, 4.5937, 4.6763, 3.47587, 3.72551, 11.1891, 3.96228, 4.28531, 7.02756, 5.81184, 4.60383, 18.2011], "beta": 2.18491}