{"theta": [0.7919900000000002, 0.0, 3.0828900000000004, 1.0210600000000003, -1.6965400000000002, -1.6885599999999998, -2.079688, -3.082545307179586, -1.4154799999999998, 1.6940900000000005, -1.18806, 1.4194100000000005, -0.13022, 2.97249, -0.1493899999999999, 0.5637099999999999, -1.3426299999999998, 0.6071, 3.05883, 1.69598, 2.97857, -0.1324099999999997, 1.62506, -1.7702499999999999, 0.47051, -0.3267199999999999, 3.0147100000000004, -3.1095353071795864, 2.07701, -1.3344099999999999], "kappa": [5.14849, 17.9426, 18.5757, 3.66251, 1.39512, 3.92331, 6.15919, 1.76959, 2.2205, 7.6438, 4.00958, 6.98932, 1.13353, 0.972562, 9.88997, 5.95653, 3.81822, 5.9215, 2.57622, 2.17906, 5.88325, 2.67011, 6.2914, 7.02188, 4.9363, 10.5289, 13.4828, 8.40168, 13.2095, 2.13209], "beta": 1.80172}