{"theta": [-0.23453800000000014, 2.023, 0.2807400000000002, 2.0572500000000002, -2.317945307179586, -2.7325853071795865, 3.04488, -2.422815307179586, -0.9231453071795865, 0.8129000000000002, 1.19957, 2.52145, -1.8618253071795863, 0.39321000000000006, 2.2770200000000003, -0.8638953071795861, 3.06503, -0.9650053071795863, -2.919345307179586, -2.627545307179586, -2.6238953071795863, -0.8761753071795866, -0.9081553071795856, -0.6163599999999998, -1.2857853071795855, 0.5887, 0.7693700000000001, 1.9962900000000001, 2.29861, 0.0], "kappa": [6.41237, 2.33676, 10.8165, 7.45436, 2.74838, 4.10915, 2.72465, 6.74075, 7.78577, 4.80654, 10.7199, 9.27252, 13.4375, 7.92948, 5.74677, 7.66652, 3.97027, 8.57746, 7.20316, 4.9718, 3.83646, 4.77043, 3.55774, 8.53971, 9.04069, 13.8413, 4.63552, 4.95067, 8.53318, 19.2407], "beta": 2.20704}