{"theta": [2.1909316, 1.1780115999999998, 0.0, -2.9621137071795864, -1.4736637071795862, -0.7842137071795863, -1.9026237071795862, -2.9267937071795864, -2.7919837071795865, 2.0512916, 2.3060115999999997, 1.2025815999999998, -1.9229637071795862, 0.03928189999999976, -0.8030737071795864, 1.3026516, 2.3728316, 2.0388316, -1.101413707179586, -1.884513707179586, 0.9679415999999996, -1.366753707179586, -3.0128137071795864, 1.2008315999999999, 0.1268005999999997, 0.18128959999999994, 2.8204316, -0.7900137071795861, -1.7091337071795865, 0.1401775999999999], "kappa": [5.11217, 6.6731, 30.8245, 4.03165, 13.3158, 3.3664, 6.66643, 4.081, 5.75406, 5.21785, 5.30886, 1.59462, 8.62897, 3.93966, 3.30686, 14.1541, 4.35012, 2.94809, 4.64942, 3.11631, 4.83147, 1.93672, 4.54171, 1.4976, 4.62242, 3.09911, 5.80045, 3.35993, 10.3439, 2.98164], "beta": 1.90719}