{"theta": [-1.7037300000000002, -1.49526, 0.0, 1.7985153071795859, 0.8387363071795857, -2.5418000000000003, 1.910185307179586, -3.10913, -0.32845999999999975, 0.8376383071795859, -2.50625, -1.0988800000000003, 0.8232353071795862, -0.16194000000000042, -2.5734600000000003, -0.5408999999999997, -0.3550899999999997, 1.9665753071795864, -3.13368, 0.6316733071795859, -2.42693, -1.4271400000000005, -2.30667, -0.37650000000000006, -2.6200900000000003, 0.8023633071795864, -1.7290400000000004, 1.9639653071795866, -3.11456, 0.1290300000000002], "kappa": [4.35896, 5.92498, 14.3818, 5.4369, 4.18619, 5.5569, 4.59809, 4.80237, 11.1054, 2.51644, 4.08685, 4.2284, 5.59944, 3.2296, 7.14877, 11.9196, 3.74983, 1.61118, 6.56819, 3.94407, 4.20352, 4.81587, 5.12355, 2.42692, 3.74429, 5.57617, 2.24462, 0.341247, 3.00326, 12.6007], "beta": 1.72645}