{"theta": [0.208766, 1.6650153071795861, -0.7740600000000002, -1.82868, -3.0822599999999998, 2.4812553071795866, 2.481345307179587, 1.6993953071795866, -1.46636, 0.40807099999999985, -2.16519, -1.51442, -2.50347, -2.1437800000000005, -2.1065700000000005, 2.521225307179586, 1.7407453071795862, 2.2947153071795867, 1.059213, 0.18003000000000013, 0.20583499999999977, 1.987725307179586, 0.736696, -3.04223, 0.676105, -0.7822200000000001, -0.74682, -1.4671, 3.1175453071795864, -0.0], "kappa": [2.83527, 5.69011, 4.24654, 5.77292, 4.03067, 3.89658, 6.65103, 4.43914, 5.79927, 10.4624, 2.90323, 4.08083, 5.50627, 5.39183, 9.0539, 20.8704, 4.62696, 10.4823, 11.0132, 7.58552, 2.61126, 6.07481, 3.69455, 4.15273, 6.29954, 1.15215, 5.82139, 6.86661, 5.42479, 26.8206], "beta": 2.25285}