{"theta": [-2.56994, 0.934633, -2.3876, -0.22733000000000003, 0.8832799999999998, -0.34009999999999985, 2.1046453071795863, 1.703863, 2.2231253071795862, -1.0415699999999999, 2.015665307179586, 0.007979999999999876, -0.2958900000000002, -3.05898, -1.0515200000000002, -2.95768, -3.1085599999999998, 1.8822020000000002, 2.2213353071795865, -0.0, -0.29817000000000005, -2.38861, -1.08096, -2.45556, -0.7434800000000001, 1.8809652000000001, 2.2160853071795863, -1.18124, -2.5493299999999994, 0.014880000000000004], "kappa": [2.49302, 4.28196, 1.24729, 9.35328, 2.85146, 3.17059, 4.86997, 6.58, 0.480478, 4.56854, 4.88985, 14.1507, 4.78967, 1.67632, 12.5815, 10.3611, 5.33361, 0.242701, 5.6889, 14.2453, 4.66403, 4.91771, 4.84275, 7.18898, 2.08138, 3.10344, 4.2503, 8.26007, 2.36087, 0.497133], "beta": 2.21279}