{"theta": [-2.5681353071795865, 1.1097799999999998, -2.4016253071795868, -0.1524700000000001, 1.0382699999999998, -0.33250000000000024, 2.2791299999999994, 1.7063999999999995, 2.2745699999999998, -0.8975700000000002, 1.9599399999999996, 0.19883999999999968, -0.24787000000000026, 3.1358999999999995, -1.1868699999999999, -2.7422853071795865, 3.0415399999999995, 1.8561299999999994, 2.2727399999999998, 0.0, -0.26373000000000024, -2.3669853071795863, -0.9996200000000002, -2.4317853071795863, 0.1913199999999997, 1.8647599999999995, 2.22454, -1.1053400000000002, -2.4586653071795865, 0.2557999999999998], "kappa": [2.487, 4.19297, 1.77693, 8.62785, 2.83414, 3.40362, 3.4953, 6.55446, 1.87067, 4.89483, 4.23311, 12.3298, 4.77742, 2.78943, 11.8765, 9.32755, 5.84701, 0.447781, 5.98011, 13.8275, 5.04983, 4.46612, 5.07043, 6.961, 0.319681, 3.42324, 4.58669, 8.33873, 4.22777, 1.96935], "beta": 2.42153}