{"theta": [2.7426353071795857, -0.8490500000000005, 2.5637553071795858, 0.29214999999999947, -0.8467600000000002, 0.60928, -1.9836700000000005, -1.4910600000000005, -1.9847200000000003, 0.7101899999999999, -1.8299900000000004, 0.0, 0.41281999999999996, 3.094745307179586, -0.05649000000000015, 2.955435307179586, 3.115095307179586, -1.6651000000000002, -2.1503200000000002, 1.1494599999999995, 0.58216, 2.507805307179586, 1.0016799999999995, 2.604225307179586, -0.04288000000000025, -1.6671100000000005, -1.9897300000000002, 1.1617099999999994, 2.731465307179586, 0.0032299999999994], "kappa": [2.14864, 4.11594, 2.19421, 8.82593, 2.64049, 3.22145, 5.64285, 6.71524, 0.511526, 3.53998, 5.16331, 12.5973, 5.08524, 1.61456, 10.8538, 10.7925, 6.01275, 0.321535, 6.39571, 13.6387, 4.23506, 3.76698, 5.31054, 5.52732, 1.1474, 3.37768, 4.23713, 9.06591, 4.29085, 0.116944], "beta": 2.23318}