{"theta": [-1.1589423071795864, -2.5418923071795865, 1.2029029999999998, -2.8715523071795865, 0.9157829999999998, -0.33005200000000023, -0.9354723071795865, 1.946873, -3.0728823071795865, 2.122103, -1.2027823071795867, 0.9749929999999998, -0.2918700000000003, 2.134703, 2.7796629999999998, -3.1015923071795863, -0.6981923071795864, 0.918893, 2.468693, -0.9150623071795865, -0.9416623071795867, -2.816452307179586, 0.0, 0.9102929999999998, 2.781123, 1.9807829999999997, -2.5378123071795864, -1.212442307179586, 2.510773, 0.5287099999999998], "kappa": [6.79258, 2.40075, 4.63801, 7.49802, 9.02353, 6.29293, 6.56581, 5.3034, 3.16857, 4.81207, 4.17489, 12.8125, 3.6439, 2.89534, 0.41414, 4.50238, 10.9894, 2.13779, 3.53558, 6.47677, 15.1656, 5.08699, 28.2061, 3.52771, 11.4042, 3.9475, 3.61014, 7.06958, 10.301, 17.1933], "beta": 1.79806}