{"theta": [-2.8102683071795864, -1.7720383071795869, 0.0, 2.593237, 1.0753169999999999, 0.40691399999999955, 1.3960869999999999, 2.6147769999999997, 2.8160169999999995, -2.778768307179586, -2.595518307179587, -1.8609483071795863, 1.3967469999999997, -0.37893100000000013, 0.41746199999999956, -1.9026383071795863, -3.0351183071795864, -2.7900883071795866, 1.0351769999999998, 1.2742769999999997, -1.4930783071795863, 0.7818969999999998, 2.5944269999999996, -1.8485483071795867, -0.4575081000000001, -0.5936483071795866, 2.2704269999999998, 0.3847369999999999, 1.1807569999999998, -0.46897920000000015], "kappa": [4.73343, 7.13161, 34.1274, 4.03859, 12.8076, 3.21887, 6.35226, 2.67548, 6.5389, 3.62217, 6.05835, 3.60317, 6.19832, 4.11321, 3.47268, 12.3113, 3.92817, 2.29969, 4.631, 4.29074, 5.1984, 2.01562, 3.88143, 2.09078, 5.24686, 4.49697, 5.32213, 4.94902, 9.26487, 3.64232], "beta": 1.93495}