{"theta": [2.6553683071795864, 1.73217, -2.94684, 2.9486633071795865, 3.1065353071795867, -2.75873, 3.0733653071795866, -0.10738000000000003, 0.0, 3.1346953071795864, 0.39298000000000055, 2.6064223071795865, 2.6244493071795865, -0.4934299999999996, -1.2952499999999998, -1.39132, -1.04866, 0.42832000000000026, 0.6303299999999998, -0.12680000000000025, -0.8797699999999997, 0.39276, 3.068895307179586, 0.4387699999999999, -1.39275, -2.79526, -1.3611299999999997, -0.5970399999999998, 2.7167613071795866, 3.1402553071795865], "kappa": [7.94618, 8.22057, 6.51516, 6.41126, 1.92076, 5.0536, 2.57667, 6.4225, 31.1785, 2.28436, 11.145, 3.45329, 8.05636, 4.23855, 6.04675, 2.97891, 5.64583, 1.71071, 5.91954, 3.67736, 7.20339, 7.13626, 2.01412, 5.11813, 3.37187, 2.14109, 4.33456, 10.24, 6.08955, 2.92511], "beta": 1.84347}