{"theta": [-0.5125700000000002, -2.7096270000000002, -2.0210100000000004, -0.027550000000000185, 0.9742100000000002, 1.7277899999999997, -0.020750000000000046, 0.5668599999999997, -2.690872, 0.0, 1.7534, 1.72152, 0.7697399999999996, 1.6872299999999996, -1.2158200000000003, -2.03461, 0.006819999999999826, -0.4576800000000003, -2.952378, -0.36773000000000033, -0.3770600000000002, 3.041941307179586, -3.054887, -1.3024, -2.948417, -1.21951, -0.4625699999999999, -1.2244300000000004, -2.9460200000000003, 1.63692], "kappa": [4.18536, 2.25773, 4.41495, 13.2697, 14.4798, 1.6149, 5.11145, 16.4799, 10.8523, 19.2258, 4.52675, 11.7855, 11.7797, 3.08856, 0.581546, 2.6655, 5.2258, 5.38017, 2.96416, 0.288612, 11.327, 18.7874, 6.11239, 3.91069, 8.60346, 8.14787, 6.83775, 0.267134, 1.52854, 6.73863], "beta": 1.55282}