{"theta": [2.2698900000000006, 1.13754, -2.5511399999999997, -3.1399769999999996, -1.5481099999999999, 2.24668, 0.2117, 1.14359, 2.4576300000000004, -0.10778999999999961, -2.782469, -0.5119699999999998, -0.3230599999999999, -2.4846, 2.39484, -0.66547, 2.7800422071795863, -0.6569999999999996, -1.5524699999999998, 0.3880800000000004, -1.6308399999999998, 2.2164000000000006, 1.12128, -0.024949999999999584, 0.0, 0.09005000000000019, -2.3268899999999997, 0.9384800000000006, -2.0813299999999995, 0.8202099999999999], "kappa": [1.88929, 8.5141, 4.83883, 7.43401, 4.85577, 1.89444, 6.21083, 5.21874, 4.53246, 7.9643, 5.40781, 4.47799, 5.25463, 6.32868, 6.41168, 4.44998, 16.8424, 5.93519, 1.52343, 9.78237, 12.1411, 12.9253, 15.4844, 5.84342, 14.9811, 3.67165, 6.79521, 4.34827, 15.5727, 4.46127], "beta": 2.79182}