{"theta": [2.5708399999999996, -0.7312400000000006, 2.30116, -0.19329000000000018, -0.7011000000000003, -0.14732000000000056, -2.17992, -1.5451300000000003, -2.2118599999999997, 1.0227499999999998, -1.9086300000000005, 0.37090999999999985, -0.08167000000000035, 2.9468759999999996, 0.6322699999999997, 2.911921, 2.9750989999999997, -1.7647200000000005, -2.24927, -0.0, -0.07061000000000028, 2.25504, 0.9651700000000001, 2.2935499999999998, 0.55151, -1.7528300000000003, -2.1592599999999997, 1.24098, 2.45279, 0.2104499999999998], "kappa": [3.21673, 3.51551, 2.26299, 8.53364, 2.17483, 3.98329, 6.3898, 6.79238, 2.03368, 5.52979, 5.20855, 12.2439, 5.2176, 1.37775, 8.3627, 7.25423, 6.2435, 0.566524, 6.56992, 12.8885, 5.30239, 3.99131, 5.34594, 6.26499, 1.50231, 3.64438, 4.74566, 7.56828, 6.10781, 1.46964], "beta": 2.38783}