{"theta": [-1.2066500000000002, -2.5905800000000005, 2.667208, 2.4763499999999996, 0.8372099999999998, 2.40125, -1.4659200000000001, 0.94062, -1.5206200000000005, 1.1399199999999996, -2.7440179971795864, 0.7062299999999997, -1.4610500000000006, 2.42552, -2.0387800000000005, 0.11736999999999975, 2.7547979999999996, -0.0, -2.5425800000000005, -2.4214100000000003, 2.8852089999999997, 0.16126999999999958, 0.5765499999999997, -0.8903300000000001, -1.9706500000000005, 1.3291999999999997, -2.27932, -1.9003700000000001, 0.16064999999999996, 0.7689899999999996], "kappa": [11.0793, 2.69624, 3.91647, 3.61652, 12.549, 5.16725, 2.41161, 3.83678, 3.59437, 2.90373, 4.78665, 5.3143, 2.01418, 1.83058, 2.7086, 1.4211, 4.24531, 19.3098, 4.73861, 3.76261, 4.98524, 0.176026, 2.92738, 3.19927, 2.78262, 5.88108, 4.66709, 4.66094, 4.40926, 5.25015], "beta": 3.15014}