{"theta": [-1.3916500000000003, -2.8019100000000003, 0.6520600000000001, 2.851358307179586, 0.5779200000000002, -0.4380900000000003, -1.37135, 1.6253600000000001, 3.049883307179586, 1.7722700000000002, -1.40049, 0.66323, -0.36655000000000015, 2.7733553071795862, 2.1597399999999998, -3.115956, -1.3605200000000002, 0.6351799999999996, 1.9267999999999996, -1.13321, -1.3022300000000002, -2.970936, 0.0, 0.5363599999999997, 2.1657299999999995, 1.65544, -2.8015, -1.36985, 1.9706100000000002, 0.5483199999999999], "kappa": [1.86207, 2.212, 1.61443, 7.73998, 9.97277, 8.67653, 5.97161, 5.06407, 3.69604, 4.78669, 3.84942, 11.6837, 4.43773, 3.13279, 0.408804, 4.91174, 9.57472, 4.30424, 2.77569, 5.95185, 14.2224, 5.1063, 20.0428, 3.58129, 10.9989, 3.74973, 2.2575, 7.60146, 9.50477, 16.1091], "beta": 2.0058}