{"theta": [-1.0358993071795854, -2.6233993071795862, 1.135686, -2.861769307179586, 0.8817759999999999, -0.3025493071795857, -1.027439307179586, 1.888906, 3.136446, 2.219836, -1.076589307179587, 1.091766, -0.3166293071795856, 2.165276, 2.879806, 3.137686, -0.6142893071795861, 0.9819260000000001, 2.307996, -0.8837693071795858, -0.9620893071795855, -2.8218293071795864, 0.0, 0.926666, 2.885756, 1.958786, -2.6216393071795863, -1.0632993071795855, 2.4536160000000002, 0.943046], "kappa": [4.08569, 2.06314, 4.51299, 7.69459, 10.9491, 8.08323, 5.92205, 4.6392, 3.09566, 3.71053, 4.59348, 12.3526, 2.53849, 2.88573, 0.61523, 4.36785, 11.2619, 4.87947, 3.02608, 6.21155, 14.6683, 5.23927, 24.2808, 3.80275, 11.2779, 4.43579, 2.07002, 6.08102, 9.97694, 14.6406], "beta": 1.88904}