{"theta": [-0.10716000000000037, -2.07514, 0.0, -0.12481999999999971, 2.3542603071795862, -3.08162, -3.08362, 0.38337999999999983, -2.22142, -2.07781, 0.3793299999999995, -2.02802, -2.06848, -0.19315000000000015, -1.27602, 0.9828999999999999, 0.1495999999999995, -2.9861000000000004, -1.8795900000000003, -0.12260999999999989, 2.352431307179586, -2.22648, 2.361170307179586, 1.0243899999999995, 2.412720307179586, 3.015885307179586, 1.8079913071795861, 2.372241307179586, 0.9836200000000002, 1.7897693071795864], "kappa": [23.5502, 2.66198, 49.8376, 4.50736, 4.45441, 2.35107, 0.257721, 21.4809, 0.589101, 1.66483, 7.63528, 5.16313, 1.6747, 23.0738, 7.08891, 9.26672, 12.3629, 14.5071, 4.51152, 2.55437, 1.8929, 3.28201, 12.1282, 9.41804, 3.58478, 32.0351, 8.68496, 14.8133, 7.35291, 7.13455], "beta": 1.50965}