{"theta": [-1.1727753071795863, -2.6313553071795863, 2.77605, 2.59963, 0.6257099999999998, 2.8972, -1.3541453071795857, 0.73637, -1.3592553071795859, 1.0680899999999998, -2.795005307179586, 0.2972600000000005, -1.3711153071795863, 2.5825400000000003, -2.0363953071795864, 1.48719, 2.73897, -0.0, -2.575925307179586, -2.474815307179586, 2.99521, 1.24493, 0.3378500000000004, -0.8558763071795861, -1.941365307179586, 1.4064800000000002, -2.297205307179586, -1.9910153071795857, 1.26715, 0.5207600000000001], "kappa": [10.7978, 2.7805, 3.99874, 2.66945, 12.037, 4.47165, 1.9084, 4.17317, 2.03699, 3.34008, 4.41978, 6.1867, 2.31224, 0.719629, 2.88684, 3.71541, 5.32475, 20.4525, 4.74172, 3.89135, 4.49072, 0.66741, 3.21984, 2.98465, 3.19548, 6.49781, 4.80382, 3.87512, 4.86777, 5.55384], "beta": 3.47275}