{"theta": [2.5183653071795864, -1.3353699999999997, -1.34803, 1.966916307179586, -2.4630099999999997, 1.517774307179586, 0.3416199999999998, 2.8574253071795863, 2.1349053071795865, 1.8082373071795868, -1.3403999999999998, 1.5201153071795863, 0.26194000000000006, 2.702015307179586, -3.1381099999999997, -2.7746399999999998, 0.3952499999999999, -0.9814299999999996, 2.6422653071795863, -0.8386699999999996, 2.257435307179586, 1.808874307179586, -1.1127700000000003, -0.75359, -2.88799, 1.813862307179586, 0.4235699999999998, -1.3588299999999998, 0.66385, 0.0], "kappa": [1.96121, 6.76003, 1.0737, 7.52924, 8.70444, 8.35278, 3.7063, 12.9516, 5.37893, 0.301058, 4.00885, 7.12549, 1.81425, 5.02529, 6.06716, 3.35672, 1.21823, 3.80145, 4.7247, 4.45606, 3.73755, 3.11648, 3.66978, 9.23007, 5.94857, 5.40638, 4.99551, 4.23217, 4.41209, 17.3224], "beta": 2.21575}