{"theta": [2.6169353071795864, -1.4917499999999997, -1.5020899999999995, 2.102775307179586, -2.5568199999999996, 1.6470233071795866, 0.32248000000000054, 2.9756753071795865, 2.2347933071795865, 2.0257863071795867, -1.4875699999999994, 1.7460043071795868, 0.30771000000000015, 2.8494153071795867, 3.1251753071795867, -2.7966899999999995, 0.34842000000000084, -1.1497899999999994, 2.8633653071795866, -1.0195799999999995, 2.3552343071795865, 2.0293113071795865, -1.2790799999999996, -0.9541199999999996, -2.90128, 2.0273623071795868, 0.5224200000000003, -1.5238999999999998, 0.6966100000000006, 0.0], "kappa": [3.96048, 6.53707, 1.02548, 5.90079, 8.38457, 9.25975, 2.01299, 10.6238, 5.07277, 0.218964, 3.77543, 5.80408, 1.28706, 4.44422, 6.39594, 3.25592, 1.46714, 3.64941, 3.40162, 4.42585, 3.68301, 3.19817, 3.41971, 11.2734, 5.49663, 5.02145, 6.78868, 5.34494, 4.89281, 20.093], "beta": 2.10484}