{"theta": [-1.60318, -0.5079199999999999, -1.9458700000000002, -1.6036900000000003, -2.1656400000000002, -1.18045, -2.1652600000000004, 1.2328259999999998, -0.0, -2.28448, 0.7232699999999999, -1.6015200000000003, -1.6008300000000002, 1.534017, 2.7497553071795857, 2.8069853071795863, 2.371675307179586, 0.6658999999999999, 0.7495699999999998, 1.280039, 2.0819153071795853, 0.7205899999999998, -2.1583799999999997, 0.7142899999999999, 2.806195307179586, -1.1571500000000001, 2.8063453071795865, 1.7943259999999999, -1.6259000000000001, -2.21829], "kappa": [4.23555, 12.0464, 6.56215, 5.7382, 2.22513, 4.91592, 3.32191, 5.72931, 29.1006, 4.40908, 10.571, 2.67428, 5.75239, 4.90497, 8.83383, 3.20314, 7.19054, 2.35154, 3.49742, 5.71254, 9.03142, 4.75799, 1.32636, 4.73348, 3.19824, 3.62436, 5.04468, 12.1824, 4.33554, 4.30341], "beta": 1.73615}