{"theta": [-0.12543269999999973, 1.8052580000000003, -0.589177307179586, -0.23107730717958574, -0.020701999999999998, 1.3103880000000003, 2.410428, -0.9070473071795861, 1.3085680000000002, 1.8047580000000003, -0.9766973071795864, 0.6012880000000003, -3.016927307179586, 0.5627740000000001, 2.199028, -1.6853173071795862, -1.6678373071795862, 0.2845950000000004, -1.765347307179586, 3.126088, 0.6131540000000002, -2.780167307179586, 0.0, -3.099297307179586, -2.773647307179586, -0.9335873071795859, 2.207288, -3.039867307179586, 2.645878, 1.2370880000000002], "kappa": [4.12982, 0.699281, 11.7739, 5.74588, 5.34916, 2.62987, 15.5852, 4.03225, 7.18262, 9.51351, 4.22962, 9.28762, 4.74181, 6.76118, 2.8382, 1.71677, 3.71795, 6.7803, 9.59117, 3.5439, 3.73412, 4.38365, 16.2634, 2.12179, 4.45696, 4.08148, 4.07304, 10.1959, 8.10781, 7.11593], "beta": 2.40434}