{"theta": [-0.09605999999999959, 2.2523000000000004, -1.2088503071795866, -0.08186999999999944, -0.046179999999999666, 0.6318999999999999, 1.8052700000000002, -1.3288943071795858, 0.6170499999999999, 1.9546900000000003, -1.3247063071795857, -0.7264499999999998, 3.0554200000000002, -0.7016799999999996, 1.6172000000000004, -2.081985307179586, -2.087665307179586, -0.38819999999999943, -2.100365307179586, 2.92117, -0.6286800000000001, 2.25761, -0.0, 2.9618800000000003, -3.076955307179586, -1.3250223071795855, 1.6379800000000002, 2.9770600000000003, 2.5904700000000003, 0.5200300000000002], "kappa": [3.84851, 1.575, 10.9251, 4.26022, 5.40942, 4.07665, 18.5081, 2.97568, 8.98295, 12.7189, 3.17586, 10.8971, 5.023, 7.4533, 4.18081, 1.16831, 3.32346, 5.7915, 11.3534, 3.85293, 3.44171, 3.85725, 21.2511, 2.16307, 4.88435, 2.98242, 2.75671, 9.08633, 7.79829, 8.62083], "beta": 1.84822}