{"theta": [2.440255307179586, 1.236931307179586, -2.7682500000000005, 2.6560653071795857, -1.7540400000000007, 2.2607953071795857, 0.4312373071795861, 1.5256553071795862, 2.0419353071795854, -0.021150000000000446, -2.9943400000000002, -0.40184, -0.2800200000000004, -2.6979900000000003, 2.5714053071795857, -0.6364600000000005, 2.823085307179586, -0.5164400000000002, -1.7156000000000002, 0.7161563071795864, -1.78601, 2.2329253071795856, 1.312375307179586, 0.20435999999999943, 0.0, 0.2913699999999997, -2.5633100000000004, 1.117160307179586, -2.1862200000000005, 1.0696033071795856], "kappa": [2.47801, 9.18168, 5.02227, 8.82885, 5.32406, 2.25113, 6.64458, 4.80438, 3.77718, 9.50181, 5.36712, 4.37725, 4.46287, 6.41183, 7.25804, 5.60697, 11.2978, 7.05978, 1.93296, 11.3157, 13.2648, 10.8774, 14.1334, 5.26545, 17.5498, 4.40546, 6.78568, 3.42419, 14.5646, 4.57614], "beta": 3.08358}