{"theta": [1.8636490000000001, -1.2774863071795863, -1.302646307179586, 2.302619, -2.186276307179586, 1.714649, 0.3068400000000002, 2.875109, 1.272859, 2.051959, -1.2726263071795856, 1.441099, 0.24071700000000007, 2.658129, -3.019246307179586, -2.486666307179586, 0.33828900000000006, -0.9522463071795855, 2.8722790000000002, -0.7721163071795853, 2.512879, 2.0978790000000003, -1.0679263071795866, -0.6612733, -2.660456307179586, 1.9916390000000002, 0.40925900000000004, -1.3471863071795855, 0.6361490000000001, 0.0], "kappa": [3.74968, 6.09881, 1.55235, 5.83131, 8.2789, 7.27581, 3.2205, 13.3921, 5.36469, 1.30783, 3.89811, 7.1927, 1.63925, 5.38272, 7.78263, 3.80837, 1.17213, 3.57348, 5.94604, 4.53908, 2.87808, 3.07449, 3.23703, 11.2724, 5.98398, 5.85938, 6.38724, 5.37113, 4.3003, 14.3753], "beta": 2.46543}