{"theta": [-0.09861999999999993, 1.77293, 0.3195699999999999, 1.7856600000000002, -2.5236253071795867, 3.12465, 2.5761399999999997, -2.6930153071795866, -0.772016, 0.60347, 1.0141700000000002, 2.10839, -2.000955307179586, 0.24504000000000015, 1.9163500000000002, -0.6944600000000001, 2.65468, -0.7855319999999997, 3.0356699999999996, -3.1177153071795862, -3.0635353071795866, -0.7244499999999998, -0.7563469999999997, -0.6250899999999999, -1.430407, 0.6677000000000002, 0.4183100000000002, 1.7627400000000002, 1.9475400000000003, 0.0], "kappa": [5.88472, 1.85692, 7.64759, 6.7015, 2.98968, 3.79065, 2.86478, 8.45922, 8.43059, 4.69154, 7.57555, 8.56388, 15.4475, 6.5377, 5.04893, 8.37243, 5.10753, 10.0804, 8.01487, 5.27936, 5.32303, 5.20026, 3.82282, 6.75704, 13.0591, 11.1466, 5.32719, 3.13286, 7.61192, 16.7718], "beta": 2.25283}