{"theta": [2.84252, 1.78002, 0.0, -2.2857879999999997, -1.1096499999999998, -0.21876000000000007, -1.3298599999999998, -2.2802849999999997, -2.283069, 2.8059499999999997, 2.9573700000000005, 2.13432, -1.3594799999999998, 0.9841500000000001, -0.25829999999999975, 2.1371100000000003, 2.99811, 2.8019900000000004, -1.09015, -1.2478599999999997, 1.7114699999999998, -0.8235799999999998, -2.52697, 2.13329, 1.05876, 1.08311, -2.02761, -0.23530999999999969, -1.2245, 1.0649099999999998], "kappa": [4.71406, 7.56977, 43.5228, 1.97531, 14.0853, 5.99628, 5.46969, 3.34023, 3.31264, 4.62362, 5.52758, 4.2663, 7.65415, 4.28321, 3.75379, 16.1654, 4.47959, 2.06211, 4.34933, 3.35483, 5.69072, 2.12782, 4.67289, 0.430854, 4.81918, 1.99147, 6.88845, 5.8613, 9.04453, 3.19058], "beta": 1.6165}