{"theta": [-0.7334499999999995, -1.6874799999999994, -3.1372399999999994, 2.988945307179587, 0.6477500000000003, 3.0373153071795866, -0.9266299999999994, 0.8002700000000003, -1.0714499999999996, 1.0776900000000005, -1.5993399999999998, 0.4731000000000005, -0.9654499999999997, 2.9804253071795865, -1.3696799999999998, 1.4312400000000007, -3.0484199999999997, 0.0, -1.7292699999999996, -1.8234099999999995, -3.0772099999999996, 1.2029000000000005, 0.49138000000000037, -0.5121599999999997, -1.3324999999999996, 1.3150700000000004, -1.4361599999999997, -1.2117899999999997, 1.2167900000000005, 0.7040600000000001], "kappa": [9.65795, 2.54629, 3.76598, 3.59151, 11.5193, 7.40218, 1.56768, 3.8147, 2.73507, 3.09892, 2.34385, 5.86508, 2.21093, 0.985967, 1.3196, 3.70713, 6.94156, 16.0481, 4.64635, 4.53351, 1.87468, 0.381599, 3.44147, 2.57818, 2.89086, 6.08808, 4.20856, 3.37022, 4.36238, 3.75657], "beta": 3.56937}