{"theta": [2.31283, 1.20148, -2.4456300000000004, -3.000019307179586, -1.7074699999999998, 2.29622, 0.3827799999999999, 1.4176099999999998, 2.68417, -0.06403000000000025, -2.6129963071795865, -0.4512400000000003, -0.26473999999999975, -2.3131700000000004, 2.846934, -0.6557399999999998, -3.0771783071795866, -0.5597300000000001, -1.6970900000000002, 0.6650899999999997, -1.64058, 2.25121, 1.22363, 0.05174999999999974, -0.0, 0.23436999999999975, -2.2309, 1.0145399999999998, -2.2324, 0.9837099999999999], "kappa": [4.40837, 9.57843, 4.65896, 7.34722, 3.32218, 1.77599, 6.44158, 4.7661, 4.90893, 9.65106, 4.95042, 4.57309, 5.37413, 5.90919, 8.8207, 5.34249, 13.136, 6.87647, 1.73424, 11.4906, 11.1756, 11.2564, 13.9849, 6.1868, 17.8074, 4.17156, 6.24727, 3.41731, 12.5847, 4.48382], "beta": 3.09725}