{"theta": [0.33092999999999995, 1.42187, -1.9307499999999997, -2.4111700000000003, 3.010416, 0.5617100000000002, -1.9425499999999998, -1.8794199999999996, -0.15515999999999996, 0.27544000000000013, 1.9494799999999999, 1.34517, 2.98142, -1.8979299999999997, -2.05119, 0.7228599999999998, 2.385242, 2.959098, -0.32023, -0.5425499999999999, -2.3639200000000002, 0.75271, 1.87384, -2.8528599999999997, 1.47738, -2.38938, 2.815528, 0.23123000000000005, 0.13865000000000016, -0.0], "kappa": [7.50593, 4.40633, 4.70953, 11.6333, 6.25613, 6.09611, 4.80205, 3.83239, 8.86029, 2.14508, 4.634, 2.72018, 4.88284, 1.91771, 9.6478, 10.6488, 6.47306, 8.86753, 8.31732, 6.76249, 8.76543, 13.2308, 5.73867, 9.95811, 2.63634, 1.11732, 5.06717, 3.47846, 4.22551, 12.2144], "beta": 2.5341}