{"theta": [-1.738488307179587, -1.4443083071795861, 0.0, 1.6760270000000002, 1.0208970000000002, -2.2445283071795856, 1.765397, 3.0571770000000003, -0.11036429999999964, 1.017057, -2.622978307179586, -1.0377483071795854, 1.0269370000000002, -0.10257749999999977, -2.837038307179586, -0.5288883071795869, -0.41446830717958605, 1.8114070000000002, 2.9767270000000003, 0.5773200000000003, -2.575108307179586, -1.1953483071795858, -2.631718307179586, -0.4267583071795862, -3.112448307179586, 0.9795669999999999, -1.7402183071795854, 1.8094970000000001, 3.063867, 0.23910800000000032], "kappa": [5.76348, 6.29183, 13.3509, 4.63517, 4.29017, 9.09238, 3.95063, 5.13356, 9.39259, 2.90738, 4.84762, 3.69738, 4.54944, 3.2464, 8.40778, 10.725, 4.43108, 1.48588, 6.20987, 5.97724, 4.85929, 4.75781, 4.6602, 2.10468, 5.82681, 5.82172, 2.03237, 0.27459, 0.282515, 12.2215], "beta": 1.85919}