{"theta": [-0.9208400000000005, -2.2183800000000002, 3.0148499999999996, 2.81014, 0.7784599999999999, 2.8434899999999996, -1.18127, 0.6785799999999997, -1.2594600000000002, 0.99037, -2.4120548071795866, 0.08192999999999984, -1.1870300000000005, 2.77622, -1.6598000000000002, 1.45905, -3.0683253071795864, -0.0, -2.15429, -2.0305500000000003, -2.9817303071795864, 1.3373499999999998, 0.1433399999999998, -0.7000199999999999, -1.6195800000000005, 1.2028499999999998, -1.8086600000000002, -1.5691799999999998, 1.3207099999999996, 0.0524], "kappa": [8.17416, 3.13975, 4.14981, 2.80886, 10.927, 6.54921, 2.27745, 4.09227, 3.36769, 3.48359, 4.74334, 7.26176, 2.27538, 1.7498, 2.34441, 3.37766, 5.11245, 17.3512, 5.09914, 3.82564, 5.37125, 0.513311, 4.14118, 2.60112, 3.24366, 6.3472, 5.03652, 3.50487, 5.68381, 4.16045], "beta": 3.69003}