{"theta": [-2.736265307179586, 0.8058800000000002, 0.9045000000000001, 3.077852, 2.59208, 1.5735000000000001, 1.32275, 2.0027800000000004, -0.52718, 1.9688200000000002, 2.57402, -1.63822, -2.5121799999999994, -2.774461307179586, 0.12494000000000005, 0.54372, -1.54651, -0.0, 0.4772400000000001, 0.11445000000000016, 1.8443300000000002, 0.09847000000000028, -1.6414499999999994, 0.92313, -2.23453, -1.60113, -2.531325307179586, 2.59056, 0.8991000000000002, -1.8596499999999998], "kappa": [8.45448, 5.26392, 2.68993, 5.13415, 12.085, 11.4668, 9.73003, 6.01811, 5.08927, 2.17461, 7.61112, 4.49868, 4.89544, 11.506, 3.33968, 6.76495, 11.1667, 15.3219, 2.0708, 4.81098, 12.6066, 3.35476, 0.140607, 1.77539, 4.69025, 4.65441, 0.591, 0.863664, 3.38856, 7.02534], "beta": 2.17772}