{"theta": [-1.67557, 2.26626, -1.47528, 1.3091, 2.2493999999999996, 0.5945499999999999, -2.9909453071795866, 2.60558, -3.0197853071795864, 0.50888, 2.8983, -0.020839999999999748, 0.7724099999999998, -2.0400739999999997, 1.17992, -1.9280499999999998, -2.053694, 2.80668, -2.94407, 0.0, 0.5318200000000002, -1.43298, 0.19107999999999992, -1.45685, 1.14776, 2.8087400000000002, -3.082505307179586, -0.16391, -1.58306, 0.002489999999999881], "kappa": [2.41254, 4.11702, 1.88977, 10.4944, 0.862938, 3.51422, 5.13183, 6.27091, 2.09441, 3.25383, 4.19692, 11.4334, 5.58222, 1.5044, 13.0028, 9.77466, 5.87188, 0.26977, 6.51181, 11.4644, 3.04113, 4.48167, 4.74084, 6.7366, 0.370956, 3.44011, 4.83391, 9.10663, 5.43518, 0.538737], "beta": 2.64527}