{"theta": [1.6549749999999999, -1.5468403071795862, -1.5703003071795862, 2.417335, -2.752040307179586, 1.6625550000000002, 0.2908550000000001, 2.888635, 2.389255, 1.993605, -1.5493603071795858, 2.217635, 0.22936500000000004, 2.783245, -2.713580307179586, -2.9415203071795863, 0.314465, -1.2335303071795858, 1.544975, -1.073640307179586, 2.649245, 1.932805, -1.3436203071795862, -0.9671703071795861, -2.903710307179586, 1.999565, 0.37853500000000007, -1.6141003071795863, 0.6500050000000002, 0.0], "kappa": [4.2253, 6.71224, 1.29182, 6.46441, 5.83389, 8.90575, 3.47346, 12.637, 5.39192, 0.325685, 3.90825, 5.42925, 1.53911, 5.1948, 6.06382, 2.70956, 1.01643, 3.64226, 4.74938, 4.65435, 3.69667, 3.5121, 3.35889, 12.9873, 5.04978, 4.35236, 7.18902, 5.78637, 4.78305, 17.2664], "beta": 2.17068}