{"theta": [2.432426, -1.0585999999999998, 2.179364, -0.2623700000000002, -0.9977800000000001, -0.25041, -2.2502299999999997, -1.6676800000000003, -2.3095000000000003, 0.7515999999999998, -2.0279400000000005, 0.18501000000000012, -0.1597900000000001, 2.5505229999999997, 0.9650400000000001, 2.54223, -2.87705, -1.8987599999999998, -2.35225, -0.0, -0.17849000000000004, 2.200987, 0.6969599999999998, 2.255204, 0.18405000000000005, -1.89765, -2.26392, 0.6225799999999997, 2.344121, 0.1134299999999997], "kappa": [2.53277, 4.02994, 1.84532, 8.42744, 3.18005, 3.63937, 5.69374, 6.74563, 1.58189, 4.7359, 5.02333, 10.4082, 4.98482, 0.44126, 12.0736, 9.39769, 5.74134, 0.250395, 6.03078, 11.8206, 4.95526, 3.05927, 4.47943, 7.90489, 0.322627, 3.39318, 4.44937, 5.82381, 6.53386, 1.09651], "beta": 2.60766}