{"theta": [-1.948945307179586, -1.936815307179586, 0.93909, -1.9988253071795858, -3.0384553071795857, -3.0437853071795864, 0.16832000000000003, -0.026149999999999896, 0.8600000000000001, 0.39264999999999994, 0.3658699999999999, -3.039525307179586, -0.47869000000000006, -0.11870000000000003, 2.17004, 2.20183, 2.15611, 1.63324, 2.42701, 2.8015600000000003, -2.4608553071795862, 0.86304, -0.6363099999999999, 2.0211500000000004, -2.2008053071795857, -0.009360000000000035, 2.15364, 0.0, -0.6222099999999999, -1.9581253071795857], "kappa": [6.10384, 3.02454, 15.5954, 2.98179, 1.8768, 3.17817, 4.22229, 1.88691, 2.65091, 3.97205, 3.88623, 4.78836, 5.45171, 5.79301, 4.97651, 3.90292, 0.397913, 2.75746, 11.3248, 16.7929, 15.4313, 5.94417, 3.24665, 10.4504, 14.5777, 2.03759, 4.30778, 23.4507, 1.77384, 1.31725], "beta": 1.6442}