{"theta": [-1.3208103071795865, -2.672075307179586, 0.5235000000000003, -3.056655307179586, 0.46189000000000036, -0.5199999999999996, -1.3240103071795861, 1.6021400000000003, 2.93439, 1.6033400000000002, -1.3461833071795866, 0.4956700000000005, -0.5320099999999996, -3.044955307179586, 2.3115, 2.9453300000000002, -1.2189753071795861, 0.46982999999999997, 2.06822, -1.1993153071795861, -1.0480133071795859, 3.1034500000000005, -0.0, 0.4573400000000003, 2.3074800000000004, 1.6003900000000004, -2.672635307179586, -1.201188307179586, 2.0847900000000004, 0.45853000000000055], "kappa": [6.38439, 2.59431, 3.05546, 8.07466, 10.9385, 8.92144, 6.74721, 5.39563, 3.42727, 2.1988, 3.07182, 13.9932, 2.82164, 2.06457, 0.355011, 4.85678, 13.3169, 4.32328, 3.74006, 6.08373, 14.4612, 5.18302, 30.6158, 2.05062, 14.8694, 3.80958, 4.35364, 6.10762, 10.9237, 20.1157], "beta": 1.5186}