{"theta": [-2.19017, -2.12561, 0.7910299999999997, -2.2400200000000003, 2.7906099999999996, 2.7899099999999994, 0.1265299999999998, 0.11190999999999995, 0.6929899999999996, -0.10063000000000022, -0.10756000000000032, 2.7833, -0.69652, -0.30491, 2.11828, 2.1469, 2.25081, 1.4617599999999995, 1.93446, 2.7285999999999997, -2.945051, 0.6987099999999997, -0.88544, 1.57239, -2.472217, 0.11070000000000002, 2.2510999999999997, 0.0, -0.89602, -2.18744], "kappa": [6.11742, 3.82114, 14.5674, 3.22739, 2.53102, 4.01733, 3.80318, 1.17497, 2.76162, 2.2958, 4.96951, 3.99224, 5.69304, 5.01821, 4.47121, 4.47464, 0.279072, 2.31325, 9.66156, 15.3251, 16.5888, 5.93112, 3.46958, 8.73918, 13.8928, 1.08273, 3.86152, 20.8097, 1.99828, 1.71807], "beta": 1.85032}