{"theta": [2.13545, -0.9073599999999997, -0.9469400000000001, 3.1345293071795863, -2.87328, -2.08579, -1.1851699999999998, -1.84482, 2.08016, -1.61605, -2.91051, 1.2876400000000001, 2.3980499971795863, 2.961912307179586, -0.0028600000000000847, -0.6021000000000001, 1.5252500000000002, 0.0, -0.5060099999999998, 0.0024600000000001288, -1.6632699999999998, 0.011350000000000193, 1.2837200000000002, -1.0440299999999998, 2.5498433071795863, 1.3775400000000002, 2.3917253071795863, -2.9052279999999997, -1.07382, 1.5721900000000004], "kappa": [7.80129, 5.46941, 2.18236, 4.51877, 10.3408, 11.5346, 8.16337, 7.10289, 3.35067, 2.95161, 6.08385, 5.16194, 5.68796, 12.419, 4.26486, 7.94771, 11.6425, 17.3715, 2.51806, 6.14845, 10.6093, 4.21974, 0.478441, 1.91045, 4.58709, 4.26048, 0.457992, 2.24414, 4.20628, 7.29668], "beta": 2.09174}