{"theta": [-0.808209, 2.07979, -1.414032, -2.8106553071795863, 0.0, 0.6652199999999999, 0.7233600000000002, 0.15775000000000006, 0.73247, -0.5435800000000002, -1.418737, -2.9648553071795867, 0.58945, 1.41267, 0.5547100000000003, -2.7947853071795867, -2.793375307179587, -2.646225307179586, 1.8762, -0.5555799999999997, 2.0110599999999996, 0.12301000000000006, -0.45497999999999994, -0.35834999999999995, -1.4119939999999997, 2.00439, -2.6859853071795863, 1.87937, -1.4049189999999998, 2.03188], "kappa": [5.27537, 2.52521, 1.56317, 0.791219, 15.0967, 7.82254, 9.20286, 4.05053, 5.25744, 6.63604, 3.70778, 3.92791, 4.64487, 4.72307, 5.89555, 5.10126, 0.371071, 4.56215, 4.14848, 7.96049, 3.85435, 4.9761, 6.26996, 3.84839, 1.40406, 1.3636, 2.20976, 6.23331, 9.75571, 2.83688], "beta": 2.3352}