{"theta": [-0.7168099999999997, 0.0, 3.1290353071795862, -0.30696999999999974, 1.8029353071795864, 1.7518553071795857, 2.317185307179586, -3.11421, 1.4829553071795862, -1.5724299999999998, 1.4747853071795864, -1.2146499999999998, 0.15152530717958612, -2.72432, 0.16846060717958622, -0.7488999999999999, 1.4420253071795859, -0.45248000000000044, -2.71993, -1.59884, -2.74241, 0.16442030717958644, -1.53693, 2.089055307179586, -0.51396, 0.4333893071795867, -3.03334, 3.135335307179586, -1.9640399999999998, 1.282255307179586], "kappa": [6.09273, 14.0916, 15.7334, 2.89734, 2.26723, 5.60176, 5.87548, 1.6331, 2.50496, 7.7297, 3.6015, 7.07155, 1.52259, 1.76883, 9.42801, 5.12068, 3.71736, 5.81425, 2.86762, 2.48251, 5.73269, 3.3861, 5.08529, 7.92662, 4.65003, 9.9185, 11.5171, 8.59938, 12.1415, 3.88324], "beta": 1.92088}