{"theta": [3.0419053071795865, -1.5642300000000002, -1.5549300000000001, 2.0019991371795864, -2.5765599999999997, 1.4969999999999999, 0.31161999999999956, 2.4867363071795863, 2.064030207179586, 1.76452, -1.45764, 1.55891, 0.22151000000000032, 2.514680307179586, -3.12203, -2.6457800000000002, 0.3446100000000003, -1.1926299999999999, 2.8817363071795863, -1.0368, 2.2582923071795857, 1.7646300000000004, -1.33907, -0.8934799999999998, -2.70444, 1.75976, 0.35641000000000034, -1.6545900000000002, 0.6355599999999999, 0.0], "kappa": [4.21575, 6.83009, 2.18113, 7.04946, 6.03632, 9.39832, 3.64198, 12.6201, 5.47994, 0.603948, 3.32882, 4.24384, 1.92314, 5.32376, 6.81077, 3.25555, 0.937098, 3.84121, 5.31374, 4.79321, 3.72878, 3.13303, 3.38661, 13.0745, 5.83704, 5.20735, 4.93376, 5.40199, 4.56045, 17.0494], "beta": 2.13896}