{"theta": [2.0168253071795856, 1.9011253071795862, -0.9091899999999997, 2.084945307179586, 3.079295307179586, 3.061545307179586, -0.06047000000000047, -0.04349000000000025, -0.83291, 0.28720999999999997, 0.23996999999999957, 3.0395653071795863, -0.26454999999999984, 0.3402000000000003, -2.3774800000000003, -2.2549200000000003, -2.3823600000000003, -1.63225, -2.0306300000000004, 3.132695307179586, 2.732205307179586, -0.8991500000000006, 1.3980383071795863, -1.9091, 1.774415307179586, -0.049420000000000464, -2.3950500000000003, 0.0, 1.384724307179586, 2.0366253071795857], "kappa": [6.13237, 4.09745, 14.3784, 3.70524, 3.49833, 2.9121, 3.75791, 2.40706, 3.0025, 4.0241, 5.59004, 4.88612, 3.38127, 7.39993, 5.1601, 4.89104, 0.617249, 2.494, 8.35421, 12.6946, 11.9017, 6.38409, 2.28431, 8.64098, 10.3169, 1.16093, 5.23289, 20.3554, 2.41339, 1.99281], "beta": 1.98922}