{"theta": [-0.3264499999999999, 1.7996100000000004, 0.048820000000000086, 1.80368, -2.72372, 3.0769103071795865, 2.6251133071795865, -2.8485, -0.8590399999999998, 0.44550999999999963, 0.82172, 2.1915302071795857, -2.30491, 0.3143799999999999, 2.0141099999999996, -1.03404, 2.723636307179586, -1.1354700000000002, 3.0179173071795864, -3.10655, -3.1213100000000003, -1.0683600000000002, -1.2139799999999998, -0.76566, -1.74844, 0.4329900000000002, 0.4229599999999998, 1.7932800000000002, 2.0155900000000004, 0.0], "kappa": [6.06297, 2.46444, 9.28935, 7.28597, 2.76236, 3.85866, 2.97201, 5.92019, 7.6742, 5.01859, 8.2979, 8.39184, 12.4699, 7.94741, 5.78274, 8.87271, 4.9248, 10.7754, 7.33582, 5.07112, 5.08176, 6.03489, 4.1808, 8.77336, 11.6256, 11.0823, 6.54107, 3.48199, 6.65721, 15.4609], "beta": 2.50026}