{"theta": [0.01896999999999993, 2.69087, -0.6546289999999999, -0.0011699999999996713, 0.021700000000000053, 0.94252, 1.84451, -1.4855453071795868, 0.94658, 1.6261999999999999, -1.4807853071795858, -0.436372, 3.0897400000000004, -0.43791599999999997, 1.8427799999999999, -1.9107553071795866, -1.9053453071795854, -0.4562459999999997, -2.1018753071795864, 2.7753200000000002, -0.4362379999999999, 2.72174, 0.0, 3.07645, -3.128295307179586, -1.480145307179587, 1.84369, 3.0821799999999997, 1.86457, 0.9362000000000001], "kappa": [3.85264, 1.99436, 15.9088, 5.91109, 5.7543, 3.9276, 25.469, 2.46942, 10.3621, 16.9745, 4.24465, 16.4492, 5.57159, 7.28686, 2.61374, 1.99234, 2.02401, 7.91484, 13.7753, 3.40317, 2.26075, 6.21418, 26.9651, 2.07237, 5.01983, 4.29584, 2.58625, 12.0357, 9.79533, 7.83748], "beta": 1.36689}