{"theta": [0.12777000000000016, 1.52924, -0.7290219999999998, -2.1224053071795863, 2.89313, 2.15022, 2.21131, 1.6201100000000002, -1.5543653071795864, 0.32606, -1.9725353071795864, -1.683435307179586, -2.984085307179586, -1.9651453071795864, -1.9791653071795867, 2.1898600000000004, 1.5946, 1.8648300000000002, 1.03238, 0.08210000000000006, 0.15148000000000006, 1.6999199999999999, 0.62931, 2.9890600000000003, 0.49609000000000014, -0.7046429999999997, -0.6833009999999999, -1.7347553071795865, 2.7490299999999994, 0.0], "kappa": [2.67245, 3.81645, 4.7547, 5.82141, 4.349, 4.1678, 6.55536, 4.31481, 6.05292, 7.9407, 0.732326, 5.5602, 4.94699, 2.56764, 11.5786, 15.9521, 4.35054, 11.3333, 7.72401, 7.29358, 2.66477, 4.61476, 4.01678, 4.33463, 4.97482, 1.05672, 6.23138, 8.83957, 5.62561, 24.7704], "beta": 3.14231}