{"theta": [-0.9581399999999993, 1.703597307179587, -1.6260999999999997, 3.0944353071795865, 0.0, 0.5002200000000006, 0.6031400000000007, -0.07336999999999971, 0.7457400000000005, -0.8149599999999992, -1.6459399999999995, 2.7129553071795867, 0.41916000000000064, 1.171572307179586, 0.29940000000000033, 3.1315953071795866, 3.0947153071795865, -2.7960199999999995, 1.6219383071795868, -0.6894899999999993, 1.7529233071795867, -0.014569999999999972, -0.6634499999999992, -0.45784999999999965, -1.6371099999999998, 1.8364753071795867, -2.9132799999999994, 1.5785803071795872, -1.6844699999999997, 1.7768793071795868], "kappa": [3.98219, 2.4968, 1.7715, 1.72349, 16.5168, 7.50463, 7.7936, 4.21954, 5.08595, 7.02993, 4.27557, 4.98201, 2.46579, 4.08094, 7.01776, 6.64474, 1.65208, 5.25572, 5.35825, 6.55325, 3.59572, 5.0471, 6.42437, 4.21142, 2.03378, 2.66899, 3.03031, 5.72314, 8.83872, 2.68905], "beta": 2.81162}