{"theta": [2.856366307179586, 1.4023263071795862, -2.411299, 3.140176307179586, -1.374149, 2.778266307179586, 0.41704589999999975, 1.481346307179586, 2.183296307179586, 0.007319999999999993, -2.310639, -0.3422879999999999, -0.166671, -2.407349, 3.063286307179586, -0.5008840000000001, 2.4897763071795858, -0.425357, -1.361729, 0.5964363071795864, -1.483629, 2.7175863071795865, 1.3769263071795859, 0.128174, -0.0, 0.2770809999999999, -2.597289, 1.2509063071795863, -1.9412190000000002, 1.0885763071795864], "kappa": [3.38907, 8.57797, 4.94558, 8.0669, 3.57389, 2.54729, 6.73539, 5.39573, 4.18592, 9.47981, 3.84435, 4.3453, 5.21915, 4.91113, 7.7962, 5.05709, 11.6586, 6.6804, 1.60959, 10.1217, 12.8475, 11.2448, 15.4309, 6.07176, 17.9009, 4.06793, 6.69119, 4.69653, 15.3581, 4.8995], "beta": 2.78677}