{"theta": [0.18438, 1.4994899999999998, -0.7561800000000001, -2.203115307179586, 2.9978499999999997, 2.1127000000000002, 2.0629, 1.59769, -1.7579520000000004, 0.27208999999999994, -2.537885307179587, -1.9186650000000003, -2.865635307179587, -2.4908953071795867, -2.176445307179586, 2.56513, 1.5613699999999997, 1.81663, 0.9221499999999998, 0.16752999999999973, 0.20031, 1.6425099999999997, 0.72024, 2.9845499999999996, 0.6477599999999999, -0.7555600000000002, -0.7494400000000001, -1.88409, 2.6146399999999996, 0.0], "kappa": [2.24656, 4.92249, 4.83252, 5.20272, 3.50048, 3.99743, 4.7942, 4.78831, 6.07793, 8.59183, 3.25314, 5.44726, 5.30762, 5.03124, 12.0386, 14.035, 4.87237, 12.0436, 9.96423, 7.62476, 2.33248, 6.06108, 2.67116, 4.63394, 4.88294, 0.734206, 6.18203, 8.65595, 5.44053, 25.2415], "beta": 2.4949}