{"theta": [2.85563, 1.4347600000000003, -2.1316629999999996, 3.13784, -1.4911999999999999, 2.8262700000000005, 0.6648400000000003, 1.5907700000000005, 2.5187700000000004, 0.14075000000000015, -2.091106, -0.28774999999999995, 0.029890000000000416, -2.10816, 3.13341, -0.37495999999999974, -2.9386669999999997, -0.22933999999999966, -1.4693699999999998, 0.9122100000000004, -1.4014999999999997, 2.70536, 1.5481700000000003, 0.14699000000000018, 0.0, 0.4479000000000002, -2.370046, 1.3691300000000006, -1.90842, 1.2238600000000006], "kappa": [3.24909, 9.63303, 4.5118, 8.08962, 4.36108, 2.14727, 6.27125, 5.2302, 5.04747, 9.89906, 3.47016, 3.65284, 4.50424, 5.93933, 8.11681, 5.35238, 14.6555, 5.43673, 1.58296, 10.8344, 12.0519, 12.2652, 15.6799, 5.60055, 16.12, 4.88864, 6.44342, 4.59712, 12.8046, 4.73873], "beta": 2.84368}