{"theta": [2.5211099999999997, -0.7775100000000004, -3.0919553071795867, 2.5609499999999996, 2.3986799999999997, 1.6562099999999997, -0.0, -2.7577453071795865, 1.6073599999999995, 0.4663199999999996, -2.7565253071795865, 2.9754499999999995, -1.116423307179586, 3.0347299999999997, 0.042139999999999844, -2.1856753071795865, -2.188075307179586, 2.9794699999999996, -2.167295307179587, -0.941294707179587, 2.9941299999999997, -0.7987000000000002, 1.8771599999999995, -1.0296873071795867, -1.1982253071795865, -2.7692853071795867, 0.0479699999999994, -1.0396913071795861, 0.03235999999999972, 1.7597999999999998], "kappa": [4.47362, 1.71399, 7.94312, 4.54751, 6.40321, 3.96965, 20.6868, 2.35286, 9.6923, 15.2979, 3.58064, 10.2128, 4.81921, 6.283, 2.8681, 0.741508, 3.32038, 4.83094, 10.8282, 3.4723, 2.26407, 4.78003, 17.2793, 2.10757, 4.40184, 3.67936, 2.86046, 10.1335, 9.27392, 9.27743], "beta": 1.85199}