{"theta": [-1.2219799999999998, -2.7617599999999998, 1.0950000000000002, -2.9989, 0.8695400000000002, -0.22113000000000005, -1.2024899999999996, 1.834241, 3.0798253071795862, 2.0502380000000002, -1.1229799999999996, 1.1203900000000002, -0.10467999999999966, 2.059845, 2.735007, 3.0650453071795862, -1.16376, 0.9041200000000003, 2.352126, -1.2821099999999994, -0.8725199999999997, -2.9635099999999994, -0.0, 0.8576800000000002, 2.7362802000000004, 1.872764, -2.74948, -1.2274599999999998, 2.434448, 0.8206900000000001], "kappa": [3.62036, 2.20467, 4.43042, 7.26919, 8.1002, 9.44927, 7.58788, 5.28622, 2.94633, 4.74772, 4.24165, 11.7265, 4.67246, 2.89192, 0.391885, 4.18439, 9.90016, 4.6986, 3.6393, 3.17423, 13.496, 4.9819, 23.3128, 3.36531, 10.5599, 4.15085, 2.31664, 5.41822, 9.83315, 13.8199], "beta": 2.02839}