{"theta": [-2.056068, -0.3228230000000001, 2.7202573071795864, -1.9052279999999997, -1.5942179999999997, -0.0, 0.3561890000000001, -0.11426199999999964, -0.4859230000000001, 1.2727173071795868, -0.5255879999999999, 2.2425273071795857, 0.33544799999999997, 0.9118073071795862, 1.5201873071795866, -1.909128, 3.0027273071795864, -0.4908509999999997, 3.0751873071795863, 3.0173673071795863, -1.9210879999999997, 2.260697307179587, 2.9968473071795865, 2.221307307179586, 2.247777307179586, 0.7196373071795872, -1.546258, -2.262298, 0.5392873071795865, -1.5318579999999997], "kappa": [7.4645, 2.83977, 11.3097, 5.59445, 5.46019, 21.323, 6.58998, 5.72461, 2.04547, 11.3357, 6.50755, 5.77528, 6.53009, 5.80997, 7.11389, 0.826323, 7.84121, 4.86911, 5.20761, 3.19278, 3.3145, 4.28837, 4.62931, 4.43011, 3.10826, 5.21558, 5.58671, 7.08182, 9.65714, 4.24971], "beta": 1.83258}