{"theta": [-2.6708659999999997, 0.7718893071795865, 1.2783493071795862, -1.930396, 2.281469307179586, -2.608586, -0.519676, 3.071319307179586, -1.8831660000000001, -2.147236, 1.250059307179586, -1.885256, -0.47633599999999987, -3.134286, 2.660739307179586, 2.3912393071795863, -0.5299959999999997, 0.7808893071795859, -2.830826, 0.7563093071795866, 3.139239307179586, -2.313906, 1.139979307179586, 0.7009593071795859, 2.4680293071795862, -2.160276, -0.595086, 1.2309893071795859, -0.731296, -0.0], "kappa": [2.85362, 6.29435, 2.40805, 9.64813, 7.14044, 8.60454, 2.2844, 14.0498, 7.38334, 0.394019, 3.34964, 7.56285, 1.7628, 4.93327, 5.38263, 2.93877, 1.1984, 3.11457, 5.26481, 3.08658, 3.81932, 3.75036, 3.67951, 12.3735, 5.19241, 6.5006, 6.96482, 5.84071, 4.08725, 18.7535], "beta": 1.87067}