{"theta": [-2.709125307179586, 0.87975, -2.559925307179586, -0.10731999999999964, 0.8494000000000002, -0.5162899999999997, 2.1221200000000002, 1.6398100000000002, 2.14303, -1.1133499999999996, 1.9264300000000003, -0.0, -0.38563999999999954, 3.12584, -1.2325299999999997, -2.9426953071795863, 3.05868, 1.80369, 2.28547, 0.007319999999999993, -0.39102999999999977, -2.5199053071795863, -1.1838199999999999, -2.572545307179586, -0.8145699999999998, 1.79927, 2.05329, -1.2945899999999995, -2.6167953071795864, 0.035650000000000404], "kappa": [2.43294, 4.12983, 1.79764, 8.02657, 2.65413, 3.30954, 5.52486, 6.5592, 2.24449, 4.82798, 4.62977, 14.1744, 5.00244, 2.099, 12.5744, 10.6109, 5.42822, 0.358249, 5.55575, 12.3524, 5.0511, 4.44068, 3.65244, 6.97235, 2.31861, 3.28684, 3.24089, 8.40409, 3.77485, 0.775932], "beta": 2.38111}