{"theta": [0.12080000000000002, 1.50979, -0.7869399999999998, -2.1861253071795863, 2.95744, 2.1878400000000005, 2.25014, 1.6085900000000002, -1.8286592, 0.3698499999999998, -2.536875307179586, -1.8854753071795862, -2.8539353071795857, -2.485725307179586, -2.133655307179586, 2.37291, 1.61738, 1.8114299999999999, 0.92851, -0.007759999999999989, -0.0375700000000001, 1.65729, 0.5967399999999998, 2.99789, 0.5387000000000002, -0.7801000000000002, -0.7731199999999998, -1.8358622999999998, 2.85942, 0.0], "kappa": [2.59024, 4.68323, 4.57024, 5.68748, 4.20043, 4.15161, 6.61605, 4.77487, 4.31284, 9.12675, 3.52887, 5.33238, 4.20089, 5.66342, 12.2581, 17.0301, 4.89941, 10.5137, 10.0963, 7.61213, 1.19576, 6.04913, 3.57833, 4.17381, 6.26436, 1.05885, 6.18744, 8.58205, 5.62668, 22.3472], "beta": 2.4922}