{"theta": [-2.0539699999999996, 1.3163153071795861, -1.5205199999999994, -2.4615799999999997, -2.4556699999999996, 0.0, -0.6190099999999994, -2.1551299999999998, -0.6326499999999999, -0.8324199999999999, 2.824625307179587, 0.8684013071795871, 2.8281953071795867, -1.5160199999999993, 0.7393073071795868, -1.1011699999999998, 1.3118153071795868, 0.7392863071795865, 2.9274653071795864, 0.7427813071795866, -3.0634099999999997, 1.469915307179587, 0.7772783071795866, -2.0535799999999993, 2.8047353071795866, 2.7175553071795866, -0.5966899999999997, -2.4501099999999996, 2.8251853071795865, -0.8350999999999997], "kappa": [14.5732, 5.03044, 14.2452, 3.68676, 7.34724, 35.9456, 0.859809, 3.46356, 5.83137, 7.9904, 4.07951, 17.8012, 25.8727, 3.66868, 1.14858, 7.616, 1.66549, 6.12476, 12.3012, 2.38812, 12.233, 9.00508, 3.67869, 1.67104, 2.49676, 4.14907, 23.483, 9.48431, 5.93563, 4.13711], "beta": 1.29348}