{"theta": [1.3595700000000006, -1.3641453071795855, 1.8004900000000008, 2.5679100000000004, 2.4866500000000005, -0.0, 0.5790700000000006, 1.3370600000000001, 0.5866600000000002, 0.7387000000000006, -3.0050253071795856, -0.998286307179586, -3.0162753071795856, 1.8062000000000005, -0.8074193071795861, 0.7850200000000003, -1.3644453071795857, -0.8195333071795856, 3.1381200000000002, -0.8384483071795863, 2.5534800000000004, -1.6134653071795855, -0.8837213071795862, 2.4725200000000003, -2.648785307179586, -2.6569453071795857, 0.5913200000000005, 1.8201600000000004, -2.984115307179586, 0.1770000000000005], "kappa": [14.6841, 4.78607, 9.61434, 3.83711, 8.51429, 27.1636, 0.672126, 3.51482, 4.75018, 5.62543, 5.18596, 15.2917, 16.8444, 2.63376, 1.97903, 5.81297, 1.69952, 6.23218, 14.5012, 3.07147, 16.491, 11.2682, 3.69556, 2.53335, 3.18783, 4.6076, 15.5994, 10.2263, 7.05477, 4.26936], "beta": 1.38555}