{"theta": [-0.45761999999999947, -2.0158199999999997, 0.0, -0.45045999999999964, 2.0910363071795866, 3.061975307179586, 3.0624153071795863, 0.28159000000000045, -2.3374099999999998, -2.01444, 0.05925000000000047, -1.9344299999999999, -2.01204, 0.0008300000000005525, -1.8441799999999997, 0.7603499999999999, -0.4606399999999997, 2.9890153071795864, -1.4489699999999996, -0.4615399999999994, 2.0914313071795867, -2.3392299999999997, 2.1179333071795865, 0.7655500000000002, 2.239035307179586, 2.8303053071795867, 1.5246403071795864, 2.0920203071795864, 0.7564600000000006, 1.5214073071795866], "kappa": [26.7658, 3.27197, 66.1621, 5.30121, 3.47035, 2.48124, 0.161065, 27.837, 0.427539, 3.04356, 9.19813, 8.55274, 1.78703, 22.8617, 7.27162, 14.3511, 10.4961, 14.4682, 5.07146, 5.29887, 1.96756, 4.0111, 15.9234, 14.3001, 4.20593, 50.8398, 12.4241, 15.8, 8.61156, 4.4418], "beta": 1.29427}