{"theta": [2.1335699999999997, -2.4084153071795864, -0.27010000000000023, -0.0, -1.3884343071795868, 1.8414799999999998, -0.30496999999999996, -0.40134650717958564, 1.5946699999999998, 2.16395, -3.1017353071795863, -2.487765307179586, -1.1917623071795864, -0.3557699999999997, -0.37077000000000027, 2.00235, -1.7808753071795866, -1.0019923071795862, 1.6275000000000004, 1.23278, 0.061009999999999565, 2.76578, 2.98732, -0.9519793071795863, -2.498995307179586, 0.0542600000000002, -1.5259453071795868, 2.2298299999999998, 1.96924, 1.6767899999999996], "kappa": [7.27356, 5.44327, 4.43853, 11.979, 8.03882, 5.23631, 4.54507, 5.58524, 8.22667, 2.67846, 5.31435, 3.94602, 5.34353, 1.89184, 8.12822, 5.81087, 7.96219, 8.83678, 6.69712, 6.5652, 7.61497, 11.9246, 6.68271, 7.61691, 4.00629, 1.1767, 4.71425, 3.91636, 3.91547, 10.3516], "beta": 2.64045}