{"theta": [-1.8163743071795864, 1.5517699999999999, -1.6394463071795862, -0.8063100000000007, -1.0342900000000004, 2.4795899999999995, -2.8513553071795865, -1.9114893071795862, -2.8475553071795865, -2.683905307179587, 0.015429999999999389, 1.7857099999999995, -0.0, -2.2341153071795867, 1.9738299999999995, -2.230985307179587, 1.5465999999999998, 1.9698099999999998, -0.6850000000000005, 1.9769399999999995, -0.8215400000000006, 1.2721399999999998, 1.9292099999999999, -1.05694, 0.01764999999999972, 0.1993899999999993, -2.8555153071795867, -1.419227307179586, 0.016140000000000043, -2.6736953071795866], "kappa": [11.5049, 4.45168, 9.83013, 5.45871, 8.66051, 25.5046, 0.456287, 3.40159, 5.05635, 7.61845, 4.5482, 14.7841, 22.8042, 1.78645, 1.25713, 5.78983, 1.63593, 5.65678, 11.7287, 2.44272, 16.3654, 11.1514, 3.88146, 2.71674, 2.78523, 3.8666, 13.3555, 9.97924, 6.66862, 4.30519], "beta": 1.40712}