{"theta": [2.5496673071795866, 1.4270300000000002, 2.1731763071795864, 2.6656073071795863, -2.9960699999999996, 1.8439100000000002, 3.1365853071795864, -0.19165999999999972, 0.0, -2.97198, 0.6951499999999999, 2.5689453071795865, 2.3238453071795866, -0.7148399999999997, -1.6055799999999998, -1.6378599999999999, -1.3411799999999996, 0.6980000000000004, 0.7697700000000003, -0.2615099999999999, -1.2542099999999996, 0.6766300000000003, 3.0878553071795865, 0.6936499999999999, -1.64139, 1.8259300000000005, -1.6297799999999998, -0.7195399999999998, 2.3426703071795862, -2.98395], "kappa": [7.36255, 8.77003, 5.26614, 9.39834, 3.44341, 4.39703, 5.27352, 8.40911, 30.4184, 3.61252, 13.2226, 3.52287, 7.26994, 4.92636, 7.49112, 2.6425, 5.91887, 0.56239, 4.77973, 6.54274, 6.20527, 7.36178, 4.34931, 4.91621, 2.67268, 3.289, 4.28025, 9.90392, 4.6631, 3.47801], "beta": 1.73807}