{"theta": [2.169055307179587, 2.1901553071795865, -0.8001799999999999, 2.4446653071795863, -2.8164999999999996, -2.83352, -0.08979999999999988, -0.10019, -0.7261599999999999, 0.13665000000000016, 0.11241000000000012, -2.8127899999999997, 0.790719, 0.1433199999999999, -1.9868, -1.86533, -1.98039, -1.2636999999999998, -1.6403100000000002, -2.4776499999999997, 2.9639753071795862, -0.7426099999999998, 1.0714949999999999, -1.4418300000000002, 2.4352053071795865, -0.09274000000000004, -1.9729599999999998, -0.0, 1.074842, 2.1756853071795863], "kappa": [7.18553, 3.75497, 13.2751, 3.46413, 3.34969, 3.35053, 3.54402, 2.55479, 2.66712, 3.12138, 4.54793, 4.8482, 6.13963, 6.03486, 5.03052, 4.57979, 0.585234, 2.39068, 7.89731, 11.9953, 16.4266, 5.64845, 3.85122, 8.26959, 14.1344, 1.21684, 3.62422, 20.0588, 2.4112, 0.656964], "beta": 1.88573}