{"theta": [0.7814399999999999, 2.07241, -2.560525307179586, -2.691295307179586, -1.1174799999999996, -2.678425307179586, 1.11491, -1.3305500071795855, 1.16418, -0.6413500000000001, 1.8605, -1.2333099999999995, 1.0937200000000002, -2.7102653071795864, 1.5724200000000002, -0.35843000000000025, -2.364515307179586, -0.0, 2.02073, 2.1374, -2.454225307179586, -0.4220499999999996, -0.9524400000000002, 0.4775900000000002, 1.52421, -0.5121700000000002, 1.74925, 1.42522, -0.43137000000000025, -1.0342500000000001], "kappa": [10.4659, 1.34738, 4.89105, 1.98589, 10.0615, 6.41671, 2.04742, 6.09659, 3.06347, 3.09232, 1.94168, 6.92746, 2.06405, 0.870061, 2.47487, 2.33333, 5.10721, 15.8129, 5.08051, 5.27511, 3.16719, 0.363634, 2.80726, 2.71004, 3.38339, 4.41683, 4.51163, 4.17852, 3.01408, 5.22547], "beta": 4.61232}