{"theta": [-1.96528, -1.95421, 1.1016499999999998, -2.0054, 3.1323723071795864, 3.1410563071795865, -0.060859999999999914, 0.0008099999999999774, 1.0975300000000003, 0.23790000000000022, 0.24573, 3.1372083071795864, -0.3380399999999999, 0.23297999999999996, 2.2803600000000004, 2.2711200000000002, 2.3172400000000004, 1.97805, 2.5373300000000003, 3.0365703071795864, -2.573103, 1.1031999999999997, -0.7118199999999999, 2.2010400000000003, -2.14663, -0.005149999999999988, 2.31725, 0.0, -0.7159200000000001, -1.9660499999999999], "kappa": [5.65189, 3.10795, 17.9158, 2.87738, 2.46815, 4.15537, 3.83983, 1.46557, 0.631259, 3.51515, 4.91264, 4.10305, 5.56189, 6.6253, 3.8008, 3.97186, 0.509161, 2.36676, 10.7685, 17.8646, 16.4667, 6.86673, 3.94921, 10.2157, 14.9874, 1.64988, 1.81568, 22.264, 2.31049, 1.2971], "beta": 1.5849}