{"theta": [1.63009, 0.9568399999999997, 0.0, -2.35846, -1.2619099999999999, 1.8995499999999996, -2.25522, 2.879869497179586, -0.3439000000000001, -1.2749899999999998, 2.21077, 0.4955099999999999, -1.25332, -0.4442300000000001, 2.36343, 0.0194700000000001, -0.3312400000000002, -2.2216500000000003, 2.911083107179586, -0.9315000000000002, 2.1829400000000003, 0.8894099999999998, 2.2234800000000003, -0.3255300000000001, 2.885222637179586, -1.20301, 1.6200900000000003, -2.21819, 2.893356207179586, -0.8110200000000001], "kappa": [4.46775, 4.14969, 12.1428, 4.91149, 4.57089, 8.14497, 2.22789, 5.34356, 8.06866, 3.3336, 4.50309, 3.78622, 5.77287, 3.10126, 7.95409, 12.2201, 3.55622, 1.47548, 7.18093, 4.96622, 4.6539, 5.39839, 4.66339, 2.41703, 6.94003, 5.60675, 2.05749, 0.544279, 1.67155, 8.82603], "beta": 1.93036}