{"theta": [0.6390799999999999, 2.8001099999999997, 1.7285099999999995, 0.12397999999999998, -1.06407, -1.75285, 0.18582999999999972, -0.3347899999999999, 2.7697, 0.0, -1.7557200000000002, -1.75814, -1.07328, -1.5247600000000001, 1.34611, 1.78492, 0.11106999999999978, 0.5991499999999998, 3.09583, 0.36614000000000013, 0.3506100000000001, -2.8393256, -3.0738953071795865, 1.6179599999999996, 3.0688799999999996, 1.3518899999999996, 0.52291, 1.3235699999999997, 3.0898499999999998, -1.5213100000000002], "kappa": [4.25538, 2.21182, 4.97928, 12.2149, 17.3859, 0.44917, 4.775, 11.8637, 10.1315, 17.8128, 6.00041, 7.49994, 9.51767, 2.48244, 0.373327, 2.50173, 6.48036, 5.19649, 2.81609, 0.338858, 12.1462, 17.3911, 6.11148, 5.21848, 8.16762, 7.55838, 6.34803, 0.823022, 1.62976, 4.69422], "beta": 1.78261}