{"theta": [-3.11649, -1.28917, 2.528135307179586, -3.12804, 0.62412, -0.09640000000000004, -0.09610999999999992, 2.542115307179586, -0.9691299999999998, -1.2841, 2.455525307179586, -1.3774099999999998, -1.28944, 1.8151153071795871, -1.52617, 1.8024153071795865, -3.129, -0.05393999999999988, -2.22694, -3.12848, 0.6241499999999998, -0.9851399999999999, 0.5955499999999998, 2.426265307179586, 0.52555, -0.0, 1.1628859999999999, 0.6173899999999999, 2.430305307179586, 1.1749200000000002], "kappa": [18.594, 3.27036, 31.0444, 3.61621, 4.91928, 1.78322, 0.129119, 26.3566, 1.02818, 3.39711, 6.90073, 8.96566, 1.79987, 16.934, 8.43006, 16.9853, 12.503, 13.5136, 5.39287, 5.41426, 2.19236, 4.35296, 10.9826, 11.6194, 4.62703, 32.4182, 10.8753, 16.5153, 6.97367, 5.66472], "beta": 1.40279}