{"theta": [-0.14683000000000002, 2.150179, 0.3151600000000001, 2.1027180000000003, -1.9720500000000003, -2.36597, -2.9325900000000003, -2.10201, -0.7159299999999997, 0.7279100000000001, 1.39944, 2.7886930000000003, -1.7275200000000002, 0.58724, 2.662279, -0.6749899999999998, -2.82327, -0.7355399999999999, -2.43382, -2.3352899999999996, -2.3433900000000003, -0.6731400000000001, -0.68431, -0.5811199999999999, -1.2217200000000004, 0.57727, 0.7675800000000002, 2.155836, 2.61653, -0.0], "kappa": [6.14853, 3.03763, 10.5551, 6.03972, 2.3448, 3.14206, 3.35357, 6.56548, 7.40871, 5.82106, 11.5632, 9.92855, 11.2516, 8.97414, 5.50381, 7.30968, 5.77292, 9.49632, 7.0611, 4.27368, 2.98156, 3.057, 3.19118, 7.68478, 11.0089, 12.3471, 6.0988, 5.85958, 8.31264, 18.8191], "beta": 2.15303}