{"theta": [2.23625, -2.2687799999999996, 0.73901, 2.46629, -0.6240299999999994, -2.2677199999999997, -2.26384, 1.82695, 0.7452800000000002, -0.6307299999999998, -2.0210799999999995, -0.6342499999999998, 0.4180600000000001, -0.84361, 2.45277, -1.14811, -1.1544799999999995, 0.42611, 0.7395100000000001, 0.4300100000000002, 2.46605, 2.68596, 0.8116600000000003, -1.1551999999999998, -2.2459999999999996, -2.0213200000000002, -0.0, 2.23137, 2.68457, 0.7586600000000003], "kappa": [5.32186, 55.6148, 79.1841, 12.5362, 54.6097, 2.09185, 74.2806, 44.554, 7.16686, 28.499, 36.8168, 28.7391, 46.9382, 25.5432, 30.2965, 7.31511, 6.96482, 4.07029, 82.9706, 101.186, 6.81567, 6.99017, 17.1061, 48.1412, 7.83409, 4.89123, 216.813, 17.1055, 39.7853, 106.181], "beta": 1.01309}