{"theta": [0.3182199999999997, 1.6189799999999996, -0.5495500000000004, -1.9922600000000004, -3.1154023071795867, 2.4225499999999998, 2.48719, 1.7689499999999998, -1.5544300000000004, 0.50433, -2.3371, -1.6974900000000006, -2.6791983071795866, -2.26911, -1.96578, 2.69602, 1.78388, 2.2245299999999997, 1.0913299999999997, 0.21297999999999995, 0.3065699999999998, 1.6868599999999998, 0.7961099999999997, -3.0513783071795864, 0.7547199999999998, -0.5525699999999998, -0.5388300000000004, -1.8011399999999997, 3.0411699999999997, -0.0], "kappa": [2.86806, 5.33666, 2.75612, 5.22718, 4.3052, 4.29135, 6.8136, 5.24388, 6.23042, 8.38331, 3.41121, 5.56889, 4.96263, 5.18976, 11.3988, 13.6442, 5.30746, 10.7071, 8.4645, 7.94893, 3.02841, 5.235, 3.64808, 4.37867, 6.16705, 0.860687, 6.59641, 6.44942, 5.5149, 23.9446], "beta": 2.74359}