{"theta": [-1.178415307179586, -2.5557653071795867, 0.8401199999999998, 2.7807299999999997, 0.5073099999999995, -0.1924400000000004, -0.9902173071795861, 1.56414, 2.90297, 1.8191099999999993, -1.2108843071795867, 0.8220599999999996, -0.17703000000000024, 2.7411799999999995, 2.3062099999999996, 3.0567399999999996, -1.027522307179586, 0.8231799999999998, 1.8222399999999999, -1.0029503071795869, -1.028228307179587, -3.1274353071795864, -0.0, 0.6492899999999997, 2.2991699999999997, 1.7185799999999993, -2.5596453071795864, -1.1615383071795868, 1.85445, 0.6326599999999996], "kappa": [6.06911, 3.06069, 3.86723, 7.53499, 9.28104, 7.79534, 6.81854, 4.79204, 3.56835, 2.0074, 3.39606, 11.8016, 3.82965, 2.25516, 0.485966, 5.14392, 12.7347, 4.14902, 1.90245, 6.55364, 15.0756, 5.43649, 23.1999, 3.88925, 12.4807, 4.03915, 4.57135, 5.86839, 8.87577, 16.4509], "beta": 1.77773}