{"theta": [3.093046307179586, -1.708569, 1.7874963071795857, -2.832679, 0.5618963071795866, -1.6985590000000002, -1.6973390000000002, 2.871616307179586, 1.7915763071795858, -0.9749790000000003, -1.361849, 0.551776307179586, 0.5616163071795865, 0.5577663071795858, -2.832139, -0.9817390000000001, -0.9828190000000001, 1.347126307179586, 1.7888663071795863, 1.347716307179586, -2.831849, -2.7707990000000002, 1.6594763071795864, -1.0425790000000001, -1.646349, -1.354249, -0.0, 3.093866307179586, -2.7741890000000002, 1.7954463071795859], "kappa": [3.11384, 29.7456, 35.6422, 5.6119, 28.3061, 0.927392, 27.6669, 19.9372, 7.88575, 26.2753, 17.8802, 22.2279, 28.3584, 8.77161, 13.1615, 2.51902, 5.37904, 5.16285, 46.5739, 59.8677, 2.57579, 2.41703, 15.874, 23.8429, 9.31389, 2.84354, 107.35, 10.1603, 15.7797, 36.3112], "beta": 1.04698}