{"theta": [0.6070899999999999, 2.043885307179586, -0.0, 0.05065999999999993, -2.66051, 2.9782253071795863, 2.978325307179586, 0.43154000000000003, 2.2329653071795867, 2.052055307179586, -0.3222499999999999, 1.9270671, 2.0437353071795865, 0.1919200000000001, 0.9064399999999999, -1.19128, -0.07516999999999996, 2.948535307179586, 1.7469860000000001, 0.04544999999999999, -2.62325, 2.2271353071795854, -2.64695, -0.9116200000000001, -2.67465, 3.096715307179586, -1.84836, -2.6599799999999996, -0.8117399999999999, -1.8015400000000001], "kappa": [18.4002, 2.78877, 40.1891, 2.70246, 2.95779, 1.64603, 0.113691, 22.6418, 0.605193, 1.87906, 7.38422, 6.9624, 1.77393, 10.522, 5.03495, 15.1946, 9.68809, 12.0993, 4.23874, 3.98476, 2.65572, 3.16837, 12.1998, 11.6464, 1.78143, 29.2932, 11.2585, 12.3217, 8.02762, 7.70156], "beta": 1.71371}