{"theta": [-1.2536283071795857, -2.374588307179586, 2.776857, 2.5386670000000002, 0.07629300000000017, 2.549627, -1.3605283071795862, -0.03653800000000018, -1.4253483071795863, 0.8502770000000002, -2.566778307179586, -0.26340499999999967, -1.3447983071795866, 2.492397, -1.8578483071795864, 0.618117, 2.7699570000000002, 0.0, -2.3055083071795863, -2.180798307179586, 3.082757, 1.034907, 0.22582699999999978, -0.9118083071795864, -1.8230483071795858, 0.692067, -1.997758307179586, -1.7266583071795862, 0.977217, 0.16863200000000012], "kappa": [7.32799, 2.95809, 4.50023, 3.89826, 11.6273, 7.34965, 2.28326, 5.21947, 3.60584, 3.99087, 5.00448, 5.81576, 2.18562, 1.3837, 2.23798, 2.47671, 6.39781, 11.9875, 5.08114, 4.01315, 5.20871, 1.03898, 1.84348, 3.35794, 2.28147, 4.25874, 4.99678, 4.24694, 6.5362, 5.42955], "beta": 3.44555}