{"theta": [0.580978, -0.780267307179586, 3.0663579999999997, 2.734108, -2.3353373071795867, 0.19168999999999992, 3.058198, 3.104238, 1.024268, 0.5472380000000001, -1.445947307179586, -0.7328473071795862, -2.5198673071795863, 3.086678, 3.099948, 0.036042999999999825, -1.9764573071795866, -2.537637307179586, 0.16028999999999982, 1.611808, 2.735618, 0.0, -1.299527307179586, -2.790517307179586, -0.735857307179586, 2.716548, -2.355487307179586, 0.5540079999999996, 0.716388, 0.672698], "kappa": [8.13995, 4.72567, 2.48826, 11.8459, 7.38233, 5.57637, 3.76599, 4.43051, 8.8171, 2.02823, 5.058, 3.27756, 4.56292, 1.16745, 7.18865, 10.7127, 7.7675, 9.71271, 4.41364, 6.09841, 9.12725, 13.7597, 6.33391, 7.93138, 3.27304, 1.29891, 4.79464, 3.78741, 5.14754, 10.6343], "beta": 2.53745}