{"theta": [2.520026307179586, -1.3825900000000004, -1.3936600000000006, 2.9832153071795857, -2.9350500000000004, -0.2501800000000003, -1.7274800000000003, -2.3780800000000006, 0.6210299999999993, -1.8797300000000003, -2.8744900000000007, 1.50317, 2.2188999999999997, 2.783865307179586, 0.06126999999999949, -1.0910800000000003, 1.6796699999999998, 0.0, -0.9701600000000004, 0.01748999999999956, -2.1020100000000004, 0.06314999999999937, 1.5054599999999994, -1.4314900000000006, 2.09558, 1.4370199999999995, 2.2208699999999997, -3.0078800000000006, -1.4177600000000004, 1.8571299999999997], "kappa": [7.88742, 5.46985, 2.48635, 4.28803, 11.4319, 12.5832, 7.54765, 6.24483, 5.16102, 2.36387, 7.47595, 4.44348, 5.0646, 11.4123, 1.33896, 5.07755, 8.61173, 16.2683, 2.81564, 5.79359, 9.98651, 3.51709, 0.349337, 2.4701, 3.98358, 4.81147, 0.459381, 2.6981, 4.48161, 6.21589], "beta": 2.85085}