{"theta": [-0.025300000000000544, 1.2792933071795858, -2.4107200000000004, -2.12869, 2.769795307179586, -0.18111999999999995, -2.4069300000000005, -2.49223, -0.3866500000000004, 0.12362999999999946, 1.8636353071795861, 1.2370673071795864, -3.0109600000000003, -2.4568900000000005, -2.5511600000000003, 0.30061999999999944, 2.502295307179586, 3.060225307179586, -0.4649800000000006, -0.8405399999999998, -1.9511900000000004, 0.4897399999999994, 1.7299753071795863, -2.8798800000000004, 1.219508307179586, -1.9413300000000002, 2.9215353071795858, 0.07530999999999999, -0.04308000000000067, 0.0], "kappa": [6.53675, 3.50063, 3.81273, 10.1635, 7.67725, 5.44276, 3.87957, 5.04439, 8.21288, 1.44818, 5.27171, 3.38854, 4.14164, 1.73223, 6.35121, 8.62768, 8.36424, 10.3934, 7.25123, 6.94215, 8.91712, 13.5863, 6.12799, 7.79718, 3.42297, 0.37341, 5.7064, 3.62856, 3.48451, 13.2973], "beta": 2.70307}