{"theta": [-2.159907307179587, 1.3669599999999997, 1.4025799999999995, -2.5293393071795864, -2.855716307179587, 2.5123799999999994, 1.6719899999999996, 2.3377099999999995, -0.26327000000000034, 2.0719199999999995, -2.9872653071795865, -1.1972800000000001, -1.9014199999999999, -2.3001513071795867, 0.5070899999999998, 0.9828199999999998, -1.3336500000000004, -0.0, 0.8902399999999995, 0.47041999999999984, 2.1472899999999995, 0.4756699999999996, -1.20343, 1.3907199999999995, -1.7890700000000006, -1.1392600000000002, -1.90909, -2.8719913071795866, 1.4060099999999998, -1.5251400000000004], "kappa": [7.5017, 6.33953, 2.18627, 4.36987, 10.0777, 10.4484, 9.05256, 7.46654, 5.66531, 3.1714, 7.57197, 4.76289, 4.91542, 10.0161, 2.60193, 7.47763, 10.7742, 14.3021, 2.60187, 5.36857, 10.998, 4.03616, 0.269916, 2.50756, 3.8015, 4.71833, 0.586058, 2.89824, 4.62104, 6.45609], "beta": 2.24307}