{"theta": [-0.15951999999999988, -2.3606, -0.9429199999999998, 0.08398999999999979, 1.2787953071795863, 1.8830453071795867, 0.09243000000000001, 0.738122, -2.30577, 0.5483590000000003, 2.0196353071795867, 2.0779353071795867, 0.724086, 1.8829153071795863, -0.85456, -3.10522, 0.12429000000000001, -0.13552999999999993, -2.59511, -0.002429999999999932, -0.0, -3.10271, -2.7200100000000003, -0.9521200000000001, -2.58871, -0.85185, -0.12026000000000003, -0.84806, -2.59338, 2.105545307179587], "kappa": [3.24266, 2.06649, 3.20759, 8.53589, 20.2326, 2.05789, 4.05661, 16.6543, 11.429, 21.527, 7.01693, 9.26461, 9.43384, 1.17868, 0.221613, 0.206814, 5.54512, 4.19597, 2.6914, 0.116851, 12.8247, 22.093, 6.61673, 4.73379, 8.56821, 6.74373, 5.15533, 0.271796, 1.43128, 5.89486], "beta": 1.62093}