{"theta": [-0.2916500000000002, 1.6638699999999993, 0.12461999999999929, 1.7307299999999994, -2.5813800000000002, -3.087371, 2.682104307179586, -2.71661, -1.0551200000000005, 0.6455699999999993, 1.07301, 2.20116, -2.07392, 0.18140999999999963, 1.92753, -0.9968700000000004, 2.812079307179586, -1.0920600000000005, 3.139895307179586, -2.94076, -3.00985, -0.9867900000000005, -1.0448600000000003, -0.7433900000000002, -1.6071300000000002, 0.5680099999999992, 0.5477799999999995, 1.6244999999999994, 2.05992, 0.0], "kappa": [6.36659, 2.71254, 9.85082, 5.79074, 2.8802, 3.81225, 3.2763, 6.86226, 8.36732, 4.79815, 9.70292, 8.98311, 13.6345, 7.36608, 5.68638, 6.91823, 5.32744, 8.40797, 7.4332, 5.08491, 4.95825, 5.2573, 3.99191, 8.34332, 11.4617, 11.4251, 5.7865, 3.96964, 7.50773, 17.4558], "beta": 2.50167}