{"theta": [2.2019053071795867, 2.173745307179587, -0.8700899999999994, 2.325345307179586, 3.0731453071795864, 3.0785953071795866, -0.07003999999999966, -0.054050000000000153, -0.8866100000000001, 0.22674000000000039, 0.19906000000000024, -3.0323599999999997, -0.27597000000000005, 0.21275000000000066, -2.1959199999999996, -2.1413999999999995, -2.1855999999999995, -1.5110999999999999, -1.9345799999999995, -3.0171099999999997, 2.7523153071795865, -0.9308199999999998, 0.8416800000000002, -1.8443099999999997, 2.5974653071795863, -0.04631000000000007, -2.1905099999999997, 0.0, 0.8319100000000006, 2.200535307179587], "kappa": [4.29988, 3.27046, 14.39, 3.88088, 1.97755, 3.06105, 3.58319, 2.55057, 3.07137, 3.38144, 4.82464, 4.44857, 4.53926, 4.80125, 4.54934, 3.96995, 0.390966, 2.82946, 7.85208, 13.3724, 13.7861, 6.33275, 4.2459, 9.6123, 11.0223, 1.01279, 4.31012, 19.6618, 2.63468, 1.9059], "beta": 2.01792}