{"theta": [-1.85347, 0.012049999999999894, 2.8044800000000003, -1.6684599999999998, -1.39499, 0.0, 0.34731000000000023, -0.30086999999999975, -0.44517000000000007, 1.0395300000000005, -0.43811, 2.34182, 0.2459500000000001, 0.7261100000000003, 1.4001899999999998, -1.66919, 2.9264300000000003, -0.4382699999999997, 3.1131300000000004, 2.9347300000000005, -1.6812699999999998, 2.37018, 2.91241, 2.35957, 2.3836, 0.6246900000000002, -1.36004, -1.9761799999999998, 0.5807899999999999, -1.36448], "kappa": [7.94477, 3.06038, 9.76307, 5.34312, 5.35415, 19.1856, 6.55271, 5.52503, 1.87508, 9.34265, 6.00414, 5.97267, 6.72538, 5.4346, 8.21022, 0.706095, 9.76539, 3.05103, 6.31779, 3.04264, 3.1092, 4.26284, 6.16814, 7.50209, 4.19788, 5.07552, 5.36854, 7.50105, 8.11084, 4.01635], "beta": 1.69375}