{"theta": [2.382202, 1.2177, 2.7169053071795863, 3.0406653071795864, -2.8933100000000005, 1.5211100000000002, -3.03221, -0.2471000000000001, -0.0, -2.8678600000000003, 0.4195199999999999, 2.4270557999999998, 2.4509295, -0.64011, -1.35705, -1.42253, -1.1335100000000002, 0.40466999999999986, 0.6332499999999999, -0.31749000000000027, -0.9695900000000002, 0.39666999999999986, -3.12176, 0.43813999999999975, -1.43249, 1.4996099999999997, -1.41533, -0.7217700000000002, 2.616545307179586, -2.87451], "kappa": [8.60855, 7.39396, 3.95158, 7.65109, 3.84735, 3.84908, 4.7221, 6.72556, 24.2717, 2.38495, 12.5453, 5.44491, 8.43496, 3.99785, 6.95471, 2.76695, 5.15822, 2.1764, 4.9998, 5.28128, 6.52919, 7.08648, 4.01698, 5.62, 2.9118, 2.37261, 4.43594, 9.18612, 6.28072, 4.88013], "beta": 1.91975}