{"theta": [-2.1414, -2.08455, 0.9791799999999999, -2.1998699999999998, 2.9899323071795862, 2.981490307179586, -0.037679999999999936, -0.046720000000000095, 0.8884599999999998, 0.27651000000000003, 0.2571500000000002, 2.9774323071795865, -0.9744299999999999, -0.3202400000000001, 2.20921, 2.14753, 2.20877, 1.5597499999999997, 1.89481, 2.8019653071795863, -2.814753, 0.9065600000000003, -1.30788, 1.6700200000000005, -2.34579, -0.04123999999999972, 2.2011100000000003, 0.0, -1.2952499999999998, -2.11686], "kappa": [5.61697, 3.30017, 13.2439, 3.57352, 3.25723, 4.53648, 4.35632, 2.76266, 2.80822, 4.26, 4.26372, 4.56827, 6.82477, 7.54877, 3.47814, 4.38314, 0.44451, 2.18775, 7.6761, 14.643, 14.3847, 5.36505, 3.82147, 7.8031, 10.4057, 0.935814, 4.74848, 18.8705, 0.710578, 1.68223], "beta": 2.01764}