{"theta": [-2.720876, -1.3362000000000003, 2.5346199999999994, -2.9638500000000003, 1.7511700000000001, -2.6932690000000004, -0.46889000000000003, -1.4100400000000004, -2.0680000000000005, 0.0011199999999997878, 2.45003, 0.3880899999999996, 0.18355999999999995, 2.5053900000000002, -2.9677000000000002, 0.5453999999999999, 3.141548307179586, 0.5070999999999994, 1.7471199999999998, -0.84917, 1.7758899999999995, -2.617872, -1.7492500000000002, -0.16920000000000002, 0.0, -0.32679000000000036, 2.69595, -1.2679500000000004, 2.21593, -1.18791], "kappa": [3.14971, 9.79361, 4.32841, 8.76373, 5.17108, 2.2806, 7.31017, 4.09359, 3.16193, 10.4715, 3.39137, 4.3585, 5.50852, 5.4384, 7.6593, 5.30932, 10.2175, 7.3363, 1.4319, 13.1866, 12.9317, 10.599, 14.1393, 6.63159, 20.1045, 4.22672, 5.84134, 3.20993, 15.0754, 4.61887], "beta": 2.54123}