{"theta": [2.624675307179586, 1.3842483071795861, -2.35372, 3.139875307179586, -1.4511500000000002, 2.598575307179586, 0.5289703071795859, 1.5348053071795862, 2.3109153071795863, 0.14276999999999962, -2.7713900000000002, -0.2466400000000002, -0.030420000000000336, -2.43461, 2.825905307179586, -0.3860999999999999, 3.139875307179586, -0.3097000000000003, -1.4603799999999998, 0.8031723071795867, -1.5074800000000002, 2.446135307179586, 1.4462853071795863, 0.2653799999999995, 0.0, 0.4230299999999998, -2.2897600000000002, 1.338604307179586, -2.03538, 1.1414363071795863], "kappa": [3.3113, 8.3417, 3.75607, 8.52759, 5.38451, 2.44013, 6.39904, 5.43749, 5.09751, 9.3678, 4.60611, 4.46122, 5.23539, 6.14598, 6.54023, 5.07886, 14.7453, 6.91804, 1.41402, 11.1286, 13.1366, 9.50718, 14.8909, 6.07412, 14.1392, 4.00733, 5.30367, 4.63845, 15.7154, 4.83143], "beta": 2.81979}