{"theta": [2.1363200000000004, -1.2930940000000002, 2.5148400000000004, 1.0033899999999998, 1.0967999999999998, -2.372175307179586, 3.10515, 2.1300300000000005, 3.09924, 2.95444, -0.005570000000000075, -1.71073, 0.0, 2.72391, -1.92033, 2.7223699999999997, -1.3001860000000003, -1.920745307179586, 0.1807700000000001, -1.9145537700000002, 1.09636, -1.083019, -1.2722850000000003, 1.09602, -0.0052000000000000934, 0.1022799999999997, 3.10511, 1.3352699999999997, -0.013100000000000112, 2.9593499999999997], "kappa": [25.3822, 3.60435, 20.891, 8.89197, 13.7928, 36.5232, 1.20614, 4.45618, 7.8092, 9.58146, 5.25502, 23.287, 41.182, 3.14398, 2.18627, 7.29964, 2.0009, 6.85166, 25.3525, 4.54342, 29.2444, 16.41, 2.42691, 2.41444, 2.85528, 5.90991, 33.8858, 18.3794, 8.39413, 2.93445], "beta": 1.12474}