{"theta": [-2.3378090071795863, 1.0619999999999998, 1.0752199999999998, 2.7892099999999997, 2.69224, -0.1544800000000004, 1.30774, 1.8039, -0.43899000000000044, 1.7367499999999998, 2.8684000000000003, -1.3704400000000003, -2.05197, -2.789987307179586, 0.1334900000000001, 0.6608100000000001, -1.5421699999999996, -0.0, 0.55009, 0.08494000000000002, 1.83182, 0.057920000000000194, -1.3662200000000002, 1.0946600000000002, -1.9476300000000002, -1.4633099999999999, -2.0546100000000003, 2.9521100000000002, 1.0733099999999998, -1.7234699999999998], "kappa": [7.90291, 5.69135, 2.08879, 2.86602, 11.9364, 9.67938, 9.74625, 5.89116, 4.39649, 2.94571, 5.33244, 4.75722, 5.35326, 13.2201, 3.05505, 7.22896, 10.7584, 14.5816, 2.43816, 4.20806, 12.7395, 2.85142, 0.384851, 2.11089, 3.84604, 4.18473, 0.478117, 3.04404, 4.65008, 6.30377], "beta": 2.28234}