{"theta": [1.0075720000000001, 2.2260519999999997, -2.9100133071795864, -2.7003533071795864, -0.8776333071795861, -2.9459333071795863, 1.185722, -0.524663307179587, 1.222152, -0.9626433071795866, 2.363612, -0.17862330717958663, 1.1862319999999997, -2.671233307179586, 1.7068719999999997, -1.0662533071795863, -2.907543307179586, 0.0, 2.216732, 2.055922, -3.0765933071795866, -1.0611633071795872, -0.17442330717958576, 0.6806289999999997, 1.7149819999999998, -1.1647333071795867, 1.865592, 1.6139819999999998, -1.0628533071795871, -0.2544033071795866], "kappa": [9.77865, 2.68281, 4.05034, 2.5931, 11.5199, 5.80198, 2.04458, 4.93828, 3.49276, 3.81323, 4.74941, 6.2653, 1.99183, 1.96581, 2.16407, 0.245729, 5.5486, 16.8282, 4.89739, 3.76817, 4.81774, 0.267523, 3.06939, 3.05712, 3.25611, 6.40239, 5.17549, 4.36206, 3.93379, 4.22904], "beta": 2.83151}