{"theta": [-0.41443200000000013, -1.6574953071795866, 2.11076, 1.8551599999999997, -3.107165307179586, 0.02574999999999994, 2.1060399999999997, 2.23008, 0.19489999999999985, -0.45925800000000017, -2.2453553071795866, -1.6175853071795867, 2.9829799999999995, 2.15222, 2.21434, -0.8951090000000002, -2.7361453071795863, 2.9710400000000003, 0.2601199999999999, 0.2791699999999999, 1.855, -1.0290300000000001, -2.1111653071795864, 2.72916, -1.617275307179586, 1.83933, -3.0251753071795866, -0.366193, -0.20260999999999996, 0.0], "kappa": [7.62464, 4.33306, 3.58879, 10.3782, 4.99167, 6.49902, 4.09459, 5.69138, 7.08044, 2.83067, 4.97498, 2.9768, 5.0064, 1.60059, 8.32687, 11.2991, 7.1846, 9.82602, 7.25449, 2.33542, 6.98277, 11.4845, 6.03139, 8.49582, 3.15915, 1.1266, 5.15866, 4.24593, 4.51722, 14.3528], "beta": 3.2859}