{"theta": [-0.043630999999999975, -1.0609953071795868, 2.11402, 2.58793, -2.884175307179586, 0.11680399999999969, 2.12475, 2.08455, 0.26433300000000015, -0.2744059999999999, -1.9190553071795868, -1.0184153071795858, -2.971825307179586, 2.11753, 2.1976, -0.5174653071795863, -2.436165307179586, -2.819025307179586, 0.34998700000000005, 0.7056999999999998, 2.51104, 0.35400199999999993, -1.7666153071795865, 2.84868, -1.0771853071795867, 2.54094, -2.7891253071795865, -0.1807500000000002, -0.07379800000000003, 0.0], "kappa": [4.61264, 5.17791, 3.51045, 10.4415, 6.13636, 5.1544, 5.09399, 6.40145, 7.79741, 2.38214, 5.53412, 3.70668, 4.83167, 1.60657, 9.1456, 8.65952, 7.85524, 9.09829, 6.94008, 6.64933, 7.85444, 11.4001, 6.45934, 7.90004, 3.69818, 1.01558, 5.0636, 3.88819, 3.62429, 12.5137], "beta": 2.75244}