{"theta": [0.8162699999999994, 3.103665307179586, 1.44503, -1.6987, -1.6954800000000003, 1.6297346071795857, -1.6741700000000002, -0.2989600000000001, 2.1265813071795865, -1.5494800000000004, 1.6268452071795858, 0.0, 2.991245307179586, 0.020809999999999995, 0.12409999999999943, 0.8214499999999996, 2.8121253071795858, 2.716445307179586, 2.7433853071795857, -3.00348, -3.0208200000000005, 0.87216, 2.224596307179586, 1.1267399999999999, 1.39208, 3.1305853071795857, -0.3567499999999999, -1.5376600000000002, 0.24629999999999974, -1.5293100000000002], "kappa": [10.0269, 3.71525, 6.48332, 5.11896, 5.33881, 10.0879, 3.64524, 6.17079, 13.3485, 10.1075, 4.70518, 16.2315, 3.78027, 5.19762, 3.70556, 10.0828, 7.39262, 5.12157, 5.02738, 3.05503, 5.57485, 9.93496, 3.5216, 6.35689, 8.12991, 7.14448, 3.68136, 2.13979, 8.58474, 5.106], "beta": 1.93369}