{"theta": [-1.6495100000000003, 1.3426799999999997, -1.2900600000000004, -2.6501533071795866, -2.4655123071795866, -0.0, -0.6070900000000004, -1.65705, -0.6113499999999998, -0.77041, 2.9962799999999996, 0.8283199999999997, 2.9204, -1.1666500000000006, 0.49429999999999996, -1.1450000000000005, 1.3475499999999996, 0.7849799999999996, 3.130527, 0.7865099999999998, -2.6154783071795866, 1.7145099999999998, 0.7865399999999996, -2.4585883071795864, 2.90827, 2.8825, -0.5710700000000006, -2.1224300000000005, 3.03848, -0.7717600000000004], "kappa": [12.7185, 5.17549, 8.55263, 5.35081, 7.80624, 25.0696, 0.771269, 3.37264, 4.34316, 6.34395, 4.10325, 13.7528, 16.4251, 2.55951, 2.73153, 3.73498, 2.06441, 7.05384, 9.73112, 1.03097, 14.15, 11.0482, 2.9662, 2.27571, 2.95927, 3.18712, 12.5597, 9.75982, 5.91316, 3.63059], "beta": 1.54}