{"theta": [2.1528300000000002, -2.3204860000000003, 1.0620699999999998, 2.58088, -0.010200000000000209, -2.3262970000000003, -2.350241, 2.0474399999999995, 1.0559099999999995, -2.08373, -1.10567, -0.011660000000000004, -0.007680000000000131, -1.1050400000000002, 2.5936099999999995, -1.79322, -1.7994400000000002, 0.8656399999999995, 0.8857899999999996, 0.8697399999999997, 2.5893, 2.66264, 0.6272699999999998, -1.79272, -2.02112, -2.01682, 0.0, 2.15241, 2.6654499999999994, 1.1548199999999995], "kappa": [0.167519, 15.9417, 21.7996, 3.91847, 14.7445, 0.828034, 20.5421, 11.5411, 4.98506, 12.514, 8.90028, 11.1412, 14.7431, 8.91146, 5.659, 2.1698, 2.22413, 1.33358, 14.9749, 29.9221, 2.22705, 1.66421, 8.20575, 9.9454, 4.20589, 0.406571, 49.9879, 4.85665, 8.92502, 28.2308], "beta": 1.21971}