{"theta": [2.2274699999999994, -1.6920100000000002, 2.0201000000000002, -0.22194000000000003, -1.66473, -0.3114500000000002, -2.58517, -1.9907800000000002, -2.47886, 0.5808, -2.32683, 0.10260999999999987, -0.25797000000000025, 2.521997307179586, 1.06787, 2.38619, 2.549739307179586, -2.15791, -2.4988400000000004, 0.0, -0.2370000000000001, 2.00425, 0.47745000000000015, 2.03411, 1.0287100000000002, -2.16751, -2.49714, 0.5715199999999996, 2.1029, 0.08625999999999978], "kappa": [2.38073, 2.82187, 1.38047, 7.33058, 2.80123, 3.66389, 6.00954, 6.40717, 0.616139, 4.73774, 5.19386, 11.0526, 5.54403, 1.55094, 9.91881, 10.7448, 6.05733, 0.484232, 5.89021, 14.5002, 5.3642, 4.09797, 3.19992, 6.82521, 2.50787, 3.50997, 4.39716, 7.29952, 5.45315, 0.865436], "beta": 2.17028}