{"theta": [-1.01858, 1.80933, -1.9037899999999999, 3.08393, -0.0, 0.5228300000000004, 0.6394600000000001, -0.015579999999999927, 0.47574000000000005, -0.7476899999999995, -1.9012199999999995, 2.76237, 0.44064000000000014, 1.2508400000000002, 0.34326999999999996, 3.08812, 3.09351, -2.871633307179586, 1.86877, -0.4971899999999998, 1.7350700000000003, 0.06470999999999982, -0.8365900000000002, -0.5247999999999999, -1.9073099999999998, 1.6614300000000002, -2.973510307179586, 1.5338700000000003, -1.8670799999999996, 1.7552500000000002], "kappa": [5.79596, 3.42337, 1.74648, 1.53848, 17.4611, 7.82533, 9.2779, 4.24241, 2.76584, 6.89339, 4.6227, 4.45993, 4.43134, 4.33296, 6.98377, 6.29293, 1.40858, 5.35301, 3.9546, 5.20052, 3.62351, 6.42942, 6.10294, 4.21917, 1.65044, 2.26875, 3.22966, 4.96511, 9.43669, 2.66722], "beta": 2.56251}