{"theta": [1.7930953071795859, -3.0415300000000003, -0.25787000000000004, -2.54882, 0.013449999999999962, 0.895931, 1.7702653071795869, -1.1191999999999998, -2.29425, -1.2832499999999998, 1.833025307179586, -0.36341999999999985, 0.851108, -1.2828300000000001, -1.9181399999999997, -2.27942, 1.7036953071795864, -0.24295, -1.55612, 1.7314053071795854, 1.7295853071795868, -2.58256, 0.7235460000000002, 0.0008000000000001339, -1.91189, -1.1496300000000002, -3.03619, 1.7796653071795863, -1.59476, -0.0], "kappa": [5.13543, 2.83011, 4.5232, 8.50464, 7.51598, 9.07794, 7.84544, 5.33347, 3.25306, 4.65929, 4.2536, 11.3112, 4.25212, 2.54818, 0.364797, 4.61168, 12.4073, 4.44493, 3.41722, 3.16486, 15.1432, 5.68731, 19.3032, 3.34098, 11.7771, 3.97179, 4.51332, 5.07666, 10.3091, 17.4171], "beta": 1.72091}