{"theta": [2.168529607179586, 1.0008296071795861, -0.0, -2.5558856999999997, -1.2802356999999998, -0.5469516999999997, -1.5224556999999999, -2.5384757, -2.6056956999999996, 2.1207596071795862, 2.2721196071795866, 1.4981996071795862, -1.5614156999999997, 0.17771960717958635, -0.5445156999999998, 1.4977996071795863, 2.3629896071795864, 2.1023596071795865, -0.9450336999999998, -1.4794056999999998, 0.9351696071795867, -1.2754256999999998, -2.4865256999999996, 1.4843696071795867, 0.2248196071795867, 0.27896960717958663, -3.0369056999999997, -0.5277306999999998, -1.4720756999999998, 0.2149296071795863], "kappa": [5.02899, 6.63327, 34.5979, 3.65146, 13.0128, 4.84384, 6.62676, 3.67104, 4.26269, 4.81598, 5.57477, 2.71966, 8.47707, 3.24471, 3.39904, 15.254, 4.90673, 2.30976, 4.72563, 4.32854, 5.3443, 0.284817, 4.09014, 2.73175, 4.47456, 3.80115, 8.35645, 5.03669, 8.281, 2.81473], "beta": 1.6853}