{"theta": [-0.6204599999999996, -1.7898999999999998, 0.0, 0.049100000000000144, 2.8315253071795867, -3.0021899999999997, -3.0036099999999997, 0.5933999999999999, -2.1200099999999997, -1.7899599999999998, 0.6147200000000002, -1.7403099999999996, -1.7902799999999996, 0.04522000000000048, -1.7173499999999997, 1.403056307179586, 0.6102300000000005, -2.9381099999999996, -0.63985, 0.046340000000000714, 2.7517253071795866, -2.11853, 2.809185307179587, 1.3167322071795864, 2.827415307179587, 3.088725307179587, 2.124780307179586, 2.8219153071795864, 1.2962751071795866, 2.1271413071795866], "kappa": [32.0053, 2.37841, 68.1526, 4.40035, 3.28732, 2.68234, 0.473437, 32.8883, 0.411284, 2.34841, 10.2524, 8.03313, 1.14455, 33.7526, 6.76146, 21.0965, 13.4877, 15.8177, 3.68226, 6.82492, 2.13021, 3.89051, 15.8838, 16.7025, 3.2693, 47.9181, 8.95932, 16.1201, 10.1296, 8.9673], "beta": 1.24429}