{"theta": [-2.7835300000000003, 2.1973553071795857, 0.0, -2.03744, -0.6466200000000004, -0.1901900000000003, -1.0761100000000008, -2.0005200000000007, -1.9243200000000007, -2.9146300000000003, -2.6651200000000004, 2.201945307179586, -1.1360300000000008, 0.5707963071795863, -0.16604000000000063, 2.356355307179586, -2.6072300000000004, -2.9149800000000003, -0.7342900000000006, -0.9047700000000001, 1.7823653071795853, -0.5351400000000002, -2.05799, 2.1978253071795857, 0.6532373071795856, 0.679781307179586, -2.3013000000000003, -0.1328700000000005, -0.8337900000000005, 0.6571043071795852], "kappa": [4.96476, 5.97669, 29.0516, 3.02396, 9.83742, 4.24693, 6.51332, 3.13968, 4.69079, 5.43417, 4.95596, 1.6068, 8.15912, 4.02031, 2.95076, 17.7606, 4.06621, 2.97778, 4.05551, 3.901, 7.54877, 1.49769, 3.24053, 1.93913, 2.97508, 1.89192, 4.62821, 4.61881, 8.45805, 2.97272], "beta": 2.00032}