{"theta": [2.122028307179586, 0.02593369999999995, -2.9307570000000003, 1.941048307179586, 1.5471783071795864, -0.0, -0.5088980000000003, 0.32455830717958634, 0.5583983071795862, -1.0498870000000002, 0.5435183071795864, -2.4336170000000004, -0.46135000000000037, -0.9444970000000001, -1.5653170000000003, 1.9386883071795857, 3.130608307179586, 0.5509783071795864, 3.064798307179586, 3.090158307179586, 2.1221383071795863, -2.471387, 3.121148307179586, -2.458167, -2.455677, -0.907597, 1.5056483071795856, 2.137328307179586, -0.6107210000000003, 1.5008483071795862], "kappa": [5.24321, 3.77958, 12.248, 6.52753, 6.44123, 25.8825, 5.43258, 3.66181, 2.35313, 13.1676, 7.12402, 6.38854, 7.19086, 5.24308, 7.26677, 0.448216, 11.7406, 3.87964, 5.11598, 3.02521, 2.28409, 4.39517, 6.37187, 8.11576, 4.35347, 6.79447, 6.3425, 5.43014, 10.6949, 3.3341], "beta": 1.59852}