{"theta": [-2.188875307179586, -2.1767853071795873, 0.6736199999999997, -2.2381353071795864, 2.92111, 2.9354799999999996, -0.020390000000000352, -0.00967000000000029, 0.6113, -0.24790000000000023, -0.24329000000000023, 2.9210799999999995, -0.6870500000000002, -0.2547300000000001, 1.88949, 1.93255, 1.8879699999999997, 1.49607, 2.18826, 2.4826099999999998, -2.8484153071795864, 0.6135099999999998, -0.8255600000000001, 1.7246699999999997, -2.408435307179586, -0.014330000000000176, 1.8900699999999997, 0.0, -0.8263000000000003, -2.186065307179586], "kappa": [4.44721, 2.9096, 17.3094, 3.75319, 3.30381, 5.02366, 3.61509, 2.28161, 2.64897, 1.55694, 4.4514, 1.8507, 5.77469, 6.03907, 4.6479, 3.96668, 0.282422, 2.57371, 11.325, 18.2539, 15.1971, 6.3832, 3.34722, 10.7658, 16.3307, 0.958855, 4.45014, 20.5245, 1.86926, 1.44606], "beta": 1.57553}