{"theta": [-0.7413099999999999, 2.2987053071795858, -1.3195200000000002, -2.7123299999999997, -0.0, 0.8535430000000002, 1.009626, 0.14212999999999987, 0.9710419999999997, -0.5165100000000002, -1.31922, -2.5608899999999997, 0.7870189999999999, 1.7032653071795858, 0.7481489999999997, -2.66784, -2.70242, -2.14682, 2.379335307179586, -0.5022600000000002, 2.258675307179586, 0.5202799999999996, -0.40776999999999997, -0.25732, -1.3182300000000002, 2.1797453071795863, -2.21697, 2.038145307179586, -1.30112, 2.283525307179586], "kappa": [5.06601, 1.71048, 1.30327, 1.72, 17.321, 8.48081, 10.0874, 4.05322, 5.72799, 7.05715, 3.16177, 3.04741, 5.1077, 4.37698, 6.34272, 5.12071, 2.01031, 3.70094, 6.67682, 8.82877, 4.20426, 5.46433, 6.60722, 4.31306, 1.36009, 2.35946, 3.60424, 5.27411, 8.86243, 3.11657], "beta": 2.18508}