{"theta": [1.0858588999999998, 2.582365307179586, -2.75679, -2.60462, -0.37229, -2.61771, 1.330885307179586, -0.7823300000000002, 1.3868853071795861, -0.8809900000000002, 2.7524253071795863, -0.4271800000000001, 1.3315553071795865, -2.56026, 1.9247453071795864, -1.10712, -2.7737000000000003, -0.0, 2.4666253071795863, 2.3414553071795865, -3.01659, -0.9720200000000001, -0.44242000000000004, 0.8017119999999998, 1.908755307179586, -1.2643500000000003, 2.0090853071795864, 1.8147853071795863, -0.97573, -0.5608300000000002], "kappa": [10.6887, 3.38251, 4.16243, 3.37823, 11.4686, 6.48686, 2.31133, 2.23519, 3.6662, 2.75444, 3.89385, 6.21337, 2.0867, 1.21013, 2.01678, 2.97566, 5.64649, 17.6998, 5.29863, 4.49663, 5.0125, 0.431016, 2.72803, 3.091, 3.20352, 6.26752, 4.2384, 4.45367, 3.06175, 5.14589], "beta": 3.13282}