{"theta": [-2.13805, -0.3672200000000001, 2.83631, -1.9026100000000001, -1.66514, 0.0, 0.23455000000000004, -0.05243999999999982, -0.5839099999999999, 1.0183, -0.58622, 2.41861, 1.14541, 0.6162100000000001, 1.32911, -1.9066, 3.0504999999999995, -0.5924300000000002, -3.093406, 3.07404, -2.1346100000000003, 2.4999399999999996, 3.04352, 2.34626, 2.44811, 0.6041799999999999, -1.6047500000000001, -2.15958, 0.5684399999999998, -1.60055], "kappa": [6.73245, 3.53501, 11.5007, 6.09736, 5.65868, 24.6596, 6.16812, 6.48271, 2.2458, 12.8219, 7.11283, 6.05068, 6.27832, 3.8275, 6.82382, 0.501861, 11.5073, 5.37382, 5.75457, 3.16838, 2.49785, 3.43983, 6.33999, 5.36696, 4.56129, 6.55604, 5.72627, 5.54292, 10.2503, 4.34151], "beta": 1.66862}