{"theta": [-2.794945307179586, -1.309820307179586, 2.6127100000000003, -3.132345307179586, 1.62406, -2.645875307179586, -0.4856803071795861, -1.5119253071795864, -2.1533753071795863, -0.013110000000000177, 2.77667, 0.35107, 0.23024999999999984, 2.47461, -2.950335307179586, 0.5434999999999999, -2.405445307179586, 0.4874099999999997, 1.5931300000000004, -0.8082983071795855, 1.5897199999999998, -2.415535307179586, -1.2993323071795864, -0.13013999999999992, -0.0, -0.3249599999999999, 2.37067, -1.2898763071795862, 2.1057900000000003, -1.1441693071795864], "kappa": [4.03925, 8.97956, 5.20544, 6.61441, 5.28595, 3.10649, 6.7737, 5.05194, 3.90184, 9.80178, 5.37794, 4.26902, 4.41433, 6.69694, 6.42409, 5.3073, 10.9815, 7.01517, 1.72279, 10.4086, 11.4751, 12.0198, 13.3939, 6.71423, 17.6952, 4.23958, 7.35218, 4.38868, 15.563, 4.47626], "beta": 2.9198}