{"theta": [0.7793490000000001, 2.824439, 1.8890890000000002, -0.0018759999999997667, -0.6371463071795862, -1.5035963071795866, 0.016586999999999907, -0.45418630717958663, 2.825559, 0.0, -1.4740763071795868, -1.5137763071795867, -0.6233163071795857, -1.5563163071795856, 1.6097190000000001, 1.892839, 0.015625, 0.7783390000000001, -2.9015263071795863, 0.5095360000000002, 0.5107520000000001, 3.046719, 3.018689, 1.750019, 2.837189, 1.599669, 0.771889, 1.592759, -2.884416307179586, -1.6222663071795864], "kappa": [5.26704, 0.679094, 4.76052, 12.607, 17.0221, 1.67609, 3.88917, 17.0478, 10.0496, 26.2967, 6.34052, 12.7377, 11.582, 3.65817, 0.549117, 2.05624, 7.32886, 6.58567, 3.57712, 0.177367, 16.9569, 18.8609, 7.08226, 5.02043, 7.9111, 6.77172, 4.80239, 0.446238, 3.62112, 7.47276], "beta": 1.44435}