{"theta": [2.1463568, -1.4044699999999999, -1.40348, 2.755895307179586, 2.9056053071795858, 0.05835999999999997, -1.74133, -2.5317900000000004, 0.29837, -2.48589, 2.968005307179586, 1.349965, 1.8167839999999997, 2.158472, -0.36022, -0.9416799999999999, 1.4891619999999999, -0.0, -0.8054100000000002, -0.35402999999999984, -2.0829600000000004, -0.3157200000000002, 1.3511929999999999, -1.41785, 1.7877939999999999, 1.4097719999999998, 1.81874, 2.9502753071795857, -1.41628, 1.6263929999999998], "kappa": [8.23845, 6.77777, 2.29048, 3.224, 12.6195, 12.225, 11.5413, 7.42635, 4.24633, 2.15605, 8.13251, 4.0992, 4.47445, 10.8, 3.29034, 8.14522, 9.58268, 13.3619, 2.82161, 3.28215, 12.3809, 3.42815, 0.166048, 2.37458, 2.2146, 3.70294, 0.245134, 3.02465, 5.1283, 5.58285], "beta": 2.23905}