{"theta": [2.0710500000000005, -1.9911599999999998, 1.7333800000000004, -0.6348399999999996, -0.5794699999999997, 2.85774, 2.65402, 2.31893, 2.6452500000000003, 2.3283500000000004, -0.024549999999999628, -2.2597499999999995, -0.0, 1.7351, -2.402865307179586, 2.1413900000000003, -1.9966799999999996, -2.36775, 0.13629000000000024, -2.3492799999999994, -0.5925699999999994, -1.6170200000000001, -2.3466199999999997, -0.5813999999999995, -0.024009999999999643, 0.1409600000000002, 2.6537200000000003, -0.6861899999999999, -0.028499999999999748, 2.42178], "kappa": [11.3474, 4.45393, 10.8987, 5.09772, 6.08989, 22.0713, 0.454132, 1.12953, 4.82571, 5.34842, 3.13017, 11.9986, 20.1417, 3.57978, 2.26542, 5.48771, 1.75088, 3.85836, 13.5575, 2.44065, 15.1577, 10.6088, 2.46874, 0.302189, 1.66573, 3.86821, 17.94, 7.9616, 4.70879, 3.56924], "beta": 1.50868}