{"theta": [0.7395399999999999, 2.67459, 1.8748900000000002, 0.14713999999999983, -1.1087900000000002, -1.84582, 0.14273999999999987, -0.5441099999999999, 2.6694400000000003, 0.0, -1.91099, -1.84965, -0.5756999999999999, -1.84559, 1.4023499999999998, 1.8877700000000002, 0.06488000000000005, 0.3841199999999998, 3.10864, 0.60283, 0.6029800000000001, -2.729927, 2.8903199999999996, 1.6944700000000004, 3.08302, 1.4080799999999996, 0.3117399999999999, 1.40896, 3.10688, -1.9039300000000003], "kappa": [4.54481, 2.19473, 5.04437, 12.809, 18.5474, 1.06669, 4.6771, 16.5446, 8.5106, 24.2048, 6.78729, 11.4103, 9.70299, 0.813145, 0.436654, 2.1884, 6.77114, 5.26639, 2.20568, 0.191504, 17.2809, 18.817, 5.16579, 5.77472, 7.20176, 8.06692, 5.17519, 0.180449, 2.19219, 7.31117], "beta": 1.553}