{"theta": [2.6145981, 1.6329780999999999, 0.0, -2.448227207179586, -1.3843272071795862, -0.5830672071795862, -1.655637207179586, -2.4059772071795864, -2.4034772071795865, 2.5242181, 2.7125181, 1.6440681, -1.6933472071795865, 0.4371440999999998, -0.5665872071795865, 1.7673881, 2.8328281, 2.5019681, -1.3136072071795866, -1.640057207179586, 1.3412481, -0.9783372071795862, -2.5634372071795863, 1.6427380999999999, 0.5099380999999998, 0.6073281000000001, -2.8966972071795865, -0.5447072071795862, -1.334407207179586, 0.48556810000000006], "kappa": [5.27498, 6.79966, 35.4198, 3.69905, 13.8417, 5.26893, 4.56008, 2.39967, 3.61166, 5.19515, 5.64191, 3.2022, 7.84211, 3.85705, 3.59549, 15.2451, 5.0308, 2.74138, 5.27792, 3.01178, 5.2737, 2.26376, 3.53757, 1.50916, 5.09483, 4.20288, 7.16698, 5.34195, 8.40777, 3.49212], "beta": 1.73891}