{"theta": [2.464445307179586, 1.2723550000000001, 2.0629953071795866, 2.6713853071795866, -2.9118000000000004, 1.66858, -2.86189, -0.2111200000000002, -0.0, -3.1105400000000003, 0.37917999999999985, 2.4759553071795866, 2.3499953071795865, -0.7436600000000002, -1.41486, -1.4395099999999998, -1.1755400000000003, 0.43957999999999986, 0.34816999999999987, -0.72316, -0.23319, 0.37105999999999995, -2.83997, 0.4116899999999999, -1.44063, 1.645556, -1.4339400000000002, -0.32176000000000027, 2.474395307179586, -3.04617], "kappa": [4.0858, 8.72284, 7.38982, 8.42002, 3.93066, 3.64789, 4.05787, 6.30332, 26.8194, 4.7285, 9.9786, 4.10102, 7.78391, 4.3163, 6.39852, 3.21079, 6.07928, 2.5321, 3.14543, 5.56812, 4.85671, 6.54718, 4.28038, 4.49425, 2.86436, 3.41419, 4.51284, 9.36455, 5.74439, 5.58142], "beta": 1.87234}