{"theta": [2.8637093071795863, 1.3542499999999995, 2.3955223071795864, 2.880169307179586, -2.94822, 1.6527899999999995, -2.9281300000000003, -0.22167000000000048, 0.0, -3.05216, 0.49817, 2.816231307179586, 2.642564307179586, -0.77502, -1.5907499999999999, -1.5982700000000003, -1.43059, 0.5006500000000003, 0.6656699999999995, -0.28401999999999994, -1.2951800000000002, 0.47879999999999967, -2.9084000000000003, 0.5025199999999996, -1.60194, 1.6508599999999998, -1.5949300000000002, -0.7874099999999999, 2.814691307179586, -3.01861], "kappa": [5.63984, 9.9618, 9.12319, 9.01046, 2.94204, 3.63609, 4.28162, 6.44126, 38.823, 3.46402, 15.5585, 4.00337, 5.58394, 5.17403, 7.0934, 2.20053, 4.28829, 1.96078, 5.21577, 6.4506, 6.45923, 7.83418, 3.44614, 5.56609, 2.2569, 3.64618, 3.70692, 10.5816, 5.48724, 4.23491], "beta": 1.58678}