{"theta": [2.4301799999999996, -1.4977553071795864, -1.5104053071795862, 1.6347799999999997, -2.810735307179587, 2.3343999999999996, 0.28658999999999946, 2.86074, 1.6070399999999996, 2.0734999999999997, -1.4924953071795866, 1.60161, 0.23194999999999943, 2.76314, 3.0650399999999998, -2.8403553071795864, 0.3080999999999996, -1.1052753071795864, 2.58024, -0.9629553071795867, 2.77506, 2.07611, -1.2647053071795868, -0.8198453071795866, 3.0662999999999996, 2.0343099999999996, 0.3615299999999997, -1.5089753071795862, 0.6149999999999998, 0.0], "kappa": [3.47653, 7.44625, 1.33301, 8.45148, 6.37251, 7.40728, 3.42926, 9.66878, 7.02459, 1.07713, 4.50018, 5.81091, 1.37785, 3.96563, 6.21385, 2.59609, 0.976337, 3.81609, 4.29427, 4.52474, 2.13819, 4.02337, 3.61959, 11.3734, 4.20824, 5.84661, 6.71998, 5.95362, 4.29972, 18.1952], "beta": 2.17852}