{"theta": [-2.337810307179587, -1.0858303071795863, 2.723395, -2.7334703071795863, 1.9861049999999998, -2.2830403071795864, -0.34854350000000034, -1.3000203071795866, -1.9567503071795862, 0.0374749999999997, 2.944525, 0.43834099999999987, 0.2225060000000001, 2.674645, -2.6185003071795867, 0.6495049999999996, -2.8094903071795865, 0.541191, 1.9863849999999998, -0.5088703071795866, 2.002525, -2.1914403071795867, -1.3971903071795868, -0.0686220000000004, 0.0, -0.21503400000000017, 2.5236549999999998, -1.0558703071795863, 2.322745, -0.912650307179586], "kappa": [3.63858, 9.03316, 4.84901, 9.49951, 4.82315, 2.5426, 6.42841, 5.34025, 4.01937, 8.14605, 5.2865, 4.69904, 5.27705, 6.10225, 8.14119, 6.00174, 11.7867, 7.29881, 1.02499, 9.69403, 10.1077, 11.2922, 12.8365, 6.22471, 15.2952, 3.8245, 5.39497, 4.53071, 15.1591, 4.70655], "beta": 2.95109}