{"theta": [-2.207074307179586, -1.240274307179586, 0.0, 2.942021, 1.4781909999999998, 0.8439009999999998, 1.907371, 2.896571, 2.8621309999999998, -2.0724743071795864, -2.257374307179586, -1.323444307179586, 1.8611109999999997, -0.4246643071795866, 0.856711, -1.670974307179586, -2.3232243071795864, -2.060214307179586, 1.324711, 1.6654009999999997, -1.0601343071795863, 0.36789999999999967, 3.0326709999999997, -1.3202443071795864, -0.438334307179586, -0.5377643071795859, -2.837294307179586, 0.8565209999999999, 1.4805609999999998, -0.45004430717958677], "kappa": [4.72453, 5.43813, 33.8377, 3.65371, 14.5404, 4.43613, 6.74566, 3.68524, 3.61083, 4.92044, 3.52374, 2.18551, 8.63253, 1.75415, 3.02319, 12.1941, 4.08145, 2.63657, 5.21869, 4.64803, 5.11664, 3.18196, 4.46755, 2.21397, 4.6132, 3.98974, 7.18704, 3.02352, 10.3443, 3.05462], "beta": 1.97188}