{"theta": [0.47621999999999964, 1.7893553071795854, -2.39726, -2.11845, 2.8531353071795857, 0.3476499999999998, -2.3878200000000005, -2.4824300000000004, 0.6305684071795863, -0.012750000000000483, 1.1819953071795855, 1.6839553071795859, 3.0838053071795857, -2.4248900000000004, -2.4686500000000002, 0.2108099999999995, 2.4653053071795856, 3.063435307179586, -0.24713999999999992, -0.6675900000000006, -1.9955500000000002, 0.8246983071795864, 1.0712313071795858, -2.9372900000000004, 1.6562353071795854, -2.0156700000000005, 2.859825307179586, -0.037230000000000096, 0.20350000000000001, 0.0], "kappa": [6.59794, 5.6458, 3.84472, 11.0817, 7.72296, 5.99982, 3.93505, 5.51879, 8.29686, 1.73763, 4.01182, 4.1791, 4.70494, 1.34251, 8.31928, 7.84175, 8.044, 8.3924, 7.45328, 8.10514, 9.45903, 10.6356, 3.64609, 7.79676, 4.18311, 1.63467, 5.09728, 2.58721, 4.35883, 10.8908], "beta": 2.98801}