{"theta": [-1.84751, 1.8697053071795864, 1.725735307179586, -2.0443300000000004, -2.60034, 0.23238000000000003, 2.2856853071795866, 3.005155307179586, 0.12139999999999995, 2.796515307179586, -2.4929299999999994, -1.01415, -1.60896, -2.0364000000000004, 0.8097510000000001, 2.130205307179587, -1.53073, -0.0, -0.02306000000000008, 0.7219059999999999, 2.795835307179586, 0.656299, -1.0222499999999999, 1.8130853071795867, -1.29002, -0.9255500000000001, -1.61236, -2.41348, 1.914945307179586, -1.24008], "kappa": [5.7696, 6.83531, 3.90902, 2.92971, 10.101, 12.1109, 10.0214, 7.1803, 1.78881, 3.31547, 7.3933, 4.19156, 4.93915, 10.2168, 4.91192, 4.94621, 8.63653, 14.0972, 0.540746, 6.53669, 11.8707, 4.28601, 0.475032, 3.34609, 3.70881, 4.56951, 0.30715, 2.76943, 5.69432, 5.44192], "beta": 2.65519}