{"theta": [2.112064307179587, 1.2654300000000003, 1.846387407179586, 2.3235773071795864, 2.8168663071795863, 1.64996, 2.8320253071795864, -0.45255, 0.0, 2.603681307179586, 0.40683999999999987, 2.0684393071795864, 2.0088953071795856, -0.9594499999999999, -1.4922999999999997, -1.5455199999999998, -1.28824, 0.3581599999999998, 0.5398899999999998, -0.95512, -0.5155099999999999, 0.3581599999999998, 2.8944953071795863, 0.37100000000000044, -1.54862, 1.6478200000000003, -1.53282, -0.6672199999999999, 2.048464307179586, 2.6638633071795863], "kappa": [6.0325, 8.27454, 6.10365, 7.44227, 4.04046, 2.67147, 5.85801, 7.25108, 22.7519, 4.22642, 10.8467, 3.38922, 6.03228, 3.87929, 7.989, 3.12277, 5.83434, 1.92861, 5.17636, 3.90303, 7.01872, 7.06559, 5.05546, 5.51212, 3.11861, 2.76882, 4.69106, 8.27279, 3.41279, 5.25276], "beta": 1.82515}