{"theta": [1.0871420000000003, -1.63135, 0.64809, 2.101645307179586, 2.0851253071795863, -0.23219999999999996, -0.006909999999999972, 1.091966, -0.006189999999999918, 0.21964000000000006, 3.042195307179586, -1.3738, 3.044035307179586, 0.44858, -1.2977800000000002, 0.44730000000000003, -1.6261400000000001, -1.30147, 2.7529153071795864, -1.2986099999999998, 2.090465307179586, -1.84128, -1.3167099999999998, 2.007335307179586, 3.043025307179586, 2.7570653071795856, -0.0, 2.0964053071795856, 3.021065307179586, 0.21147000000000005], "kappa": [25.4139, 3.64068, 19.8746, 5.26224, 11.3816, 40.5561, 0.357018, 4.61954, 5.99341, 9.52217, 6.0348, 21.5171, 33.8121, 1.3673, 1.08204, 6.61098, 1.89991, 7.01176, 17.8702, 2.4096, 19.17, 14.9212, 4.20793, 3.20085, 3.2826, 3.51754, 32.0455, 7.78088, 11.0372, 4.62803], "beta": 1.15229}