{"theta": [-1.96246, -0.5259199999999997, -1.55146, -2.10519, -2.4917700000000003, -1.15719, -2.41757, 1.1449310000000001, -0.0, -2.60512, 0.5305600000000001, -1.94203, -1.83385, 1.5923669999999999, 2.3420253071795867, 2.378715307179586, 2.065215307179587, 0.5515000000000001, 0.43377, 1.485912, 1.143929, 0.5593700000000001, -2.3997100000000002, 0.5369300000000001, 2.389035307179586, -1.1515299999999997, 2.3684653071795867, 1.74757, -1.9383399999999997, -2.5725899999999995], "kappa": [6.45351, 10.4171, 7.64155, 8.21553, 3.10825, 5.00163, 4.09876, 7.17536, 26.3795, 4.37714, 12.6753, 3.64045, 7.17861, 4.34669, 6.21368, 3.16202, 6.22951, 0.736214, 5.17655, 4.2723, 5.87892, 6.56144, 3.18475, 3.31411, 3.19539, 3.67494, 4.6305, 8.59465, 5.06903, 4.79026], "beta": 1.85576}