{"theta": [-1.193195307179586, -2.688065307179586, 1.1930100000000001, -2.875545307179586, 1.0282799999999996, -0.11465000000000014, -1.2032453071795857, 1.9508799999999997, -3.1342653071795863, 2.30164, -1.0914273071795861, 1.1299200000000003, -0.055640000000000356, 2.25472, 2.81228, -3.139935307179586, -0.7717923071795862, 1.0501000000000005, 2.40421, -1.2599253071795857, -1.0640693071795866, -2.8638653071795863, -0.0, 1.02034, 2.8296900000000003, 1.93966, -2.6878153071795863, -1.1686753071795861, 2.48562, 1.02203], "kappa": [6.19151, 1.98968, 4.19773, 5.87745, 8.11036, 9.81851, 6.18635, 5.82574, 3.21843, 3.88564, 4.82893, 12.134, 4.58776, 3.02075, 0.569668, 4.46129, 12.9575, 4.41627, 3.09632, 5.08903, 16.4417, 4.69423, 29.9194, 2.81656, 11.0699, 3.5254, 3.25298, 5.97705, 8.52089, 14.4312], "beta": 1.81812}