{"theta": [-2.0548170000000003, 1.1848099999999997, 1.1774, -2.7219153071795867, -2.991105307179587, 0.007759999999999767, 1.5975899999999998, 2.2391499999999995, -0.20594000000000023, 2.08892, -3.0124453071795863, -1.4696280000000002, -1.873971, -2.5859353071795868, 0.41723, 0.8447, -1.684907, 0.0, 0.7931899999999996, 0.4212399999999996, 2.0666899999999995, 0.24671999999999983, -1.4700670000000002, 1.1817099999999998, -1.1531099999999999, -1.5041030000000002, -1.8816100000000002, -3.0022353071795864, 1.1886099999999997, -1.6625610000000002], "kappa": [8.37592, 6.23288, 2.45731, 4.25056, 13.6283, 12.5301, 11.2789, 7.98521, 3.86775, 3.17671, 8.32302, 2.60811, 5.39866, 13.8506, 2.61545, 7.33433, 9.88217, 15.6293, 2.15865, 3.79185, 15.0387, 3.11807, 0.105216, 0.811281, 5.35329, 3.37623, 0.343732, 2.26621, 4.68861, 4.6898], "beta": 1.95691}