{"theta": [2.12333, -2.7772653071795865, 0.7844700000000002, 2.47487, -0.5271499999999998, -2.757905307179586, -2.757835307179586, 1.9828700000000001, 0.7802799999999999, -2.1550153071795863, -2.419945307179586, -0.5226100000000002, -0.5336400000000001, -0.5333299999999999, 2.47619, -2.240615307179586, -2.241105307179586, 0.48533000000000026, 0.4855800000000001, 0.49658000000000024, 2.47759, 2.53015, 0.5677300000000001, -2.2376853071795866, -2.7057353071795864, -2.4201453071795864, 0.0, 2.11651, 2.53033, 0.7856100000000001], "kappa": [4.46697, 43.0246, 55.6811, 7.79054, 39.9866, 1.55532, 48.8848, 25.8666, 7.15141, 35.6307, 21.6955, 28.6446, 39.9963, 5.20209, 17.4721, 3.34793, 7.08331, 2.50933, 49.1339, 136.25, 3.80826, 2.70171, 20.6924, 18.0661, 12.9333, 3.08047, 160.489, 13.8512, 20.0407, 92.2092], "beta": 1.02358}