{"theta": [-1.77685, -0.32411999999999996, 3.1116753071795866, -1.7260499999999999, -1.5128499999999998, -0.0, 0.3839839999999999, -0.50572, -0.3257300000000001, 1.0673653071795863, -0.5558700000000001, 2.6839153071795865, 0.377602, 0.9796334999999998, 1.718605307179586, -1.7308400000000002, 3.1029253071795866, -0.43618, -2.3383599999999998, 3.103015307179586, -1.7316099999999999, 2.7117153071795865, 3.1025353071795863, 2.6985753071795866, 2.701785307179586, 0.9712035000000001, -1.5102799999999998, -1.84768, 0.6107849999999999, -1.5011800000000002], "kappa": [6.45179, 2.1385, 12.0951, 3.47671, 3.39767, 25.1128, 7.65067, 6.13014, 1.30649, 14.46, 6.7109, 5.90345, 7.63578, 5.39252, 8.46688, 0.34612, 12.008, 5.80062, 7.05622, 1.12181, 2.33712, 3.88484, 6.24563, 7.52889, 4.05953, 7.279, 3.42222, 5.84541, 11.613, 3.6903], "beta": 1.54918}