{"theta": [-2.3174453071795864, -1.0155913071795863, 2.74327, -2.7170653071795865, 1.99566, -2.3130253071795863, 0.06585999999999981, -1.2117153071795865, -2.0264953071795864, 0.49251999999999985, 2.8985299999999996, 0.8011999999999997, 0.58047, 2.67642, -2.5579153071795866, 0.97105, -2.7329453071795866, 0.9308399999999999, 1.9872999999999994, -0.4473473071795864, 1.9852099999999995, -2.213115307179587, -1.2652353071795863, 0.24495000000000022, -0.0, 0.09757000000000016, 2.55217, -0.9930513071795861, 2.36056, -0.8442113071795863], "kappa": [3.06568, 9.85349, 4.62768, 9.6817, 4.44186, 2.15404, 6.01207, 5.46786, 4.89707, 9.44288, 5.13558, 4.89788, 6.09101, 5.96688, 7.98695, 5.51798, 13.446, 7.56969, 0.92449, 10.2187, 9.00542, 11.9196, 12.7888, 6.73671, 17.0482, 4.57823, 6.40484, 4.62892, 14.3279, 4.89996], "beta": 2.58689}