{"theta": [-2.19824, -2.17005, 0.8347100000000003, -2.27918, 2.827276307179586, 2.8350293071795862, 0.24070999999999998, 0.24603999999999981, 0.7937099999999999, -0.06896000000000013, -0.026250000000000107, 2.8338763071795863, -0.8883800000000002, -0.11386999999999992, 1.8736100000000002, 1.82733, 1.8736299999999995, 1.52501, 2.2610799999999998, 2.6075099999999996, -3.026183, 0.7899599999999998, -1.08983, 1.68492, -2.46485, 0.25014000000000003, 1.8672300000000002, 0.0, -1.10013, -2.19577], "kappa": [4.28422, 3.1748, 13.706, 3.72686, 2.78383, 4.27758, 2.35099, 2.36582, 1.21093, 3.50088, 5.0591, 4.15393, 4.90736, 7.03879, 4.28177, 2.80872, 0.644657, 2.4006, 8.42557, 15.3681, 13.7175, 5.7847, 3.9875, 8.35146, 13.1307, 1.67875, 4.43019, 19.5972, 2.50138, 1.67188], "beta": 2.01234}