{"theta": [2.326805307179586, 2.317375307179586, -0.7225900000000001, 2.365895307179586, -3.0994200000000003, -3.0796200000000002, 0.014070000000000027, 0.01982000000000017, -0.70082, 0.2862500000000001, 0.28632000000000013, -2.9586300000000003, -0.12090999999999985, 0.2866099999999998, -1.9681299999999997, -1.9273, -1.9855599999999998, -1.4643300000000001, -1.73492, -2.4417099999999996, 2.835555307179586, -0.7060899999999999, 1.33347, -1.4895599999999998, 2.4897553071795864, 0.0132000000000001, -1.98172, -0.0, 1.3238586, 2.321945307179586], "kappa": [5.74353, 2.436, 17.0951, 3.30956, 2.64764, 3.94367, 3.09857, 2.12095, 2.48983, 3.39205, 3.39637, 4.86486, 4.44483, 6.84023, 4.96549, 4.31725, 0.576024, 1.78467, 10.9824, 18.3975, 18.1905, 6.10768, 4.95668, 9.24708, 15.3231, 0.711078, 3.27281, 20.4955, 2.96831, 1.15653], "beta": 1.56934}