{"theta": [0.5239000000000003, 0.0, 2.7794200000000004, 0.82246, -1.5372299999999999, -1.4665099999999998, -2.523221, 2.95429, -1.8206399999999998, 1.4355699999999998, -1.8893199999999999, 1.2042100000000002, -0.16455999999999982, 2.66977, -0.16877999999999993, 0.47070000000000034, -1.85824, 0.48541000000000034, 2.67738, 1.4818600000000006, 2.6244400000000003, -0.1796899999999999, 1.3051499999999998, -2.547046, 0.4538700000000002, -0.4861399999999998, 2.7725700000000004, 3.00234, 1.69115, -1.3110799999999998], "kappa": [5.08548, 14.4111, 13.3089, 3.56912, 2.53042, 5.89315, 6.18634, 2.18317, 2.99425, 7.12514, 4.35854, 5.26092, 1.37759, 2.16242, 6.52298, 2.64593, 4.24604, 5.09483, 3.56833, 2.41663, 5.40783, 3.20611, 6.12754, 8.6465, 5.13596, 10.4459, 10.1027, 7.75159, 9.04328, 4.41299], "beta": 2.36008}