{"theta": [-2.9719895961795864, -1.8938899999999999, -0.0, 2.497118, 1.1124199999999997, 0.19484999999999975, 1.31811, 2.509338, 2.719766, -2.7813100000000004, -3.0282452071795865, -1.9150900000000002, 1.47613, -0.6697800000000003, 0.13038999999999978, -2.42875, -3.0336563071795863, -2.7691600000000003, 1.1392099999999998, 1.13143, -1.5929700000000002, 0.80816, 2.499635, -1.9158100000000005, -0.7468300000000001, -0.8823600000000003, 2.0999999999999996, 0.12992999999999988, 1.2839999999999998, -0.7392900000000004], "kappa": [4.71685, 7.21391, 38.7439, 3.35481, 12.8333, 6.10214, 6.75131, 3.34146, 5.9558, 4.85077, 6.17802, 2.27207, 7.5806, 4.00047, 1.74136, 13.0542, 3.66444, 2.56991, 2.17501, 1.29746, 6.17637, 2.38266, 3.33798, 2.28497, 5.21681, 4.68338, 6.92933, 5.7474, 8.19568, 3.56296], "beta": 1.83082}