{"theta": [2.24974, 2.05797, 0.8487400000000003, -1.16758, -0.4997699999999998, 2.62134, -1.27697, -2.604178, 0.7228599999999998, -0.6294299999999997, 2.9641193071795864, 1.5781, -0.62602, 0.7666900000000005, -3.070938, 1.1619400000000004, 0.8203399999999998, -1.30924, -2.542923, -0.12175000000000002, 2.8902179071795864, 1.8835699999999997, 3.019914307179586, 0.3959900000000003, -2.629943, -0.5690599999999999, 2.2830000000000004, -1.3092199999999998, -2.567369, 0.0], "kappa": [4.92748, 4.31471, 9.02159, 4.4675, 3.76153, 7.30556, 3.82378, 5.03804, 10.4916, 1.32994, 4.99767, 3.90549, 6.20864, 3.14125, 7.75984, 10.8301, 3.08138, 1.30009, 6.67071, 5.95829, 5.14715, 4.55531, 5.17647, 3.26029, 6.56055, 6.15277, 2.02477, 0.172309, 2.11242, 12.976], "beta": 2.22975}