{"theta": [0.04689999999999994, 1.6009253071795868, 0.0, 0.0437599999999998, -2.82981, 2.670035307179586, 2.667245307179586, 0.4474, 1.8861183071795864, 1.6236923071795868, -0.5986399999999996, 1.4887633071795863, 1.6089463071795862, 0.13954999999999984, 1.353984507179586, -1.2544499999999998, -0.0825199999999997, 2.7115453071795863, 1.4814133071795865, -0.08403000000000027, -2.81433, 1.8864533071795861, -2.81475, -0.62737, -2.87461, 2.8359353071795863, -1.74161, -2.82104, -0.5975900000000003, -1.74647], "kappa": [25.6967, 3.21525, 53.6761, 1.97578, 5.59098, 2.37522, 0.279422, 26.846, 0.193165, 3.50641, 4.35019, 6.61419, 2.01394, 28.7496, 6.84684, 23.2662, 13.0112, 15.2612, 2.60832, 3.72169, 2.0453, 3.25696, 17.4992, 14.4213, 4.57346, 47.315, 12.3836, 17.5995, 8.14416, 9.7141], "beta": 1.30197}