{"theta": [-1.92529, -1.04603, -1.4203800000000002, -1.9927800000000002, -2.57358, -1.6600000000000001, -2.6192100000000003, 1.01436, -0.0, -2.4003, 0.38348000000000004, -1.9295500000000003, -1.8262800000000001, 1.411499, 2.3022853071795866, 2.3913253071795864, 2.0523143999999998, 0.42228, 0.29267, 1.1346699999999998, 1.86279, 0.40622999999999987, -2.63935, 0.41820999999999997, 2.385075307179586, -1.41573, 2.373405307179586, 1.6283699999999999, -1.9521000000000002, -2.45213], "kappa": [5.9147, 7.90502, 5.59675, 7.38019, 3.44222, 3.0845, 4.98302, 7.23803, 24.4015, 3.94186, 13.7349, 3.36184, 6.18304, 4.53815, 7.48136, 3.69886, 5.76343, 2.12854, 3.44932, 5.76138, 7.28026, 7.3996, 4.08833, 5.92105, 3.25176, 3.41482, 3.17124, 10.0391, 3.74084, 4.66469], "beta": 1.92125}