{"theta": [-0.4235599999999997, -1.5979299999999999, 2.3580799999999997, 2.0759200000000004, -2.783109, 0.08453, 2.51704, 2.5860100000000004, 0.2666900000000001, -0.6329500000000001, 0.9914799999999997, -1.55307, -2.980543, 2.5033100000000004, 2.5501400000000003, -1.09091, -2.504831, -2.897621, 0.23634000000000022, 0.38580000000000014, 2.10971, 0.37588, 0.9564400000000002, 3.077969307179586, -1.59452, 2.0896500000000002, -2.743879, -0.3494299999999999, -0.22536999999999985, 0.0], "kappa": [9.97458, 5.30811, 4.46238, 11.5019, 7.83259, 4.60574, 3.10251, 5.75367, 7.28066, 4.67552, 4.28146, 3.7715, 4.73652, 2.13739, 8.37639, 8.57441, 7.81043, 10.4629, 4.58214, 4.16295, 8.90411, 11.7715, 5.02046, 7.35492, 3.75467, 1.13609, 5.0706, 5.73096, 5.36383, 11.6037], "beta": 2.55468}