{"theta": [-2.970170307179586, -1.2171803071795866, -1.298790307179586, 2.2928349999999997, -2.288120307179587, 1.5215649999999998, 0.3783050000000001, 2.843715, 2.445635, 2.0950149999999996, -1.3352703071795862, 1.743035, 0.3011919999999999, 2.9107049999999997, -2.842640307179586, -2.3535403071795864, 0.3978449999999998, -1.0523303071795862, -3.0698503071795864, -0.9729003071795868, 2.6799749999999998, 2.086935, -1.4563203071795865, -0.9199403071795862, -2.3998703071795866, 2.1129149999999997, 0.4620749999999998, -1.4796203071795864, 0.7745749999999998, 0.0], "kappa": [3.92213, 6.19697, 1.17474, 8.16251, 7.09063, 8.46476, 3.50072, 10.7168, 5.88352, 0.60824, 3.61353, 7.69367, 1.74527, 5.01129, 6.53341, 1.52402, 1.17123, 3.46883, 3.8787, 3.92161, 4.00436, 3.74476, 3.61647, 11.9925, 5.75574, 5.07234, 6.97525, 4.93084, 4.70782, 18.665], "beta": 2.22531}