{"theta": [-0.6477900000000001, -2.65584, -1.7850699999999997, -0.07530999999999999, 0.9435600000000002, 1.47173, -0.04834000000000005, 0.28489999999999993, -2.64779, -0.0, 1.5834400000000002, 1.4854, 0.9882400000000002, 1.4820900000000001, -1.1445199999999995, -1.78856, -0.010460000000000136, -0.21489000000000003, -2.97036, -0.41541000000000006, -0.4150999999999998, 2.986393, -3.09888, -1.5800499999999995, -2.97418, -1.1452899999999997, -0.22026000000000012, -1.1338500000000002, -2.9683499999999996, 1.55533], "kappa": [4.78747, 2.08734, 3.76741, 11.5699, 18.7579, 1.38846, 3.93906, 12.1617, 11.0258, 17.2721, 6.27432, 11.0194, 9.60688, 2.22753, 0.134957, 2.25466, 4.05858, 3.0983, 2.57457, 0.106849, 13.0114, 23.1125, 6.64602, 6.35249, 8.64824, 6.57355, 6.07623, 0.603087, 1.3093, 4.41335], "beta": 1.63532}