{"theta": [-1.0233099999999995, 1.7276943071795863, -1.54642, -3.12694, 0.0, 0.3922800000000004, 0.6652900000000006, -0.05152999999999963, 0.77475, -0.6235999999999997, -1.5595899999999996, 2.8173953071795865, 0.5219700000000005, 1.1943433071795866, 0.30466000000000015, -3.10111, -3.12599, -2.8313699999999997, 1.6642723071795862, -0.7462999999999997, 1.8047553071795868, 0.04762999999999984, -0.6354799999999994, -0.5240799999999997, -1.5485699999999998, 1.8789873071795862, -2.9240799999999996, 1.6071833071795867, -1.53633, 1.8414123071795867], "kappa": [4.71941, 3.1066, 1.44819, 1.21731, 12.5397, 6.15916, 8.97377, 4.2418, 3.95953, 4.00652, 4.17978, 4.84749, 5.12152, 4.25591, 7.33339, 6.04048, 1.18331, 5.23638, 5.77847, 7.77824, 3.77317, 5.99288, 6.23288, 3.97857, 1.79285, 2.26034, 2.91308, 6.01198, 9.84648, 2.76149], "beta": 2.64483}