{"theta": [2.3813150000000003, 1.807595, 0.3266230000000001, -1.5294903071795858, -0.613240307179586, 2.605715, -1.6256003071795853, -2.925360307179586, 0.5442649999999998, -0.6234503071795867, 2.784125, 1.335085, -0.6147603071795853, 0.40785000000000027, -3.106970307179586, 0.854905, 0.6075750000000002, -1.727450307179586, -2.9169103071795863, -0.23797800000000002, 2.800135, 1.422825, 2.8771050000000002, 0.646865, -2.9320803071795862, -0.5951203071795863, 2.365575, -1.7282803071795865, -2.922830307179586, 0.0], "kappa": [5.38044, 7.29977, 10.9451, 3.27547, 2.88177, 7.8139, 4.74792, 4.4549, 10.3066, 2.96155, 3.25903, 3.40101, 5.94906, 3.08652, 6.32503, 10.9323, 3.91772, 2.08962, 4.4076, 6.19683, 4.36675, 4.57031, 4.5722, 2.7991, 5.8454, 4.45013, 1.9412, 0.390249, 1.16076, 11.7794], "beta": 1.91244}