{"theta": [2.4165699999999997, 1.4310300000000002, 2.9046153071795864, 2.4354299999999998, -2.8680369999999997, 1.92707, -3.003306, -0.1839900000000001, 0.0, -2.847765, 0.5542200000000004, 2.38548, 2.40134, -1.01132, -1.5827900000000001, -1.63165, -1.34802, 0.5457399999999999, 0.7835800000000002, -0.19214999999999982, -0.6796899999999999, 0.4436899999999997, -3.094365, 0.7519500000000003, -1.63396, 1.85962, -1.6340999999999999, -0.8755199999999999, 2.4206800000000004, -2.840628], "kappa": [5.0399, 7.02715, 7.74, 8.22812, 3.43218, 4.75774, 5.29062, 7.53765, 26.6286, 2.24209, 12.9023, 3.65995, 6.71105, 4.46734, 7.29966, 2.88386, 5.73921, 3.12205, 4.93397, 5.9291, 7.62452, 6.34009, 4.68788, 4.94924, 2.92514, 3.5056, 4.47533, 10.4578, 3.50041, 3.58179], "beta": 1.93775}