{"theta": [-1.928277, -3.1203353071795865, -0.6886800000000002, -2.2203150000000003, 0.69943, 3.1335999999999995, -3.115235307179586, -1.7171630000000002, -0.6845800000000002, 2.33101, 2.69459, 0.7061199999999999, 0.7061799999999998, 0.7077899999999997, -2.223077, 2.3400600000000003, 2.3506099999999996, -0.49977000000000005, -0.50007, 0.02790999999999988, -2.220708, -2.3020555000000003, -0.33084000000000024, 2.47649, 2.76311, 2.75488, 0.0, -1.9272970000000003, -2.3041772000000003, -0.6968000000000001], "kappa": [1.57761, 14.87, 22.1496, 2.76866, 9.28786, 1.21182, 14.4117, 10.5767, 2.78035, 13.0259, 4.62755, 9.18408, 9.19806, 1.83968, 5.78469, 2.01725, 3.7296, 0.701177, 15.6463, 38.736, 1.4666, 1.35968, 8.3822, 14.0005, 3.88167, 1.39126, 63.2238, 4.37177, 6.83616, 27.7698], "beta": 1.27985}