{"theta": [-0.33677999999999964, 2.6904200000000005, -1.21645, -0.33406, -0.16577999999999982, 0.2243400000000002, 2.08071, -1.5570099999999998, 0.25538000000000016, 1.33786, -1.5740399999999999, -0.8062799999999997, 3.1067113071795864, -1.0947899999999997, 1.94156, -2.17725, -2.17751, -0.7172899999999998, -2.21988, 2.8668751071795864, -0.7373799999999999, 2.7198700000000002, 0.0, 2.9801503071795863, -3.073861, -1.5340099999999999, 1.8946300000000003, 2.9966333071795863, 2.04756, 0.2243400000000002], "kappa": [4.12933, 1.89613, 10.995, 5.20695, 5.65511, 1.83279, 16.7349, 3.50125, 7.35932, 14.1227, 3.74117, 10.4042, 5.24538, 5.40377, 4.0675, 1.32914, 3.40333, 6.05407, 10.0978, 3.71551, 2.3402, 3.68208, 17.3009, 2.52849, 3.45784, 3.44031, 4.09121, 10.0169, 9.79533, 7.18704], "beta": 2.1682}