{"theta": [0.3940100000000002, 1.5762699999999996, -2.18891, -2.3683, 2.99293, 0.10953999999999997, -2.0956259999999998, -2.2164040000000003, -0.10096000000000016, 0.47383, 2.1239399999999997, 1.5792199999999998, 3.1389400000000003, -2.200335, -2.211299, 0.96759, 2.64296, -3.0931553071795865, -0.16921000000000008, -0.5154800000000002, -1.82421, 0.9628599999999996, 2.0210500000000002, -2.765267, 1.5645399999999996, -1.8256, 2.99689, 0.4180999999999999, 0.2681399999999998, 0.0], "kappa": [6.85572, 4.08957, 3.80455, 11.1857, 7.38366, 4.97456, 4.25792, 5.60584, 8.71337, 2.07271, 4.56299, 2.81846, 4.5966, 0.720455, 8.67024, 10.4771, 7.23495, 10.1266, 7.73013, 6.79798, 9.00168, 12.7736, 5.69448, 9.07953, 2.79968, 0.701065, 4.71795, 4.38931, 4.60181, 13.2096], "beta": 2.47952}