{"theta": [0.7857400000000001, -2.6756853071795863, 1.81581, 0.34328000000000003, -0.66323, -1.1237799999999998, 0.3289599999999999, -0.31834000000000007, -2.668275307179586, 0.0, -1.2029599999999998, -1.13062, -0.5872999999999999, -1.1265699999999998, 1.5822900000000004, 1.8563200000000002, 0.2691600000000003, 0.74044, -2.873685307179586, 0.8972600000000002, 0.8914200000000001, 2.9245600000000005, -2.5582366, 1.72558, -2.679495307179586, 1.5889100000000003, 0.7096100000000001, 1.5947899999999997, -2.861155307179586, -1.1939], "kappa": [3.81128, 0.621821, 4.79651, 12.1239, 14.0267, 1.06, 4.93111, 14.0966, 3.3971, 21.209, 5.72322, 7.23707, 10.3871, 1.83786, 0.369911, 2.34487, 6.51931, 4.82663, 4.16346, 0.306213, 15.5205, 15.3413, 6.96616, 3.57242, 8.25838, 6.96622, 6.25673, 0.380008, 2.76519, 4.13314], "beta": 1.76184}