{"theta": [2.4851900000000002, -0.6157290000000002, 2.26386, -0.33211000000000035, -0.6151710000000004, -0.0831900000000001, -2.0517153071795864, -1.526225307179586, -2.0748953071795864, 0.8196899999999998, -1.937215307179586, 0.3133299999999999, -0.10855999999999999, 2.8405199999999997, 0.7575799999999997, 2.80534, 2.84058, -1.6176553071795858, -2.062285307179586, 0.0, -0.08401000000000014, 2.2104099999999995, 0.7780500000000001, 2.2870999999999997, 0.4673099999999999, -1.6177153071795862, -2.0529053071795857, 0.8805400000000001, 2.39898, 0.21204999999999985], "kappa": [2.69695, 3.10695, 2.0696, 7.19034, 1.99262, 1.99028, 6.12242, 6.81928, 1.38068, 4.55736, 3.74012, 11.7314, 4.77207, 1.1926, 12.9694, 10.1483, 4.60062, 0.212657, 4.51711, 12.4864, 4.82053, 3.83683, 4.36323, 7.76629, 1.5911, 2.94753, 4.57514, 8.27974, 6.34379, 1.43445], "beta": 2.31082}