{"theta": [-0.7511200000000002, -2.92708, -1.80504, -0.08518999999999988, 0.9407183071795862, 1.4611353071795863, -0.2229600000000005, 0.3304993071795863, -2.9216100000000003, 0.0, 1.353225307179586, 1.4594353071795858, 0.5868673071795865, 1.4680053071795864, -1.3688700000000003, -1.84429, -0.17916000000000043, -0.5996500000000005, 2.997095307179586, -0.5024699999999998, -0.5081300000000004, -3.13729, 3.109165307179586, -1.6336700000000004, 3.118405307179586, -1.3708800000000005, -0.5656699999999999, -1.3578999999999999, 2.917525307179586, 1.2948653071795864], "kappa": [3.91847, 1.39182, 5.31165, 10.4097, 17.2599, 1.64439, 4.78095, 12.0518, 9.35213, 21.6489, 5.9395, 10.6084, 10.8111, 1.71606, 0.24348, 2.5186, 6.59739, 5.30036, 3.87224, 0.189432, 10.2059, 15.6138, 3.6934, 5.73367, 9.105, 7.54084, 6.43093, 0.575576, 3.02472, 3.5058], "beta": 1.70936}