{"theta": [-1.431764307179586, -2.7269253071795863, 2.63929, 2.37842, 0.5832199999999998, 2.27696, -1.7141753071795858, 0.5840899999999998, -1.7418653071795864, 0.9519500000000001, -2.846875307179586, -0.025170000000000137, -1.673725307179586, 2.32036, -2.1350053071795863, 1.24676, 2.60234, -0.0, -2.519305307179586, -2.5871653071795864, 2.82805, 1.1322799999999997, 0.005029999999999646, -1.1272563071795858, -2.111155307179586, 1.0008100000000004, -2.326065307179586, -2.006185307179586, 1.12641, 0.23861000000000043], "kappa": [9.75384, 2.08224, 3.06947, 3.8388, 12.7084, 5.66161, 2.23125, 5.12667, 3.34825, 3.04171, 4.52888, 8.40308, 2.27171, 1.39124, 2.40054, 2.5358, 5.76885, 20.5633, 4.08525, 3.79525, 4.96765, 0.466696, 4.6658, 3.03295, 3.34464, 3.06061, 5.33033, 4.29943, 4.32077, 5.38031], "beta": 3.21744}