{"theta": [-1.0124493071795868, -2.180155307179586, 1.09178, -2.9773953071795867, 0.9789699999999995, -0.0023900000000001143, -1.000631307179587, 2.1256699999999995, -3.0102253071795864, 2.17328, -1.011573307179587, 1.0600899999999998, 0.014619999999999855, 2.23526, 2.67895, -3.1015253071795863, -0.9221133071795862, 0.9986600000000001, 2.61148, -0.799793307179586, -0.9167153071795866, -3.1006753071795865, -0.0, 0.9778199999999995, 2.6759, 2.1343699999999997, -2.1857453071795865, -0.9344843071795861, 2.6328699999999996, 0.97485], "kappa": [5.75803, 2.96663, 4.27041, 8.78888, 11.7105, 9.65578, 5.68733, 5.11905, 2.08227, 3.54143, 3.89078, 14.431, 4.18181, 2.96241, 0.161562, 4.76629, 13.7407, 4.68331, 3.01673, 5.60044, 17.1161, 3.21623, 30.1683, 2.84723, 10.1678, 3.70843, 2.93083, 8.00926, 7.70225, 20.2313], "beta": 1.54492}