{"theta": [-0.8770600000000002, -2.2744, 1.2345199999999998, -2.7943, 1.2121199999999999, 0.02452999999999994, -0.72058, 1.9340000000000002, -3.11559, 2.34494, -0.8991000000000002, 1.4707599999999998, 0.0317400000000001, 2.217897, 2.97155466, -3.12, -0.7469900000000003, 1.2360499999999999, 2.560564, -0.7233499999999999, -0.7550300000000001, -2.76879, -0.0, 1.14547, 2.97192721, 2.361937, -2.2768300000000004, -0.8347800000000003, 2.5581579999999997, 1.1438499999999998], "kappa": [6.3794, 2.69794, 1.95127, 8.5152, 8.47318, 9.36181, 5.49321, 4.17369, 3.15542, 5.05625, 2.95951, 12.1684, 4.28936, 3.4313, 0.176668, 4.47972, 12.3959, 4.71577, 3.37141, 5.54255, 15.3314, 5.78203, 27.2362, 4.07423, 9.84032, 2.77935, 4.33452, 7.26715, 9.91799, 18.1381], "beta": 1.69218}