{"theta": [-0.31147000000000036, -1.4210700000000003, 2.6830299999999996, 2.3757200000000003, -2.37598, 0.22306999999999988, 2.6668199999999995, 2.7513300000000003, 0.53782, -0.31137000000000015, -1.91345, -1.3648100000000003, -2.5636210000000004, 2.6926999999999994, 2.6335299999999995, -0.6114700000000002, -2.09187, -2.815325, 0.08409999999999984, 1.2298, 2.31294, 0.022580000000000044, 0.7951199999999998, -2.9940990000000003, -1.3676600000000003, 2.3159399999999994, -2.27985, -0.21944000000000008, 0.41728999999999994, 0.0], "kappa": [9.81741, 4.9341, 3.51676, 12.3834, 7.67858, 6.1343, 3.99836, 5.31135, 8.14748, 2.56932, 3.41332, 3.6236, 5.82703, 1.31125, 6.89812, 11.5233, 6.6968, 9.73294, 4.8669, 6.7865, 8.91218, 12.4137, 3.95763, 9.57457, 3.595, 1.1292, 3.20147, 3.44656, 4.30479, 14.1528], "beta": 2.70668}