{"theta": [-0.39623399999999975, -1.5398443071795862, 2.567321, 2.229201, -2.519154307179586, -0.1620039999999996, 2.5760210000000003, 2.655961, -0.06915399999999972, -0.40497799999999984, -1.9999843071795862, -1.5063043071795859, -2.674164307179586, 2.606821, 2.6464610000000004, -0.6887859999999999, -2.133604307179586, -2.635224307179586, 0.03516600000000025, 0.3101710000000002, 2.226121, -0.7551789999999996, 1.3422310000000004, -3.013194307179586, -1.520614307179586, 2.2239310000000003, -2.459654307179586, -0.3673449999999998, -0.2855509999999999, 0.0], "kappa": [7.15591, 4.48801, 4.39828, 14.4835, 7.45832, 5.53812, 4.35804, 6.19718, 5.84862, 2.1325, 3.03376, 3.14115, 4.9637, 1.71856, 9.72783, 10.4265, 6.78184, 8.83647, 5.49881, 6.42106, 8.66161, 12.1124, 5.07214, 9.5507, 3.15306, 0.94129, 4.97036, 3.47834, 2.89293, 13.5237], "beta": 2.33601}