{"theta": [-0.3354400000000002, 1.7205300000000001, 0.02874999999999961, 1.7375799999999995, -2.50239, 3.1240193071795863, 2.709804307179586, -2.6207900000000004, -0.75766, 0.3428399999999998, 0.9290899999999995, 2.1407299999999996, -2.26082, 0.05441999999999947, 1.9203599999999996, -0.8869700000000003, 2.7446413071795863, -1.0399000000000003, 3.052162307179586, -3.06226, -3.0974000000000004, -0.7435, -1.01831, -0.5598300000000003, -1.34722, 0.3022499999999999, 0.4562499999999998, 1.6944499999999998, 1.9367599999999996, 0.0], "kappa": [5.36363, 2.19736, 9.03821, 6.87835, 2.23141, 3.77183, 2.67122, 8.59278, 6.84437, 5.50536, 10.2083, 8.89234, 13.1081, 6.63706, 5.2008, 8.33724, 4.72671, 9.0045, 7.88511, 5.32508, 5.25865, 4.77556, 4.30167, 6.92368, 9.0156, 12.4711, 5.92696, 4.71099, 8.12361, 19.0353], "beta": 2.23884}