{"theta": [-1.0354800000000002, 1.9565099999999997, -1.6425400000000001, -2.9222053071795866, 0.0, 0.5941100000000001, 0.83154, -0.03788999999999998, 0.7253099999999999, -0.82158, -1.6691000000000003, -2.562002, 0.46577, 1.3492499999999996, 0.17878999999999978, -2.9779053071795865, -2.9140453071795864, -3.067375307179586, 1.8509700000000002, -1.0164900000000001, 2.0205599999999997, 0.08826, -0.4952399999999999, -0.4742600000000001, -1.64033, 2.1237199999999996, -3.0550453071795864, 1.7795800000000002, -1.57646, 2.05413], "kappa": [5.53336, 3.22139, 1.63007, 1.30872, 14.1357, 7.95777, 8.52498, 4.21644, 6.12596, 7.26977, 3.93439, 5.55464, 5.17909, 4.21938, 5.82819, 5.84659, 1.40145, 1.89605, 5.91907, 7.93284, 4.06342, 5.85243, 5.46579, 4.51106, 1.73995, 2.81553, 1.75597, 6.14178, 6.25714, 3.04344], "beta": 2.97032}