{"theta": [-0.056760000000000144, -2.19356, -1.0798900000000002, 0.30818999999999996, 1.5259053071795865, 2.278145307179587, 0.4170799999999999, 1.0845289999999999, -2.19128, 0.8108580000000001, 2.2759553071795864, 2.2929753071795864, 1.2855560000000001, 2.026945307179586, -0.6557200000000001, -1.0785300000000002, 0.44178000000000006, 0.25451999999999986, -2.61253, 0.00043999999999999595, -0.0, -1.94333, -2.5298200000000004, -0.9475100000000003, -2.59972, -0.6552700000000002, 0.2613699999999999, -0.6401400000000002, -2.6140700000000003, 2.020715307179586], "kappa": [4.69911, 1.75419, 5.14418, 11.7672, 26.228, 2.09802, 5.53422, 22.3522, 13.3003, 30.0389, 5.65539, 13.2168, 15.6063, 2.82757, 0.129777, 1.8326, 7.74513, 5.26465, 1.8147, 0.0656792, 21.5936, 22.8653, 7.55845, 6.27328, 10.85, 9.49366, 5.39127, 0.670692, 1.87228, 7.9139], "beta": 1.28594}