{"theta": [2.6203543071795865, 0.08345599999999997, -2.3282410000000002, 2.4792843071795865, 2.064464307179586, -0.0, 0.3710998999999999, 0.8109443071795859, 1.050714307179586, -0.5404400000000003, 1.0578143071795862, -1.7918910000000001, 0.07373199999999969, -0.6328810000000002, -0.04166300000000023, 2.4804143071795863, -2.471251, 1.0279943071795863, -2.6474710000000004, -2.476331, 2.4769643071795864, -1.8335210000000002, -2.4541910000000002, -1.7922410000000002, -1.8102110000000002, -0.598611, 2.0455343071795857, 2.783174307179586, 0.6404943071795861, 2.0530943071795864], "kappa": [7.32582, 2.35743, 9.5622, 6.22, 4.23531, 22.4248, 7.00238, 5.99084, 2.56068, 11.217, 6.96946, 6.11792, 4.56398, 6.09791, 2.94064, 0.808946, 9.44311, 5.27093, 5.82918, 3.33679, 3.29372, 4.68284, 6.14213, 8.15029, 4.98512, 7.83742, 5.66715, 5.57005, 10.2179, 4.33995], "beta": 1.73067}