{"theta": [0.21328000000000014, 1.6980653071795864, -0.8785299999999996, -1.83976, 3.0099653071795864, 2.2933653071795863, 2.2154053071795863, 1.762615307179586, -2.08365, 0.43669000000000047, 2.6442453071795864, -1.86422, -2.84609, -2.61183, -2.01202, 2.4621153071795865, 1.790815307179586, 1.9879053071795862, 1.1721453071795862, 0.12948999999999966, 0.21814, 1.8634353071795857, 0.7916763071795865, 3.068425307179586, 0.7388243071795859, -0.8731400000000002, -0.8510799999999996, -1.80117, 2.9588253071795863, 0.0], "kappa": [2.61347, 4.35184, 4.61371, 1.57383, 4.14142, 3.80559, 4.64225, 3.10708, 6.47559, 10.5355, 2.80414, 5.42219, 5.29149, 4.42388, 13.3446, 12.9495, 4.1275, 10.3765, 10.3646, 8.0708, 2.59402, 5.72802, 3.82602, 4.21643, 6.74779, 0.964841, 5.97373, 8.80566, 4.13176, 29.7165], "beta": 2.82632}