{"theta": [-1.567749, -2.6069653071795864, -0.0008599999999998609, -1.83404, 1.07464, -3.0316053071795865, -3.0364853071795865, -1.2869349999999997, -0.00017999999999984695, 2.5490200000000005, -3.078795307179586, 1.0693800000000002, 1.08133, 1.0803000000000003, -1.82900369, 2.80455, 2.7998000000000003, 0.23411000000000026, 0.14053000000000004, 0.22131999999999996, -1.8310776899999999, -1.8960453071795857, 0.12677000000000005, 2.8073699999999997, -2.9390353071795863, -2.9396853071795865, 0.0, -1.556591, -1.8991653071795858, -0.005819999999999936], "kappa": [2.48817, 15.6663, 30.5481, 2.23466, 18.303, 0.352329, 18.8443, 17.2562, 3.76196, 22.2372, 13.4105, 13.0146, 12.7189, 5.52361, 6.11194, 2.78587, 5.14179, 1.69117, 29.0348, 56.8516, 2.12234, 1.83277, 7.58719, 18.7821, 5.35819, 1.4622, 74.3032, 7.03701, 10.8101, 30.8965], "beta": 1.11032}