{"theta": [0.46129, 3.128587307179586, 1.7056, 0.023930000000000007, -0.6050900000000001, -1.3746, 0.011810000000000098, -0.4766400000000002, 3.1040393071795864, 0.0, -1.44085, -1.3589000000000002, -0.81122, -1.3358599999999998, 1.22749, 1.72423, 0.005900000000000016, 0.41610000000000014, -2.888185, 0.6428400000000001, 0.6427999999999998, 2.68899, -2.990163, 1.5104399999999996, -2.921167, 1.2265099999999998, 0.41376999999999997, 1.2150700000000003, -2.88423, -1.3154], "kappa": [3.79599, 1.71938, 5.32711, 12.453, 15.8498, 1.70412, 3.21019, 15.7302, 10.7297, 18.1751, 6.71764, 11.3136, 9.60954, 2.65825, 0.158046, 2.2906, 6.1737, 4.88247, 3.22086, 0.0790337, 14.3662, 19.555, 5.87521, 5.88308, 7.11518, 7.9561, 6.41028, 0.531063, 1.90553, 2.85507], "beta": 1.54268}