{"theta": [-1.0476599999999998, 0.9827969999999999, 0.9674160000000003, -3.10395, 2.945755307179586, 2.0729653071795857, 1.382455307179586, 1.775425307179586, -0.7110999999999998, 1.696715307179586, 2.9825953071795857, -1.43848, -2.09635, -2.7266700000000004, 0.18154999999999988, 0.007980000000000098, -1.4988599999999999, -0.0, 0.023030000000000106, 0.3938689999999998, 1.8686453071795857, 0.4380050000000002, -1.4386599999999998, 1.004373, -2.01727, -1.47313, -2.0934999999999997, 3.005575307179586, 1.026476, -1.5529499999999998], "kappa": [6.5093, 5.75934, 2.6203, 2.95961, 13.9825, 12.5664, 9.85606, 5.07831, 4.83599, 2.22605, 6.79228, 3.51128, 5.0662, 13.5312, 3.12217, 7.7744, 9.87157, 13.8411, 0.751176, 5.13367, 13.1626, 3.21098, 0.0645215, 2.49705, 4.79846, 3.32852, 0.250391, 2.49819, 4.68421, 6.03638], "beta": 2.39155}