{"theta": [-1.8957000000000002, -0.2783399999999996, 2.4620100000000003, -1.82469, -1.5548100000000002, -0.0, 0.35675000000000034, 0.19952000000000014, -0.5663399999999998, 0.9488500000000002, -0.5672599999999997, 2.112, 0.4178600000000001, 0.9545600000000003, 2.7021400000000004, -1.8244099999999999, 2.6835400000000003, -0.5700400000000001, -2.818413307179586, 2.4549600000000003, -1.8241299999999998, 2.1365, 2.4530700000000003, 2.11424, 2.11965, 0.9378800000000003, -1.5553500000000002, -2.0528599999999995, 0.4697800000000001, -1.55451], "kappa": [8.47904, 3.98091, 11.3456, 5.50619, 5.39995, 28.972, 6.91597, 4.25031, 2.28593, 12.3238, 7.71306, 5.68478, 6.93032, 5.92626, 5.00354, 0.184524, 12.13, 4.03489, 7.6846, 1.66899, 3.02191, 4.08074, 4.33802, 7.60129, 3.95993, 7.84754, 5.44531, 7.86962, 11.3758, 3.81952], "beta": 1.44812}