{"theta": [-2.6985253071795867, 1.2441299999999997, 1.2559399999999994, -1.6515323071795862, 2.0238199999999997, -2.5243353071795864, -0.36973000000000056, 3.0142399999999996, -1.5081223071795868, -2.0135013071795864, 1.2429599999999996, -1.495713307179587, -0.2963200000000006, 2.9661099999999996, -2.8027953071795864, 2.4074899999999997, -0.41360000000000063, 0.8912199999999997, -2.8513653071795866, 0.7215799999999994, 2.9531599999999996, -2.024795307179587, 0.9642799999999996, 1.4317499999999996, 2.5407899999999994, -2.0103813071795864, -0.4551300000000005, 1.2616299999999994, -0.6477300000000001, -0.0], "kappa": [3.60649, 6.29069, 0.861979, 9.9365, 6.68915, 8.35678, 3.52294, 10.4641, 7.97628, 0.787042, 3.5969, 6.53667, 1.87053, 5.31227, 4.50707, 3.86346, 1.17366, 4.03105, 4.58606, 3.84116, 4.25182, 4.283, 3.60715, 8.27794, 5.61897, 6.65825, 5.10477, 5.23959, 4.05731, 16.0905], "beta": 2.44396}