{"theta": [-0.5462099999999996, -2.3705899999999995, -1.5796099999999997, -0.04139999999999966, 1.2579953071795869, 1.7182953071795861, 0.027740000000000542, 0.7170570000000005, -2.3754199999999996, -0.0, 1.8399353071795863, 1.7379153071795868, 1.2480053071795867, 1.7147653071795865, -1.1107799999999997, -1.62234, 0.0335700000000001, -0.5361599999999997, -2.8261199999999995, -0.42579999999999973, -0.4366199999999998, 3.106345307179587, -2.65176, -1.4135199999999997, -2.78103, -1.1171999999999995, -0.5229199999999996, -1.1164399999999999, -2.8243199999999997, 1.846535307179587], "kappa": [2.61616, 2.08799, 4.91658, 13.306, 12.4526, 1.30795, 4.37466, 15.1446, 7.62322, 18.1061, 6.13637, 9.9281, 7.2595, 2.51897, 0.644701, 2.40683, 7.64487, 5.01406, 3.45486, 0.280649, 12.337, 19.2214, 5.88703, 5.29232, 8.89998, 6.87101, 5.2295, 0.109111, 1.99446, 6.54776], "beta": 1.79484}