{"theta": [2.1437799999999996, -1.5655600000000005, 1.8801699999999997, 0.8267499999999997, 0.9575699999999996, 2.7539599999999997, 2.9473, 2.13976, 2.58378, 2.577, -0.018489999999999895, -2.05795, -0.0, 1.8801499999999995, -2.1489328071795866, 2.7356299999999996, -1.5700500000000002, -2.148499717179586, 0.12177999999999933, -2.13926, 0.9478299999999997, -1.4430700000000005, -2.12718, 0.9658099999999998, -0.02524000000000015, 0.09195999999999938, 2.9478599999999995, 1.8815399999999998, -0.02817000000000025, 2.58382], "kappa": [18.0164, 7.1716, 13.488, 9.93414, 16.2851, 40.0184, 0.325362, 3.66237, 3.14439, 5.56337, 5.93562, 26.3377, 45.6549, 2.26333, 1.78739, 8.96316, 2.34623, 5.75514, 24.5046, 3.72906, 32.7038, 16.5564, 4.48012, 3.30712, 3.15851, 5.07062, 31.8062, 13.6824, 9.13909, 3.1312], "beta": 1.11762}