{"theta": [-0.15073000000000025, -3.074455, -0.5956600000000001, -0.1901299999999999, -0.11820999999999993, 1.3501899999999996, 2.41765, -0.7926000000000002, 1.34225, 2.6249700000000002, -0.8041100000000001, 0.4916799999999997, -2.6451580000000003, 0.43904999999999994, 2.3275499999999996, -1.5669400000000002, -1.5716200000000002, 0.18164999999999987, -1.57325, -2.846058, 0.4691099999999997, -2.969526, 0.0, -2.8089190000000004, -2.529137, -0.8000400000000001, 2.3494, -2.841781, 2.48383, 1.2789399999999995], "kappa": [4.10206, 2.35713, 11.9513, 5.12459, 3.63951, 4.39471, 15.7639, 3.09588, 8.7755, 12.7762, 3.11869, 12.2267, 4.33474, 7.32609, 3.16095, 1.01091, 3.53733, 7.20162, 9.86897, 3.19915, 3.30357, 4.84387, 20.0673, 2.25503, 4.08726, 3.10319, 2.96256, 6.51114, 8.76709, 7.06973], "beta": 1.98351}