{"theta": [2.3371600000000003, 2.14347, 0.3588399999999998, -1.140658307179586, -0.7226893071795857, 2.7130400000000003, -1.2194113071795858, -2.463325307179586, 0.6549200000000006, -0.7129193071795861, 3.10984, 1.4921100000000003, -0.722882307179586, 0.4763700000000002, -2.9453953071795858, 1.1345299999999998, 0.6812100000000001, -1.2829703071795855, -2.414385307179586, -0.30685999999999947, 3.0488000000000004, 1.5507400000000002, 3.0952, 0.7877900000000002, -2.500395307179586, -0.684731307179586, 2.3534100000000002, -1.2934983071795862, -2.439875307179586, -0.0], "kappa": [5.25366, 5.34104, 11.3195, 3.78105, 4.44296, 8.02137, 3.41893, 3.63782, 11.0005, 1.49826, 4.91576, 3.51969, 4.41465, 3.68301, 8.3408, 11.2163, 4.55203, 1.76717, 7.15228, 5.91979, 5.05865, 3.71365, 3.4764, 3.22715, 7.09302, 5.33382, 1.87596, 0.690985, 1.83769, 11.4079], "beta": 2.19697}