{"theta": [0.7880399999999996, -2.1044400000000003, 1.6283899999999996, 2.954685307179586, 0.0, -0.9418100000000003, -0.5976500000000002, -0.21151000000000053, -0.7651200000000005, 0.6321899999999996, 1.56806, 2.6391923071795858, -0.6787600000000005, -1.6026700000000003, -0.5253900000000002, 2.8634853071795856, 2.952745307179586, 2.858305307179586, -2.0683900000000004, 0.6398099999999998, -2.1491700000000002, -0.1903700000000006, 0.5500099999999994, 0.4610499999999993, 1.6198199999999998, -2.2025900000000003, 2.856965307179586, -2.0146900000000003, 1.44327, -2.1591500000000003], "kappa": [4.67072, 2.45536, 0.451687, 0.327477, 21.2113, 7.90152, 8.30428, 4.22118, 5.36353, 6.86291, 3.56737, 4.41641, 5.06844, 4.33845, 7.82845, 4.55141, 1.64174, 2.76222, 5.6374, 8.65743, 3.47998, 6.60847, 6.75397, 4.02954, 2.69685, 2.24058, 0.855352, 6.39801, 9.87603, 2.21686], "beta": 2.00924}