{"theta": [-1.41064, -2.93763, -0.012609999999999566, -1.7479299999999998, 1.2417499999999997, -2.93889, -2.9251, -1.3443899999999998, -0.013409999999999478, 2.5954253071795863, 3.0082153071795865, 1.2352800000000004, 1.2433700000000005, 1.2452899999999998, -1.7437399999999998, 2.6619053071795866, 2.658235307179586, 0.7689900000000005, -0.01297999999999977, 0.7199800000000005, -1.7479399999999998, -1.9892499999999997, 0.06911000000000023, 2.6675553071795863, -3.05039, 3.0098953071795864, 0.0, -1.4087, -1.9870099999999997, -0.01157999999999948], "kappa": [1.53093, 15.8407, 13.479, 4.07244, 15.4006, 0.683939, 16.8598, 8.80887, 2.07581, 16.8638, 7.15023, 11.4849, 11.4855, 2.61318, 8.59317, 1.81581, 1.85878, 3.86507, 24.3267, 49.4259, 2.21142, 2.15101, 7.17643, 11.2511, 6.1459, 1.69155, 57.2673, 4.95214, 10.9972, 30.9895], "beta": 1.17938}