{"theta": [2.38028, 1.48305, 2.7959, 2.42553, 3.1009800000000003, 1.90373, -3.1208153071795866, -0.16479, 0.0, 2.98355, 0.46033000000000013, 2.37659, 2.245, -0.6488480000000001, -1.6279653071795863, -1.6494353071795853, -1.3339053071795863, 0.48670000000000013, 0.68893, -0.6546210000000001, -1.2507753071795857, 0.45986000000000016, -3.1140153071795864, 0.49679000000000006, -1.647655307179587, 1.8909500000000001, -1.6401853071795855, -0.2890039999999998, 2.5632900000000003, 2.98155], "kappa": [6.99393, 8.74621, 5.19487, 8.35211, 3.64473, 4.36149, 5.24869, 6.06983, 31.3388, 3.56088, 13.8493, 4.43517, 5.1282, 4.36656, 6.01532, 2.82323, 6.21962, 2.05501, 5.69444, 5.86626, 6.45959, 7.52704, 4.21788, 5.54399, 2.84719, 3.41093, 4.31115, 9.34388, 4.87459, 4.55807], "beta": 1.77008}