{"theta": [-1.7615439999999998, -1.2741839999999998, -0.0, 2.1108413071795855, 1.4080013071795872, -2.117404, 2.2143013071795856, -2.719864, 0.21744900000000023, 1.4105613071795862, -2.3824739999999998, -0.6841039999999998, 1.408921307179586, 0.1749590000000003, -2.4820539999999998, -0.37184399999999984, 0.192091, 2.3211613071795862, -2.913484, 0.8924813071795867, -2.3708139999999998, -0.8275639999999997, -2.401334, 0.2828660000000003, -2.929664, 1.3105213071795863, -1.7597139999999998, 2.306671307179587, -2.886614, 0.5707050000000002], "kappa": [6.08058, 7.1068, 12.6328, 4.71498, 3.46464, 7.76893, 4.1886, 3.75341, 8.44986, 3.19161, 3.67934, 3.31846, 6.42429, 2.47865, 6.71629, 10.6279, 3.71211, 2.2243, 6.60256, 6.13739, 2.5319, 4.98319, 3.66624, 2.09018, 5.53346, 6.25034, 2.36502, 0.750129, 2.39986, 11.6783], "beta": 2.046}