{"theta": [0.06636400000000009, 1.6156123071795871, -2.326103, -1.904893, 2.729482307179586, 0.18509900000000012, -2.344173, -2.366033, 0.4348779999999999, -0.1250420000000001, 0.9144523071795856, 1.4045523071795856, 2.899882307179586, -2.353513, -2.417153, 0.08042799999999994, 2.2546123071795865, 2.7873823071795862, -0.4692329999999998, -0.8247229999999999, -1.918473, 0.5746739999999999, 0.8455223071795857, -2.9722329999999997, 1.4396723071795865, -1.897043, 2.7128423071795864, -0.18739799999999995, 0.10438600000000031, -0.0], "kappa": [7.78225, 4.93192, 4.69028, 12.4343, 8.74496, 5.29698, 4.29052, 4.09066, 6.91339, 2.48767, 3.39318, 2.73793, 5.49143, 1.36488, 8.07176, 7.62253, 8.6116, 10.2908, 6.81952, 6.31687, 9.72553, 12.181, 4.54862, 10.4815, 4.03731, 0.998401, 5.47185, 4.80932, 3.79567, 10.9303], "beta": 2.30823}