{"theta": [-1.7411490000000003, -2.8661653071795863, -0.11492000000000013, -1.6522789999999998, 1.3743199999999998, -2.866455307179587, -2.8794853071795865, -0.9904900000000001, 0.004389999999999894, 2.37195, 3.01476, 1.4125400000000001, 1.37924, 1.4163499999999998, -1.7394140000000002, 2.6188199999999995, 2.6217499999999996, 0.71587, -0.031480000000000175, 0.6098600000000001, -1.6229540000000002, -1.6218169999999998, -0.10713000000000017, 2.63141, -2.9927053071795866, 3.01673, 0.0, -0.9961660000000003, -1.667191, -0.10031000000000012], "kappa": [0.202598, 9.98696, 14.5666, 3.60209, 11.5685, 0.508712, 15.2321, 9.24243, 3.58834, 12.0033, 7.89976, 6.53406, 8.98796, 4.46327, 7.0186, 1.98088, 3.48386, 3.20749, 17.9182, 28.0184, 1.63906, 0.814984, 3.25552, 8.94996, 5.18129, 1.73282, 42.9021, 3.5688, 7.06069, 22.2798], "beta": 1.37404}