{"theta": [2.7579043071795866, 1.2785200000000003, 2.4187733071795865, 2.9590533071795866, -3.03512, 1.9343000000000004, -3.0301299999999998, -0.19362999999999975, 0.0, -3.1411799999999994, 0.4182300000000003, 2.7461283071795863, 2.7081553071795863, -0.6959799999999996, -1.2743099999999998, -1.5812699999999995, -1.2295899999999995, 0.41732000000000014, 0.5849200000000003, -0.31648999999999994, -1.1827299999999998, 0.4174100000000003, -3.02722, 0.4465400000000006, -1.5713599999999999, 1.9451600000000004, -1.5729799999999998, -0.8749199999999999, 2.7521893071795867, -3.1134999999999997], "kappa": [6.64488, 8.35731, 8.05584, 7.36635, 2.80328, 5.789, 3.89955, 5.99222, 35.0537, 3.20038, 15.0472, 3.9693, 4.38794, 4.7812, 6.78562, 2.28353, 5.08776, 2.36355, 5.42472, 5.96081, 5.35343, 7.69078, 3.02114, 6.02595, 3.72821, 3.98584, 5.20529, 11.032, 5.2962, 3.99433], "beta": 1.62075}