{"theta": [-0.29171999999999976, 1.6034800000000002, -0.007839999999999847, 1.6126000000000005, -2.3685399999999994, -2.7187699999999997, 2.8475573071795868, -2.47931, -0.9459699999999995, 0.23038000000000025, 0.9633100000000008, 2.134898207179587, -1.9354999999999998, 0.08689999999999998, 1.83134, -0.8687599999999995, 3.0011303071795865, -0.8694899999999994, -2.98717, -2.7081799999999996, -2.7133399999999996, -0.9005599999999996, -0.9110799999999997, -0.7360499999999996, -1.6003699999999998, 0.12197000000000013, 0.2755100000000006, 1.6103700000000005, 1.8008000000000006, 0.0], "kappa": [5.36982, 2.14235, 8.49506, 7.51425, 2.71258, 2.13723, 3.73573, 6.95045, 7.67994, 4.98563, 7.41217, 10.8654, 13.9869, 6.05444, 6.40447, 7.71415, 5.58042, 7.52246, 7.85272, 4.46101, 4.586, 4.9281, 3.58399, 7.72925, 11.0316, 10.1507, 6.64571, 3.12463, 8.7861, 18.7603], "beta": 2.2432}