{"theta": [-3.0441200000000004, -1.3690100000000003, -1.4084000000000003, 2.013563307179586, -2.0963800000000004, -3.1402600000000005, 0.24374999999999947, 2.808155307179586, 1.881178307179586, 2.2767053071795855, -1.4003800000000002, 1.8042683071795853, 0.18759999999999977, 2.7503553071795857, -2.9032200000000006, 2.814995307179586, 0.28700999999999954, -1.0405300000000004, -3.1195100000000004, -0.8370600000000001, 2.679825307179586, 2.2804153071795863, -1.1574400000000002, -0.6337400000000004, -2.56233, 2.2642753071795862, 0.32582999999999984, -1.4051600000000004, 0.8999799999999993, 0.0], "kappa": [3.22264, 6.29361, 1.11704, 9.92921, 7.50143, 8.03302, 3.75706, 9.90251, 7.13363, 0.586816, 2.72613, 7.90904, 1.38439, 4.5841, 6.25707, 0.194809, 1.01552, 3.75858, 4.2465, 4.6251, 3.5371, 3.79181, 3.8816, 11.3343, 5.42332, 6.12013, 5.87943, 5.19736, 3.99249, 17.601], "beta": 2.29446}