{"theta": [-0.05648999999999993, 2.6997400000000003, -1.089964, -0.06848999999999994, 0.07696999999999998, 0.7925899999999999, 2.0574500000000002, -1.4537653071795855, 0.7087300000000001, 1.606, -1.482115307179586, -0.637847, 3.0086700000000004, -0.6661620000000001, 1.98357, -2.2208853071795858, -2.2141353071795864, -0.6274499999999998, -2.250295307179586, 2.86986, -0.6378649999999999, 2.7424600000000003, 0.0, 2.89159, 3.0742400000000005, -1.4483853071795858, 1.9797900000000002, 3.0504300000000004, 2.01875, 0.36918000000000006], "kappa": [4.35262, 2.01605, 13.388, 5.55129, 4.6112, 3.54815, 16.2574, 3.70237, 8.82956, 13.4039, 3.85172, 9.81515, 4.78897, 6.73138, 2.88745, 0.996079, 3.52131, 5.01883, 11.5126, 2.98701, 2.1109, 4.66786, 21.6344, 1.29478, 4.24378, 3.70816, 2.88498, 9.25039, 8.57211, 7.00071], "beta": 1.91537}