{"theta": [-2.543413, 1.177462307179586, 1.3398723071795864, -2.9123229999999998, 2.917612307179586, 2.420492307179586, 1.6009123071795859, 2.188322307179586, -2.507513, 2.028762307179586, 3.009322307179586, -1.5727129999999998, -2.177503, -2.8464329999999998, 0.17566799999999994, 0.8479139999999998, -1.4481229999999998, -0.0, 0.7971020000000002, 0.16208199999999984, 2.107192307179586, 0.14806300000000006, -1.5724429999999998, 1.3770123071795863, -2.034103, -1.5158429999999998, -2.183233, 3.0583423071795863, 1.3543623071795858, -1.8178329999999998], "kappa": [6.06184, 6.40195, 2.72682, 4.26706, 10.2314, 10.9944, 10.1474, 6.59036, 3.11914, 2.76968, 7.29377, 4.51468, 5.44434, 8.63538, 4.4627, 7.94768, 10.6664, 19.5685, 2.16408, 6.25023, 12.2203, 4.43892, 0.312736, 1.96727, 3.37884, 4.14897, 0.445762, 2.61692, 5.0676, 6.80377], "beta": 2.05948}