{"theta": [2.3976853071795867, -1.22547, -1.59565, 1.6859623071795866, -2.49028, 2.404295307179586, 0.26274, 2.7703453071795865, 1.6351803071795867, 2.145556307179586, -1.50692, 1.485781307179586, 0.16340999999999983, 1.9142543071795863, 2.786755307179586, -2.62161, 0.27671000000000046, -1.13443, 2.4887553071795865, -1.0235599999999998, 1.8340443071795862, 2.155762307179586, -1.4874199999999997, -0.9478400000000002, -3.13659, 2.154161307179587, 0.32036, -1.5376599999999998, 0.6189, 0.0], "kappa": [3.07306, 7.44663, 2.53336, 6.68605, 8.60868, 7.02558, 3.40258, 13.1982, 6.02566, 0.664662, 3.7101, 7.01717, 1.65625, 3.1788, 7.04017, 3.42187, 0.732887, 3.70553, 4.31663, 4.15758, 3.09247, 2.62478, 1.85307, 12.6734, 4.24431, 4.72296, 6.88765, 5.00251, 4.77151, 16.4517], "beta": 2.37353}