{"theta": [-0.5622469999999997, 2.86276, -0.916487, -0.5760929999999997, -0.38648799999999994, 1.0616600000000003, 2.22027, -1.226605307179586, 1.0830000000000002, 2.2690900000000003, -1.245745307179586, 0.2749800000000002, -2.9938553071795857, 0.32164000000000015, 1.8228500000000003, -1.836025307179586, -1.835085307179586, 0.06600000000000006, -1.817375307179586, 3.10055, 0.3691700000000002, 2.95059, 0.0, -3.1036153071795862, -2.8524553071795857, -1.2257153071795859, 2.2577000000000003, -3.0922553071795864, 2.27769, 0.94618], "kappa": [3.59794, 2.25963, 12.3511, 6.2025, 6.10864, 4.26038, 16.0231, 3.89272, 7.996, 11.384, 3.93776, 11.2579, 5.01181, 5.50939, 3.91557, 1.41396, 3.28133, 7.34456, 8.74607, 3.23995, 3.3086, 4.56483, 17.2235, 2.19414, 5.14384, 2.66878, 2.00361, 8.20538, 8.52754, 7.8191], "beta": 2.23862}