{"theta": [-1.2142400000000002, -2.68844, 1.00001, -3.0349000000000004, 0.78268, -0.24835999999999991, -0.8561900000000002, 1.8105259999999999, 2.985475307179586, 1.987409, -0.8940700000000001, 0.9527699999999999, -0.17581999999999987, 2.030802, 2.7088881, 2.980635307179586, -0.8850899999999999, 0.8422799999999999, 2.353167, -1.18986, -0.78972, -3.00399, -0.0, 0.7917099999999999, 2.7115748699999997, 1.82504, -2.6792, -0.9913600000000002, 2.391413, 0.6839599999999999], "kappa": [4.71241, 2.38662, 4.70569, 7.58688, 8.62804, 8.06683, 3.47433, 5.22936, 3.20512, 4.93363, 5.03223, 12.3125, 3.96478, 2.97095, 0.662988, 4.33791, 11.9679, 5.3343, 3.62353, 5.49697, 12.2491, 4.89507, 21.9354, 3.82505, 11.1939, 4.09421, 3.91695, 6.81303, 9.89929, 16.7937], "beta": 1.87799}