{"theta": [-2.46761, -2.47314, -0.9336600000000002, -2.5438400000000003, 2.733593707179586, 2.732792107179586, 0.057989999999999764, 0.06705000000000005, -0.5243000000000002, -0.3194600000000003, -0.3161100000000001, 2.7329056071795863, -1.25495, -0.31153999999999993, 1.7366799999999998, 1.8313499999999996, 1.7426399999999997, 1.4431399999999996, 2.0868599999999997, 2.704469607179586, -2.902215, -0.5226100000000002, -1.32926, 1.5017899999999997, -2.40558, 0.0561499999999997, 1.7546799999999996, 0.0, -1.3296300000000003, -2.5353700000000003], "kappa": [5.08185, 3.73011, 16.6926, 2.75201, 2.34058, 4.10901, 4.58331, 1.64998, 1.52961, 3.26109, 4.87744, 4.06817, 3.56981, 4.98982, 5.77194, 5.33347, 0.538635, 2.02684, 13.1814, 19.8519, 18.9555, 5.16678, 2.8787, 12.7775, 15.0807, 1.39102, 5.31968, 25.5742, 1.61242, 0.924214], "beta": 1.5008}