{"theta": [2.6941883071795862, 1.2748483071795862, -2.399757, 3.1096183071795864, -1.424737, 2.6485283071795864, 0.40436099999999975, 1.4940383071795864, 2.3247183071795865, 0.001886999999999972, -2.233497, -0.3681969999999999, -0.14584399999999986, -2.278607, 3.044848307179586, -0.5645769999999999, -3.137037, -0.4219870000000001, -1.401257, 0.6653083071795862, -1.371107, 2.542308307179586, 1.3056183071795866, 0.18826699999999974, -0.0, 0.27211700000000016, -2.539647, 1.2749583071795865, -1.7740369999999999, 1.1133383071795864], "kappa": [3.24898, 9.68402, 3.80431, 10.2689, 4.96775, 2.42508, 6.41306, 5.5485, 5.00798, 9.6158, 5.34791, 4.31123, 5.46315, 6.19481, 8.91757, 5.2303, 13.7862, 4.49642, 1.14486, 11.5958, 9.87156, 12.6894, 15.6582, 4.91564, 16.7212, 3.66614, 5.13581, 4.48598, 11.952, 4.62316], "beta": 2.94792}