{"theta": [-1.066358307179586, -1.9303753071795864, 1.2010700000000005, -2.613945307179586, 0.8532500000000001, -0.0981399999999999, -1.0053473071795862, 2.34214, -2.7383153071795863, 2.42289, -1.0712723071795862, 1.0584800000000003, -0.0550499999999996, 1.9544199999999998, 3.04294, -2.806545307179586, -0.8890883071795859, 0.9850000000000003, 2.7267300000000003, -0.8615623071795859, -0.6566803071795864, -2.503175307179586, -0.0, 0.8736199999999998, 3.0430900000000003, 2.39651, -1.9275353071795864, -1.0213753071795857, 2.71797, 0.5378100000000003], "kappa": [5.68085, 0.569268, 4.01542, 4.90022, 10.7826, 7.58911, 7.27372, 5.47828, 3.22992, 5.21482, 2.59165, 10.8699, 3.71795, 4.93329, 0.451361, 4.89049, 11.2954, 5.57304, 3.53539, 5.99047, 12.1332, 5.52402, 24.4314, 4.1529, 9.67006, 4.00149, 4.33546, 7.13356, 8.39578, 14.9415], "beta": 1.98832}