{"theta": [0.31522000000000006, 1.75743, -0.7039169999999999, -1.985075307179586, -3.0679053071795863, 2.4480700000000004, 2.4662000000000006, 1.7907399999999998, -1.6514697, 0.6734600000000002, -2.3068553071795863, -1.7570853071795858, -2.6710153071795864, -2.2594353071795856, -1.9707953071795856, 2.49798, 1.8630699999999998, 2.1114499999999996, 1.10638, 0.35804000000000014, 0.47275999999999985, 2.0707500000000003, 0.8647799999999999, -3.0528853071795856, 0.8350199999999999, -0.7019949999999999, -0.6970509999999999, -1.7361553071795859, -3.1363553071795858, 0.0], "kappa": [2.795, 5.74302, 4.52358, 5.09375, 3.94291, 3.63591, 6.34914, 4.16425, 5.44125, 8.93876, 3.34341, 4.89121, 5.09058, 5.55739, 12.3856, 16.6435, 5.2289, 13.0718, 9.25391, 7.80145, 2.51323, 5.60034, 3.44457, 2.84311, 6.06681, 1.27365, 6.24501, 8.03856, 5.32741, 29.2149], "beta": 2.11318}