{"theta": [-1.6359469999999998, -1.773812, 0.0, 1.89513, 1.01214, -2.041529, 1.9726, -3.1255953071795863, -0.11291000000000029, 1.0145399999999998, -2.4650527, -0.57454, 1.0066899999999999, -0.0931700000000002, -2.6269253071795866, -0.5387900000000001, -0.36331999999999987, 2.03325, 3.1409000000000002, 0.5910199999999999, -2.4254508, -1.4855200000000002, -2.4755871000000003, -0.3691200000000001, -3.1235053071795864, 0.9695100000000001, -1.637695, 2.0336, -3.134025307179586, 0.5925500000000001], "kappa": [4.89274, 4.44199, 13.2643, 4.33918, 4.51539, 8.567, 3.8434, 5.28585, 7.8326, 2.87336, 4.98739, 1.96191, 6.45168, 3.61912, 8.26103, 11.4234, 3.29973, 1.54494, 6.8487, 5.65014, 5.00104, 2.48114, 4.87242, 3.16411, 6.96767, 6.33372, 1.54041, 0.481612, 1.8613, 11.6876], "beta": 1.8006}