{"theta": [0.2226600000000003, 2.0481243071795863, 0.0, 0.019099999999999895, -2.2562, -3.04192, -3.04479, 0.6719600000000003, 2.363260307179586, 2.0426363071795866, 0.33072000000000035, 1.9688433071795863, 2.043388307179586, 0.3562099999999999, 1.8925012071795866, -0.7587999999999999, 0.013889999999999958, -3.11858, 1.5781900000000002, 0.01670999999999978, -2.25468, 2.362507307179586, -2.27384, -0.8315100000000002, -2.31717, 3.058345307179586, -1.51993, -2.26314, -0.7585199999999999, -1.6108000000000002], "kappa": [21.4156, 2.71963, 43.2839, 2.39718, 3.52265, 2.35781, 0.293845, 24.0643, 0.350174, 2.50523, 7.91015, 6.2033, 1.44681, 21.1216, 5.58853, 10.0233, 9.5931, 11.0132, 4.04352, 3.7081, 1.83858, 3.32277, 13.1136, 12.3558, 4.79944, 29.8689, 9.13988, 12.9444, 8.12152, 6.0841], "beta": 1.58631}