{"theta": [2.794550307179586, 1.4997799999999994, 2.130466307179586, 2.9384653071795857, -2.8633500000000005, 2.426687307179586, -2.89705, -0.31748000000000065, 0.0, -2.7217300000000004, 0.4197899999999999, 2.762852307179586, 2.622209307179586, -0.6898000000000004, -1.1711500000000004, -1.6135400000000004, -1.1660600000000003, 0.41505999999999954, 0.6053199999999999, -0.42359000000000036, -1.1015000000000001, 0.4146700000000001, -2.9157300000000004, 0.44546999999999937, -1.5932600000000003, 2.1531403071795854, -1.5895000000000001, -0.8971600000000004, 2.797658307179586, -2.76494], "kappa": [7.65247, 10.3041, 7.39364, 9.41428, 3.23217, 3.25868, 4.49035, 7.49371, 25.4683, 4.76586, 14.3642, 4.60363, 8.13076, 4.42844, 5.20095, 4.14248, 5.27015, 2.51827, 5.98879, 5.7925, 6.68245, 7.91291, 3.21189, 6.30873, 2.70927, 3.51951, 2.62618, 10.4108, 6.04236, 5.213], "beta": 1.6534}