{"theta": [-1.8340000000000005, 1.5064899999999994, -1.3801700000000006, 2.6692799999999997, -1.92368, -0.0, -0.41547, -1.8970800000000008, -0.4171700000000005, -0.6382300000000001, 2.9928099999999995, 1.0512899999999998, 2.99491, -1.3764800000000008, 0.8898499999999996, -0.9242300000000006, 1.5074899999999998, 0.8891899999999997, 3.1413399999999996, 0.9011999999999998, 2.6167299999999996, 1.7556799999999995, 0.9310299999999998, -1.92328, 2.9941699999999996, -3.0844353071795867, -0.36411000000000016, -1.6321700000000003, 2.9959599999999997, -0.6384600000000002], "kappa": [13.7145, 4.80128, 12.5065, 5.22544, 4.62724, 30.9907, 0.673955, 2.47676, 4.90136, 7.4828, 3.71834, 16.4433, 23.8756, 3.09786, 1.42338, 7.02029, 1.70484, 5.77071, 15.4348, 2.70061, 15.8586, 11.4049, 3.43103, 0.94403, 0.465563, 3.16758, 22.2485, 10.7868, 5.6188, 3.98904], "beta": 1.35956}