{"theta": [-2.3772863071795864, 0.009155999999999942, 2.168189, -2.2327463071795863, -1.9452563071795863, 0.0, -0.20908700000000024, -0.6754463071795866, -0.8673063071795868, 0.4715959999999999, -0.8621063071795865, 1.5745689999999999, 0.009556999999999594, 0.4074919999999995, 0.8553889999999997, -2.2381863071795864, 2.578569, -0.8657163071795866, 2.695849, 2.283829, -2.2417963071795866, 1.6473489999999997, 2.285849, 1.5786889999999998, 1.6173389999999999, 0.36577199999999976, -1.9340063071795868, -2.5586563071795867, -0.5704363071795866, -1.9152263071795863], "kappa": [7.61715, 0.546742, 11.3217, 5.35528, 5.31279, 16.706, 6.72904, 5.3994, 0.502508, 10.8394, 5.88386, 6.40792, 5.37428, 4.82946, 6.38683, 0.518686, 9.86975, 4.46078, 7.24826, 2.39821, 2.91009, 4.47646, 6.64554, 6.0152, 4.45241, 6.19305, 3.9923, 7.29278, 9.70632, 4.27503], "beta": 1.92314}