{"theta": [0.2840419999999999, 1.3742433071795865, -2.3584620000000003, -2.0509720000000002, 2.877643307179586, 0.534141, -2.3526920000000002, -2.436812, 0.05898199999999987, 0.3146799999999996, 1.9396233071795859, 1.3407433071795865, 3.0584233071795857, -2.3882320000000004, -2.372652, 0.7607809999999997, 2.4781433071795864, 3.0239633071795864, -0.38610200000000017, -0.6651820000000002, -2.0081320000000003, 0.7282829999999998, 1.8340233071795868, -3.030222, 1.3414333071795852, -1.995002, 2.8232533071795864, -0.19299199999999983, 0.0022439999999996907, -0.0], "kappa": [8.9977, 4.20292, 4.30919, 12.4016, 7.65268, 5.13269, 4.07661, 5.64765, 7.39512, 2.11699, 4.55729, 3.02019, 5.01967, 1.65764, 7.31262, 9.86781, 7.49749, 10.1992, 6.38649, 6.85774, 8.86601, 13.3297, 5.61552, 7.64057, 2.90479, 1.22504, 5.2159, 4.47378, 4.11376, 12.4081], "beta": 2.61808}