{"theta": [-2.38773, -0.8407, 1.48726, -2.2928699999999997, -1.9770899999999998, 0.0, -0.23823999999999979, -0.6400199999999998, -0.8399999999999999, 0.38488999999999995, -0.6480199999999998, 1.8390700000000004, -0.22632999999999992, 0.28835000000000033, 0.8960600000000003, -2.28706, 2.4518200000000006, -0.66879, 2.4728000000000003, 2.4654800000000003, -2.29379, 1.9230100000000006, 2.45587, 1.9489900000000002, 1.9436600000000004, 0.2719400000000003, -1.9712399999999999, -2.5173129999999997, -0.5544599999999997, -1.9693999999999998], "kappa": [7.91891, 1.44662, 12.3711, 4.49, 4.50274, 22.7892, 6.80135, 4.13008, 1.40414, 13.3734, 4.25245, 7.1632, 6.79751, 5.20128, 7.19241, 0.628641, 12.4919, 4.47357, 5.11419, 1.11494, 3.06711, 4.49374, 6.5312, 7.96179, 4.54961, 6.90912, 6.00907, 7.97915, 9.4187, 4.4117], "beta": 1.54863}