{"theta": [0.08839999999999981, 2.17884, 0.56501, 2.2228, -2.567465307179586, -3.0231653071795863, -2.2888353071795864, -2.645405307179586, -0.5330680000000001, 0.95676, 1.4853100000000001, 2.5349399999999997, -1.9609453071795864, 0.9074499999999999, 2.41744, -0.7110190000000003, -2.278165307179586, -0.6663110000000003, -2.9920953071795866, -2.9198553071795867, -2.953685307179586, -0.7709770000000002, -0.919505, -0.3609800000000001, -1.649555307179586, 0.9495299999999998, 0.9971399999999999, 2.1597399999999998, 2.43808, 0.0], "kappa": [6.45444, 2.33617, 9.80373, 6.77581, 2.33619, 3.93381, 0.635837, 6.09324, 7.83052, 5.80686, 9.75508, 6.94835, 13.3188, 7.11888, 5.21056, 9.31117, 4.65088, 9.17515, 7.32738, 4.9432, 4.85568, 6.26427, 4.50368, 9.27702, 11.332, 13.0819, 5.78877, 4.63814, 7.89671, 15.9696], "beta": 2.50776}