{"theta": [-0.10429999999999984, -2.9639253071795864, -0.51803, -0.2126199999999998, -0.017160000000000064, 1.4979300000000002, 2.4741299999999997, -0.87042, 1.4436800000000005, 2.67608, -0.9127999999999998, 0.6695000000000002, -2.596931, 0.5074100000000001, 2.37338, -1.5831, -1.5825799999999999, 0.10385, -1.6123299999999998, -2.85926, 0.59091, -2.9608253071795865, 0.0, -2.7739484, -2.52688, -0.8794199999999999, 2.4171700000000005, -2.7672514, 2.5752800000000002, 1.3793699999999998], "kappa": [3.95958, 1.39893, 12.1068, 5.77734, 5.11221, 4.3734, 15.1409, 3.62318, 8.57708, 12.1951, 3.74706, 11.2444, 5.55442, 7.76104, 3.35618, 1.35803, 3.50552, 5.62211, 10.4172, 3.49169, 4.2152, 2.23885, 17.5045, 2.54961, 3.55614, 3.61171, 3.08979, 9.55914, 8.62295, 7.12453], "beta": 2.05884}