{"theta": [-0.9693200000000002, 2.101519, 0.41371, 2.123151, -2.1423399999999995, -2.81704, 2.906403, -2.3718999999999997, -0.6947199999999998, 0.7227200000000003, 1.49411, 2.471137, -1.77373, 0.6918800000000003, 2.23155, -0.48869000000000007, 3.0532999000000003, -0.5272699999999997, -2.9111800000000003, -2.7109900000000002, -2.75018, -0.6135699999999997, -0.6378599999999999, -0.5553599999999999, -1.3804399999999997, 0.5801600000000002, 0.6848399999999999, 2.05133, 2.301674, -0.0], "kappa": [4.10222, 1.94015, 8.83781, 5.25135, 3.23616, 3.78544, 3.34119, 7.76656, 5.8462, 5.97995, 9.5807, 8.40556, 13.6319, 7.52493, 4.78244, 7.90114, 5.37494, 9.12279, 7.6657, 5.16064, 5.04354, 4.52105, 3.36117, 7.9281, 10.5878, 13.8515, 7.49294, 4.48004, 7.63434, 15.767], "beta": 2.46458}