{"theta": [2.757003, -1.2719923071795858, -1.2904323071795858, 1.661423, -2.346512307179586, 2.613253, 0.26389299999999993, 3.052343, 1.631383, 2.254723, -1.1965523071795872, 1.9138129999999998, 0.14741399999999993, -2.9717123071795863, 2.873283, -2.537602307179586, 0.264923, -0.8654323071795869, 2.8874429999999998, -0.8112723071795855, 1.524823, 2.256303, -1.1240723071795866, -0.7482633999999999, -2.5524823071795866, 2.248253, 0.267493, -1.3461523071795867, 2.590033, 0.0], "kappa": [3.18241, 5.94027, 2.12902, 11.0363, 8.02503, 7.20668, 3.64556, 12.0457, 7.80247, 0.49306, 3.25205, 7.2114, 1.93663, 6.16803, 5.48417, 3.04572, 0.517153, 4.17273, 4.3122, 2.73919, 4.87125, 4.04304, 3.67126, 12.4222, 4.44585, 6.27263, 5.71277, 5.32381, 1.64986, 20.5772], "beta": 1.86491}