{"theta": [2.589735307179586, 1.5252253071795856, -2.4902300000000004, 3.029675307179586, -1.9737700000000005, 2.5602953071795858, 0.4866243071795857, 1.3571253071795857, 2.1192653071795853, 0.19571999999999967, -2.6463000000000005, -0.32425000000000015, -0.21779000000000082, -2.3899900000000005, 2.9979853071795857, -0.5401500000000006, 3.1062353071795856, -0.4051400000000003, -1.7066500000000007, 0.8184253071795862, -1.7037600000000008, 2.396215307179586, 1.3350293071795853, 0.1556299999999995, 0.0, 0.3477787771795864, -2.3233600000000005, 1.1101053071795857, -2.0380200000000004, 1.0427503071795856], "kappa": [3.74735, 8.00251, 4.283, 9.96574, 3.51219, 2.78905, 6.68219, 5.29106, 4.1657, 8.5813, 4.7961, 4.49623, 4.35123, 5.48673, 7.64689, 5.67968, 15.1524, 7.08748, 0.573168, 11.0226, 12.0717, 12.1494, 14.6273, 6.4259, 17.8792, 3.97464, 5.93674, 3.51964, 15.1644, 3.47663], "beta": 2.83482}