{"theta": [-0.0657899999999998, 1.61822, -0.0, -0.5764500000000004, -2.4516693071795865, 2.9474599999999995, 2.94658, -0.038000000000000256, 1.9060599999999996, 1.6185, -0.08821000000000012, 1.5192299999999999, 1.6265999999999998, -2.7734353071795863, 1.2011599999999998, -1.5056700000000003, -0.5771899999999999, 3.0019599999999995, 1.46508, -0.5900300000000005, -2.448616307179586, 1.90855, -2.4454123071795864, -1.1498300000000006, -2.5032273071795865, 3.0319399999999996, -1.7986983071795866, -2.4748673071795864, -0.08504000000000023, -1.7841173071795868], "kappa": [23.5346, 2.98993, 37.2923, 5.37496, 2.56212, 1.80755, 0.10518, 23.1218, 0.451226, 3.21371, 5.78433, 6.93176, 1.88289, 17.0417, 7.9952, 16.1787, 9.0247, 13.5147, 3.35215, 5.43515, 1.80095, 3.58495, 9.26195, 13.7395, 3.82627, 33.8909, 10.7214, 14.6758, 8.06233, 7.00072], "beta": 1.46491}