{"theta": [2.52905, 1.29358, -2.4880299999999997, 2.817248, -1.54353, 2.5092600000000003, 0.40268000000000015, 1.45573, -3.026476307179586, 0.05991999999999997, -2.3418300000000003, -0.4265300000000001, -0.21403000000000016, -2.35709, -2.955767307179586, -0.5851799999999998, -3.132401307179586, -0.47416999999999954, -1.5113999999999996, 0.70885, -1.4259099999999996, 2.44334, 1.3252899999999999, 0.12134, -0.0, 0.26594000000000007, -2.659864307179586, 1.2206899999999998, -2.19577, 1.0868099999999998], "kappa": [3.92391, 9.91381, 4.51241, 8.08853, 5.31299, 2.69314, 6.58477, 5.46547, 3.1363, 8.67576, 5.17955, 4.62005, 5.54762, 6.37563, 6.13745, 4.2167, 14.1108, 6.78724, 1.67455, 11.7601, 10.0704, 11.8571, 16.3025, 6.43655, 18.0465, 4.03364, 4.83594, 4.48095, 13.1805, 4.68843], "beta": 2.72114}