{"theta": [-1.82024, -0.5356800000000002, 2.974935307179586, -1.7691500000000002, -1.3791600000000006, 0.0, 0.41470999999999947, -0.19364000000000026, -0.5104100000000003, 1.163425307179586, -0.40252, 2.4821553071795863, 0.43240999999999996, 1.062762307179586, 1.7371633071795856, -1.77014, 3.085805307179586, -0.3475999999999999, -2.9741000000000004, 3.134915307179586, -1.7715300000000003, 2.5149453071795858, 3.114715307179586, 2.483285307179586, 2.515585307179586, 0.9845593071795857, -1.3518500000000007, -1.9784800000000002, 0.6020899999999996, -1.37711], "kappa": [7.20759, 2.47963, 9.27274, 2.76057, 4.25995, 23.9479, 5.51351, 5.83418, 2.3852, 12.7121, 6.38461, 5.72108, 6.96965, 5.57508, 7.15912, 0.397415, 11.1368, 5.1366, 6.17859, 3.20414, 2.59585, 4.26529, 4.94893, 5.72631, 4.08638, 6.93588, 4.33476, 7.21776, 10.4896, 4.27089], "beta": 1.78096}