{"theta": [-0.6522300000000003, -1.9675113071795867, -0.0, -0.4233900000000004, 2.50745, -3.1330353071795862, -3.133815307179586, -0.7610299999999999, -2.344070307179586, -1.9621133071795862, 0.24617000000000022, -1.865547307179586, -1.964596307179586, 2.80563, -1.7828356071795861, 0.9939399999999998, -0.3979600000000003, 3.09875, -1.4698700000000002, -0.36153999999999975, 2.38372, -2.3419143071795863, 2.42762, 0.2932800000000002, 2.53375, 3.04399, 1.2303099999999998, 2.52419, 0.26759999999999984, 1.2117900000000001], "kappa": [22.4774, 2.902, 39.7336, 6.52422, 5.09029, 1.64692, 0.160177, 16.8502, 0.458726, 2.8723, 4.3675, 7.11692, 1.89526, 15.646, 6.59807, 17.4775, 12.5183, 11.9308, 4.18255, 6.2901, 3.06808, 3.53487, 14.954, 12.0941, 3.66205, 28.9756, 12.4585, 17.2584, 6.03843, 7.97501], "beta": 1.47707}