{"theta": [-2.6297200000000003, 2.526865, -0.0, -1.7276500000000001, 0.8700599999999996, 0.05555999999999983, 1.3141699999999998, -1.75259, -1.96761, -2.8935100000000005, -2.4634900000000006, 2.6032819999999997, 1.3751499999999999, -0.4426000000000001, 0.10647999999999991, 2.7057949999999997, -2.45368, -2.9651100000000006, 0.97837, 1.2444099999999998, 2.2160119999999996, 0.65211, -1.6933900000000004, 2.58567, -0.5586100000000003, -0.60941, -1.2974400000000004, 0.026289999999999925, 1.20199, -0.5678800000000002], "kappa": [5.93186, 4.89289, 25.6779, 3.86649, 12.004, 5.37442, 4.21865, 2.80266, 4.8636, 5.90356, 7.22138, 3.54798, 5.78924, 3.96206, 3.80822, 11.9833, 5.07469, 3.61484, 4.97944, 3.90899, 5.06701, 2.27987, 4.0635, 2.51357, 4.7707, 2.32953, 6.11424, 5.45325, 8.69555, 3.33434], "beta": 2.26029}