{"theta": [-1.9462753071795866, -1.9452753071795863, 1.2855999999999996, -2.0072553071795864, 3.0446999999999997, 3.04905, 0.02102999999999966, 0.02736999999999945, 0.7854799999999997, 0.3378299999999994, 0.3215199999999996, 3.0607599999999997, -0.38662000000000063, 0.28731999999999935, 2.4544599999999996, 2.3684799999999995, 2.45625, 1.5554699999999997, 2.1422399999999997, 3.0191199999999996, -2.417365307179587, 0.7548899999999996, -0.8139200000000004, 1.9635899999999995, -2.1197653071795868, 0.02878999999999987, 2.4536999999999995, -0.0, -0.8163800000000005, -1.9525453071795864], "kappa": [5.57868, 1.14013, 11.4109, 3.52741, 2.74454, 2.73529, 3.7241, 2.37479, 3.36737, 3.17366, 4.50358, 4.24792, 6.26463, 5.77791, 5.0312, 4.43479, 0.337696, 2.81993, 9.97002, 12.4693, 14.8391, 4.57172, 4.15899, 9.16862, 13.9011, 0.969078, 4.46035, 19.8983, 2.59133, 1.09805], "beta": 1.93742}