{"theta": [-2.59377, -0.18291000000000013, 1.9697399999999998, -2.50303, -2.1970799999999997, -0.0, -0.43605000000000027, -0.8567499999999999, -1.0416800000000004, 0.3894199999999999, -1.0475500000000002, 1.4686299999999999, -0.19525000000000015, 0.27242999999999995, 0.7870599999999999, -2.5091, 2.16919, -1.0238199999999997, 2.332224, 2.19979, -2.51074, 1.6274199999999999, 2.1506499999999997, 1.5413599999999998, 1.5655, 0.2669999999999999, -2.1260700000000003, -2.6698399999999998, -0.6808399999999999, -2.1317500000000003], "kappa": [5.83163, 2.39313, 11.2704, 5.97351, 5.85757, 16.9965, 6.85081, 5.402, 2.209, 11.7709, 6.33212, 5.05364, 6.09249, 5.12261, 6.51967, 0.348999, 11.572, 3.71738, 6.06651, 3.21807, 2.94165, 3.30327, 6.4935, 7.07448, 3.27017, 6.65999, 6.1386, 4.73404, 9.84085, 4.54359], "beta": 1.75615}