{"theta": [1.7018300000000002, -0.29213999999999984, 2.464873307179586, 1.8142199999999997, -2.90655, 1.17157, -1.0257, 0.20306999999999942, 1.31032, -1.32099, 2.303148307179586, -1.7255800000000003, -1.56881, 2.601250307179586, 1.6528799999999997, -1.90632, 1.29047, -1.81792, -2.90538, -0.7014400000000003, -2.93562, 1.2429899999999998, 0.0, -1.3094900000000003, -1.77759, -1.1682700000000001, 2.692813307179586, -0.0874700000000006, 2.977695307179586, -0.3289900000000001], "kappa": [2.42161, 7.72035, 4.7067, 8.57548, 4.99688, 1.33209, 6.58941, 5.25872, 4.49316, 7.97926, 5.03722, 4.0854, 4.86826, 6.15551, 7.49473, 5.27056, 14.6254, 6.66049, 1.18061, 11.5837, 11.8643, 11.9913, 16.3753, 5.76806, 12.2104, 4.11309, 6.60601, 5.15927, 14.7021, 5.25691], "beta": 2.94736}