{"theta": [2.4371100000000006, -2.6336399999999998, 0.7776200000000006, 2.54748, -0.3144499999999999, -2.6400799999999998, -2.64182, 1.8949600000000002, 0.7811500000000002, -1.2023199999999998, -2.2961, -0.30077, -0.31145999999999985, -0.3123899999999997, 2.54335, -1.9092899999999997, -1.9116799999999998, 0.27466000000000035, 0.2742500000000003, 0.2728600000000001, 2.5465, 2.6016153071795864, 0.40641000000000016, -1.9145999999999999, -2.5879, -2.296, 0.0, 2.4366900000000005, 2.6057035271795863, 0.78348], "kappa": [6.19881, 67.4371, 83.0706, 10.342, 34.4792, 2.34709, 82.1941, 57.4778, 6.61464, 72.7462, 37.5361, 35.2283, 52.8105, 14.2193, 25.6969, 9.67623, 9.59262, 4.1381, 72.9962, 147.887, 5.13183, 4.83211, 35.1245, 62.3408, 21.4345, 5.05707, 236.7, 18.2558, 32.0588, 103.786], "beta": 1.00505}