{"theta": [2.3296453071795864, -0.9526599999999998, -1.5177299999999998, 1.3803162671795866, -2.6258899999999996, 2.192771307179587, 0.3156800000000004, 2.7931353071795866, 1.5047283071795867, 1.8793973071795866, -1.4561599999999997, 1.6264663071795864, 0.2626300000000006, 1.2338000000000005, 2.7535653071795867, -2.7238999999999995, 0.3651100000000005, -0.9946799999999998, 2.4325053071795866, -0.9390699999999996, 1.2915800000000006, 1.8814173071795866, -1.2478499999999997, -0.7989799999999994, -2.7678999999999996, 1.8760933071795867, 0.4283600000000005, -1.5260699999999998, 0.5458100000000004, 0.0], "kappa": [3.72422, 6.7179, 2.8521, 7.88206, 6.84012, 8.42356, 3.39532, 13.5253, 5.49175, 0.414571, 4.01349, 5.52661, 1.69684, 3.78681, 8.01744, 3.41155, 1.34495, 3.74081, 5.5862, 3.50754, 3.42997, 3.55392, 3.19278, 10.8694, 6.72055, 5.64858, 6.21146, 5.45851, 3.67925, 17.5937], "beta": 2.0476}