{"theta": [0.8053300000000005, -0.0, 2.58637, 0.5396900000000002, -2.382585307179586, -2.173305307179586, -2.811925307179586, 2.7270100000000004, -1.8142253071795862, 1.2288300000000003, -1.7786753071795864, 0.9413499999999999, -0.28803999999999963, 2.50759, -0.26058999999999966, 0.2401800000000005, -1.8137453071795857, 0.2995700000000001, 2.47785, 1.2434900000000004, 2.3248, -0.29319000000000006, 1.1757900000000001, -2.610185307179586, 0.26052000000000053, -0.6485983071795864, 2.6575800000000003, 2.75654, 1.6055400000000004, -2.015525307179586], "kappa": [4.08603, 14.9496, 15.6369, 3.14634, 2.87339, 6.02005, 5.7106, 1.64404, 2.52926, 6.9433, 3.95905, 5.83827, 2.24101, 1.6597, 9.92756, 4.4431, 3.83981, 4.31702, 4.3926, 2.25045, 3.98156, 3.77165, 5.66844, 8.32551, 5.6027, 11.0074, 10.3048, 7.81566, 11.7912, 3.76032], "beta": 2.02903}