{"theta": [-0.05402500000000021, 1.0941443071795867, -2.589021, -2.228691, 2.6185443071795866, -0.23945099999999986, -2.566581, -2.655261, -0.4064209999999999, 0.12152800000000008, 1.6901343071795862, 1.0605143071795862, 2.607044307179586, -2.622061, -2.654141, 0.4105080000000001, 2.203674307179586, 2.9580243071795866, -0.528221, -0.9424809999999999, -2.176111, 0.4801199999999999, 1.5688143071795864, 3.0418843071795862, 1.0547643071795862, -2.204711, 2.5557943071795863, 0.055441000000000074, -0.07084199999999985, -0.0], "kappa": [6.59068, 4.34904, 3.94693, 11.5115, 7.91447, 5.94655, 4.22625, 5.48414, 8.49841, 1.75075, 4.84123, 2.99825, 2.27958, 1.61082, 5.38803, 10.2756, 7.90706, 9.87776, 7.75817, 6.08545, 9.36894, 12.9989, 5.57887, 9.92178, 3.11041, 1.17385, 4.92338, 3.92976, 4.17766, 11.5467], "beta": 2.57353}