{"theta": [-0.3664200000000002, 1.8298199999999998, 0.004049999999999887, 1.79852, -2.8992753071795865, 3.00473, -2.633945307179586, -2.9801453071795865, -1.0405229999999999, 0.50265, 1.03225, 2.2555899999999998, -2.2602853071795863, 0.2854399999999999, 2.0023, -1.080861, -2.5884153071795866, -1.020797, 3.0890799999999996, 3.1180799999999995, 3.07898, -1.111074, -1.164831, -0.8135300000000001, -1.949435307179586, 0.4329099999999997, 0.41874999999999973, 1.72905, 1.59688, 0.0], "kappa": [6.1689, 2.43375, 9.5094, 7.28409, 2.76628, 4.02201, 2.38132, 4.86818, 7.04833, 5.62545, 9.58985, 9.53511, 11.8538, 8.28057, 5.78447, 7.34398, 4.94466, 8.99916, 5.93113, 4.63397, 4.71757, 6.08523, 4.96681, 8.75973, 10.9319, 9.86801, 6.88357, 4.87339, 6.73116, 19.418], "beta": 2.50684}