{"theta": [0.43296000000000023, 1.65222, -0.5784199999999999, -1.644483, 3.05886, 2.4911900000000005, 2.58235, 1.8044300000000002, -1.235326, 0.49299000000000004, -1.9218253071795859, -1.3319019999999997, -2.8292853071795863, -1.7972399, -1.656528, 2.6009700000000002, 1.7984700000000002, 2.15433, 1.0825000000000002, 0.39795, 0.42252999999999985, 1.86569, 0.8836899999999999, -3.037745307179586, 0.8494300000000001, -0.57256, -0.5599099999999999, -1.4111490000000002, 2.9328400000000006, 0.0], "kappa": [1.12765, 5.24247, 4.30182, 4.73496, 4.18742, 4.25433, 6.85331, 5.36659, 5.50035, 9.07845, 3.41055, 5.0242, 4.70959, 3.81787, 12.3105, 17.3535, 5.0267, 12.7082, 7.08182, 7.18533, 2.66187, 6.47405, 3.54016, 3.53845, 5.78025, 0.856794, 5.88798, 7.63718, 3.21979, 24.4046], "beta": 2.69646}