{"theta": [-2.0485100000000003, 0.0010199999999995768, 2.760725307179586, -1.9348200000000002, -2.62339, 0.0, 0.3691633071795861, -0.3730000000000002, -0.5333500000000004, 1.0402903071795855, -0.5302300000000004, 2.353575307179586, 0.3295863071795857, 0.8484433071795863, 1.496425307179586, -1.9368500000000006, 2.932165307179586, -0.5211100000000002, 3.006165307179586, 2.9761053071795858, -1.9466600000000005, 2.374805307179586, 2.955915307179586, 2.326975307179586, 2.358065307179586, 0.8300933071795864, -2.6386000000000003, -2.3149800000000003, 0.6830063071795855, -2.0611000000000006], "kappa": [6.94703, 3.52205, 11.4485, 4.99864, 3.55365, 26.718, 7.12325, 6.28931, 2.02725, 13.0491, 5.34735, 6.14916, 7.27359, 5.04711, 7.19617, 0.631232, 11.1638, 5.31132, 4.45183, 2.99248, 3.6124, 3.90754, 5.97994, 7.30497, 3.97912, 6.66037, 5.00289, 7.27258, 8.55087, 1.64655], "beta": 1.58852}