{"theta": [2.1176222071795863, 1.9562222071795858, 0.2989722071795864, -1.3766931000000002, -0.7530421, 2.603132207179586, -1.4754731, -2.6985131, 0.5956322071795865, -0.5253921000000004, 2.9581222071795863, 0.9801422071795862, -0.6661801, 0.4495622071795857, 3.1333522071795863, 0.9445522071795862, 0.6492122071795858, -1.5194831000000002, -2.6065031000000003, -0.035950099999999985, 2.717422207179586, 1.9791722071795865, 3.092992207179586, 0.7042122071795864, -2.7186331, -0.5170421000000003, 2.1936122071795863, -1.5211831, -2.6755231, -0.0], "kappa": [5.07655, 5.26422, 12.2976, 4.44787, 4.82257, 7.94259, 3.60039, 5.41288, 10.2527, 2.77386, 5.04503, 2.12043, 5.62202, 3.36627, 7.59739, 10.6735, 4.10839, 1.36422, 6.99171, 4.17508, 4.40393, 3.02903, 3.97823, 2.72302, 6.85217, 6.50825, 2.28909, 0.346216, 1.97134, 12.6272], "beta": 2.10637}