{"theta": [3.057341, 2.19895, -0.0, -2.0435199999999996, -0.9669199999999996, -0.20600999999999958, -1.22552, -2.04431, -2.2281599999999995, 2.8035, 3.1042300000000003, 2.2005100000000004, -1.2403499999999998, 0.86008, -0.20494000000000012, 2.2245500000000002, 3.1289540000000002, 2.79902, -1.01219, -1.10643, 1.8265600000000002, -0.7964699999999998, -2.0192799999999997, 2.2021100000000002, 0.8824200000000002, 0.9295599999999999, -0.49635000000000007, -0.20034000000000018, -1.1011899999999994, 0.8819400000000002], "kappa": [6.05098, 5.58111, 31.4759, 3.75436, 10.7023, 4.93252, 5.71583, 3.73089, 7.07269, 5.95315, 7.84119, 3.35053, 7.80083, 2.21494, 3.19099, 15.9604, 4.58688, 3.09613, 4.21973, 3.74134, 7.18681, 2.04327, 3.87372, 1.37373, 3.44564, 2.80821, 6.11572, 4.97263, 8.61292, 3.46986], "beta": 1.57855}