{"theta": [2.4965699999999997, 2.367975, 0.4805299999999999, -1.10317, -0.5340700000000003, 2.717301, -1.20276, -2.6167700000000003, 0.7836699999999999, -0.5281700000000003, -3.10835, 1.4470699999999999, -0.5271400000000002, 0.68723, -2.7587300000000003, 1.3045799999999999, 0.87181, -1.2262, -2.4544600000000005, -0.14561000000000002, 3.127985307179586, 1.4533699999999998, -3.14134, 0.97729, -2.48873, -0.4650500000000002, -2.27181, -1.2260500000000003, -2.4629, -0.0], "kappa": [6.60758, 5.4913, 14.1048, 4.30225, 2.56421, 9.02257, 3.61889, 4.1546, 11.0639, 2.55375, 5.13927, 2.87303, 5.78813, 3.5688, 6.79001, 9.57803, 4.51215, 1.05478, 6.0182, 5.92168, 5.15332, 2.9368, 3.73466, 3.52784, 6.13252, 5.63888, 2.53179, 0.0740332, 0.772249, 14.3905], "beta": 1.89695}