{"theta": [1.27453, 2.541615, -2.6332, -2.4956599999999995, -1.2555099999999997, -2.5034199999999998, 1.53132, -0.46457000000000015, 1.59737, -1.0169799999999998, 2.760381, -0.10787999999999975, 1.53704, -2.4576299999999995, 2.1167100000000003, -0.8468500000000003, -2.6458299999999997, -0.0, 2.641443, 2.34926, -2.8797003071795864, -0.9190499999999999, -0.11497000000000002, 0.88612, 2.0481, -0.9839199999999999, 2.19301, 1.85286, -0.9086099999999999, -0.34350000000000014], "kappa": [10.4061, 3.1891, 3.61029, 3.09003, 11.3447, 6.04476, 2.24612, 3.377, 3.36977, 3.5873, 5.38376, 6.78045, 2.09557, 1.52994, 1.65258, 1.94163, 3.65323, 17.672, 4.52749, 3.13179, 5.09759, 0.270694, 4.11888, 3.54076, 3.55105, 5.42879, 4.83585, 4.19792, 3.49172, 5.87138], "beta": 3.48858}