{"theta": [-0.7765399999999998, -2.824245307179586, -0.0, -0.7579099999999999, 1.7681899999999997, 2.60342, 2.60253, -0.35616999999999965, -2.994799307179586, -2.8313163071795864, -0.10728999999999989, -1.9571399999999999, -2.8198833071795866, 2.0648999999999997, -1.7328900000000003, 0.7098399999999998, -0.7534900000000002, 2.5519, -1.9638800000000005, -0.7579900000000004, 1.7678099999999999, -2.9930493071795863, 1.7668599999999999, 0.033640000000000114, 1.8094199999999998, 2.4693899999999998, 1.14426, 1.7818999999999998, -0.07010000000000005, 1.13782], "kappa": [26.3971, 2.44516, 52.4237, 5.35068, 3.78037, 1.95398, 0.236844, 22.3556, 0.401855, 4.28213, 8.31191, 7.72208, 2.5395, 21.9243, 8.84541, 20.1047, 10.1648, 14.1902, 3.93255, 5.35802, 1.33922, 3.51539, 10.3094, 14.8383, 3.25793, 37.0628, 9.70705, 16.025, 8.93972, 7.72058], "beta": 1.33677}