{"theta": [2.4094953071795864, -1.5421400000000003, -1.5532400000000002, 1.7363223071795861, -2.7821700000000003, 2.344025307179586, 0.34823999999999966, 2.695705307179586, 1.7492343071795862, 2.1043223071795865, -1.5515600000000003, 1.5588313071795863, 0.2772100000000002, 2.6767853071795864, 3.0696653071795863, -2.9127400000000003, 0.3838599999999994, -1.1267, 2.532275307179586, -1.02279, 1.7669723071795858, 2.1115783071795864, -1.3231300000000004, -0.8717199999999998, -2.96078, 2.100945307179586, 0.4521999999999995, -1.4392, 0.6814999999999998, 0.0], "kappa": [3.22717, 7.22357, 0.539363, 8.2367, 7.95227, 7.31513, 3.54226, 10.6779, 5.50755, 0.578825, 4.22434, 7.15127, 1.68895, 3.84433, 5.50455, 2.96839, 1.18469, 3.86042, 3.30612, 4.58811, 1.9418, 3.48984, 3.71382, 14.3195, 4.18676, 5.46848, 7.04952, 4.65031, 4.45782, 19.7533], "beta": 2.06022}