{"theta": [0.1643199999999998, 1.71492, -0.9521900000000001, -2.224185307179586, -3.1386853071795864, 2.35541, 2.4013, 1.75357, -1.7525950000000001, 0.3165500000000001, -2.490515307179587, -1.8969109000000002, -2.7038153071795863, -2.3154653071795863, -2.152955307179586, 2.44466, 1.75044, 1.97129, 1.0475299999999999, 0.11200999999999994, 0.15611999999999981, 1.7873599999999998, 0.7260600000000001, -3.091115307179586, 0.6700700000000002, -0.9541799999999998, -0.9635100000000001, -1.6804409999999999, 3.04096, 0.0], "kappa": [2.36298, 3.07016, 4.75584, 5.02935, 4.17422, 4.2432, 6.97747, 4.28122, 5.89302, 9.25506, 2.66732, 5.49061, 5.00174, 3.01385, 10.846, 19.5904, 4.26211, 12.2464, 11.3897, 7.90094, 2.37159, 5.64737, 2.73593, 4.22288, 6.5269, 0.899988, 4.76154, 7.52269, 5.57042, 24.5398], "beta": 2.48951}