{"theta": [-0.3643599999999996, -1.8376973071795861, -0.0, -0.000580000000000247, 2.51688, -2.9407353071795863, -2.9406553071795862, -0.62974, -2.1493883071795867, -1.8500503071795862, -0.36463999999999963, -1.7282923071795864, -1.8536413071795863, 2.91216, -1.4752900000000002, 1.4623, -0.0034599999999995745, -2.986735307179586, -1.7034613071795857, 0.0029199999999995896, 2.51602, -2.147959307179586, 2.51148, 0.7116899999999999, 2.55987, 2.82876, 1.6632600000000002, 2.51302, -0.40507000000000026, 1.62101], "kappa": [22.6873, 3.10523, 50.6328, 3.17793, 3.9253, 0.808344, 0.0864324, 21.0643, 0.344611, 2.95187, 5.74863, 6.46273, 1.93406, 20.719, 7.18977, 15.2977, 8.78273, 12.9923, 2.96136, 4.88793, 1.29991, 3.39633, 12.6426, 16.3815, 3.13591, 32.5066, 9.47663, 15.9074, 7.90691, 7.6003], "beta": 1.48379}