{"theta": [-0.31940999999999997, -0.0, 1.97875, 0.024950000000000028, -2.8057100000000004, -2.67453, 3.096076, 2.17166, -2.2998700000000003, 0.86815, -2.26708, 0.33175, -1.10827, 1.93985, -1.08047, -0.26259999999999994, -2.3001899999999997, -0.23062000000000005, 1.94469, 0.8331, 1.93873, -1.1133699999999997, 0.62825, -3.04826, -0.24175000000000013, -1.3428899999999997, 1.97024, 2.20524, 1.14912, -2.4945000000000004], "kappa": [5.40587, 12.3403, 14.1404, 2.83635, 2.55554, 5.99629, 4.55367, 2.39879, 2.6734, 6.4025, 4.1911, 5.57849, 0.840589, 1.38224, 10.7851, 5.13925, 4.02246, 5.03449, 3.3768, 2.71447, 4.69286, 4.42776, 6.51677, 8.09979, 3.64203, 9.41076, 12.0774, 8.38778, 11.766, 3.66116], "beta": 2.01302}