{"theta": [2.553845307179586, 1.085840307179586, -2.24006, 3.0804453071795863, -1.5050100000000004, 2.5263553071795863, 0.3460453071795859, 1.4144453071795864, 2.2304153071795865, 0.08131999999999984, -2.39135, -0.31228999999999996, -0.1943999999999999, -2.27671, 2.850255307179586, -0.39439000000000046, -3.13759, -0.33089999999999975, -1.4877500000000001, 0.8060723071795861, -1.2983099999999999, 2.462455307179586, 1.133090307179586, 0.10250999999999966, 0.0, 0.23970000000000002, -2.07267, 0.9949263071795862, -1.75019, 0.9827863071795857], "kappa": [3.32551, 9.54738, 4.76282, 11.3743, 2.83801, 2.27068, 6.40884, 4.93818, 5.14131, 8.34235, 5.31062, 4.18795, 4.02645, 4.8175, 9.19286, 3.42629, 17.9876, 6.15724, 1.54088, 10.793, 11.9129, 13.7621, 16.2285, 6.08578, 18.7895, 3.77578, 6.71939, 2.55654, 14.0464, 3.88478], "beta": 2.28968}