{"theta": [1.7286100000000002, -1.018767, -1.0363379999999998, -2.9164253071795865, 3.08311, -2.2910753071795864, -1.425085307179586, -2.076755307179587, 1.7045400000000002, -1.8128553071795857, -2.8334953071795863, 1.1048400000000003, 1.9872800000000002, 2.70861, 0.008380000000000054, -0.39397499999999974, 1.26829, 0.0, -0.250251, 0.015850000000000142, -1.829925307179586, 0.011510000000000131, 1.1229900000000002, -1.05361, 2.13906, 1.04013, 1.99043, 3.1246300000000002, -1.0491709999999999, 1.29501], "kappa": [6.28416, 6.54195, 2.90556, 2.97868, 11.7572, 10.055, 10.7345, 7.14693, 3.10246, 2.92621, 5.35022, 4.44742, 5.9474, 14.3617, 3.1106, 8.46977, 10.9279, 14.5566, 1.94882, 4.70652, 11.041, 1.07486, 0.489773, 2.50449, 4.88137, 4.16235, 0.329593, 3.46077, 4.99428, 6.39861], "beta": 2.20768}