{"theta": [2.00126, -1.3458253071795863, -1.3538253071795863, 2.38478, 2.8011299999999997, -0.03251000000000004, -1.6238253071795858, -2.405375307179586, 0.2911999999999999, -2.130455307179586, 2.6962900000000003, 1.14921, 1.70126, 2.26113, -0.4873400000000001, -1.001249, 1.2709799999999998, 0.0, -0.898933, -0.4516490000000002, -2.109255307179586, -0.43282299999999996, 1.14275, -1.3711353071795864, 1.5847699999999998, 1.21935, 1.7079300000000002, 2.6795799999999996, -1.3688153071795863, 1.37696], "kappa": [7.80425, 4.43434, 2.14807, 4.25097, 11.6798, 11.8116, 10.6505, 8.78805, 4.5608, 3.58025, 6.80717, 3.9982, 4.97695, 11.8093, 2.30461, 7.0273, 7.70571, 13.101, 2.57808, 4.61917, 12.5343, 3.41864, 0.349093, 2.27175, 3.63896, 3.52824, 0.427427, 2.6135, 4.5654, 5.3871], "beta": 2.4546}