{"theta": [0.44461000000000017, 2.053815307179587, -0.6723799999999998, -1.7028, -2.73212, 2.8637653071795866, 2.524625307179586, 2.154415307179587, -1.4204, 0.48818000000000006, -2.2952199999999996, -1.4953299999999998, -2.03012, -1.80826, -1.6998299999999997, 3.1153353071795866, 2.142895307179587, 2.435285307179586, 1.503535307179587, 0.42724000000000006, 0.44262, 2.2189653071795865, 0.8825489999999998, -2.6890399999999994, 0.7576670000000003, -0.6768799999999999, -0.6719899999999999, -1.5339099999999999, -2.82106, -0.0], "kappa": [1.06492, 5.31654, 4.37059, 4.02594, 4.11171, 3.8856, 3.99725, 4.82817, 4.90394, 10.8928, 3.23964, 4.41981, 4.56317, 3.4537, 10.3501, 18.1706, 4.83599, 12.8452, 10.9623, 7.98276, 2.38214, 6.21089, 4.29313, 4.20748, 5.40756, 0.568608, 5.96563, 6.724, 5.7125, 29.4333], "beta": 2.33932}