{"theta": [-3.063882, 1.619893307179586, 0.22775200000000018, -1.347732, -0.4355549999999999, 2.7020433071795864, -1.466532, -2.669352, 0.7515133071795859, -0.4415870000000002, 2.776103307179586, 1.339983307179586, -0.4317009999999999, 0.5424333071795866, 2.8984933071795864, 0.9502133071795864, 0.7505433071795862, -1.502812, -2.668402, -0.1194569999999997, 2.802463307179586, 1.4196033071795862, 3.1217633071795863, 0.7722633071795864, -2.670562, -0.413732, -3.036702, -1.502062, -2.671332, -0.0], "kappa": [3.62023, 5.55656, 12.2158, 4.90966, 3.8234, 8.20628, 4.02538, 5.0457, 8.93119, 2.38722, 3.74986, 3.35167, 5.97579, 3.69008, 8.46301, 11.2467, 4.1814, 1.37236, 6.59785, 5.63732, 5.42795, 4.72715, 4.05749, 2.68256, 4.9803, 5.36263, 1.77761, 0.17991, 0.956139, 14.1987], "beta": 1.73176}