{"theta": [-0.04140999999999995, 1.9675500000000001, 0.35187999999999997, 2.1543900000000002, -2.13354, -2.50785, 3.1057773071795864, -2.29232, -0.7726899999999999, 0.6446500000000004, 1.26886, 2.51846, -1.7286, 0.5075500000000002, 2.20967, -0.6833799999999997, -2.9873, -0.75989, -2.54645, -2.49795, -2.50213, -0.7100399999999998, -0.7644599999999997, -0.5655699999999997, -1.3710399999999998, 0.7367600000000003, 0.6374300000000002, 1.8433600000000006, 2.28597, 0.0], "kappa": [5.17191, 3.14865, 7.84692, 6.78624, 2.7649, 1.16629, 3.76522, 6.5775, 8.19119, 5.36151, 10.4221, 8.48426, 12.8905, 7.99169, 5.71929, 8.27737, 6.12581, 9.73468, 7.42129, 4.33069, 4.43739, 5.21542, 3.98459, 6.79904, 10.0816, 11.7508, 6.82456, 4.80743, 8.82344, 16.3319], "beta": 2.42384}