{"theta": [0.14864599999999983, 1.3917433071795857, -0.5801120000000002, -2.098312, 3.0814933071795862, 2.2522533071795863, 2.4497433071795864, 1.6561733071795866, -1.6597020000000002, 0.38453690000000007, -2.433272, -1.825952, -2.773242, -2.361062, -2.043302, 2.104343307179586, 1.6028733071795864, 1.7418633071795862, 1.0033833071795861, 0.09235799999999994, 0.14306099999999988, 1.6143533071795861, 0.625383307179586, -3.138432, 0.5752433071795862, -0.5884020000000003, -0.5799620000000001, -1.920522, 2.9978433071795862, -0.0], "kappa": [2.88711, 4.4026, 2.63628, 5.07873, 4.4095, 4.84953, 6.12924, 3.92995, 6.08372, 9.40233, 3.40943, 5.25398, 5.11425, 5.24627, 11.9755, 17.5819, 3.36467, 10.5202, 9.60842, 5.86677, 2.99513, 5.99462, 3.44065, 4.46192, 5.89546, 1.00839, 6.09876, 6.56944, 4.46697, 26.13], "beta": 2.74126}