{"theta": [2.17939, 2.73883, 0.0, 1.8886600000000002, -1.4723953071795863, -1.637945307179586, -0.8134890000000001, -0.11078100000000024, -2.008975307179586, 1.43121, -2.030545307179586, 1.5731899999999999, 2.87451, 0.23076999999999992, 2.85768, 2.2618, -2.0907753071795865, 2.19006, 0.2155499999999999, 1.3725800000000001, 0.23280999999999996, 2.88185, 1.44856, -1.0926753071795865, 2.24196, -3.138865307179586, 0.30945, -0.1273550000000001, 1.0536699999999999, -2.2904553071795863], "kappa": [4.96572, 12.8674, 16.3433, 3.42337, 3.09296, 6.70313, 6.20891, 1.13854, 3.03213, 6.50134, 4.40127, 4.75142, 1.19661, 2.05986, 7.79432, 4.00921, 4.41617, 3.86559, 3.61384, 2.24614, 5.21374, 2.8013, 4.30785, 9.14191, 4.99509, 10.0551, 10.7526, 7.98093, 10.8511, 3.93632], "beta": 2.25488}