{"theta": [-2.038152307179587, 1.6083999999999996, 1.6268399999999996, -2.5287803071795865, -2.8122053071795863, -0.03356000000000048, 1.9517399999999996, 2.5805599999999997, -0.33909000000000056, 2.41328, -2.8682253071795865, -1.3872400000000003, -1.8004154671795867, -2.5457933071795864, 0.42325999999999997, 0.9713799999999999, -1.51987, -0.0, 0.8774799999999998, 0.3750599999999995, 2.4671499999999997, 0.4063599999999994, -1.3836700000000004, 1.66404, -1.7581300000000004, -1.4303500000000007, -1.8070568471795863, -2.7977763071795865, 1.70302, -1.6967300000000005], "kappa": [7.64838, 6.82625, 2.90338, 4.00855, 11.7422, 12.4512, 10.218, 7.23396, 4.5387, 3.1621, 7.60717, 4.11617, 4.37245, 10.243, 3.48377, 7.50494, 9.4174, 13.9461, 2.96505, 4.92071, 12.4513, 2.0973, 0.233534, 2.79099, 1.25136, 3.83107, 0.504955, 2.26687, 4.32254, 5.27539], "beta": 2.38013}