{"theta": [-0.9125000000000001, -2.0950699999999998, 1.1958599999999997, -2.92589, 1.0280300000000002, 0.10426000000000002, -0.8413900000000001, 2.0820800000000004, -3.10274, 2.35037, -0.9029400000000001, 1.38769, 0.12769999999999992, 2.3182, 3.033787307179586, -3.119698, -0.7573699999999999, 1.0618999999999996, 2.4510500000000004, -0.6785199999999998, -0.7048199999999998, -2.9676970000000003, 0.0, 0.9767799999999998, 3.0400743071795864, 2.1252700000000004, -2.08026, -0.8371200000000001, 2.5721965071795863, 0.9612299999999996], "kappa": [6.11285, 3.43374, 4.7872, 7.87485, 8.3387, 8.36876, 7.67441, 5.69801, 2.41413, 4.7565, 3.93382, 9.70849, 4.1564, 2.75038, 0.399219, 3.74934, 9.61614, 5.31099, 2.00603, 5.88788, 14.7144, 3.3257, 22.5316, 2.81412, 8.99415, 4.40245, 3.26884, 8.13059, 9.71612, 15.8705], "beta": 1.93034}