{"theta": [2.56979, 2.3335799999999995, 0.8933499999999999, -0.7810400000000004, 0.06820999999999966, 3.008425, -0.8751500000000001, -2.17071, 1.2097699999999998, 0.6297099999999998, -2.9194033071795866, 1.9758899999999997, 0.08088999999999968, 1.02127, -2.7570691071795865, 1.4930899999999996, 1.2776399999999999, -0.90516, -2.14765, 0.3265399999999996, -2.9580553071795865, 2.0752099999999998, -2.8975803071795863, 1.33622, -2.1855300000000004, 0.08088999999999968, 2.58405, -0.9046300000000005, -2.15833, -0.0], "kappa": [5.34142, 5.83023, 11.2139, 4.31436, 3.25067, 8.50363, 3.78052, 5.72571, 10.8842, 2.43976, 4.71723, 3.33746, 6.38075, 3.94932, 8.05034, 11.0192, 4.76771, 1.43094, 7.42668, 4.40028, 4.78655, 4.37891, 4.63348, 3.43926, 7.24994, 3.03729, 1.97086, 0.295306, 1.80554, 12.2858], "beta": 1.84403}