{"theta": [-2.457238, -0.08165699999999987, 2.0356773071795864, -2.388888, -1.9771079999999999, -0.0, -0.542872, -0.9049579999999999, -1.0913279999999999, 0.28890800000000016, -1.089598, 1.5572173071795863, -0.07291599999999976, 0.7590073071795871, 0.19473399999999996, -2.3871379999999998, 2.3068673071795867, -1.086508, 2.540857307179586, 2.308037307179586, -2.389838, 1.545517307179587, 2.269497307179586, 1.5245373071795871, 1.5500373071795863, 0.7186973071795855, -1.952038, -2.552298, -0.742478, -1.9440879999999998], "kappa": [7.30019, 2.26809, 10.4931, 5.51524, 6.02817, 19.2456, 6.01155, 5.65466, 2.01409, 10.2393, 4.87119, 5.70366, 6.30035, 4.62547, 5.58332, 0.344882, 12.9299, 4.87362, 7.13868, 4.3209, 2.73501, 4.10356, 7.18061, 7.3232, 4.12049, 5.95362, 6.02594, 5.08209, 10.3962, 4.52016], "beta": 1.69851}