{"theta": [0.8000863071795861, 3.0873053071795864, 1.2235573071795862, 0.18576000000000015, -0.9856300000000005, -1.50082, 0.14703, -0.2907200000000003, 3.086645307179586, 0.0, -1.5883399999999996, -1.5076999999999998, -0.71258, -1.4983199999999997, 1.1358123071795863, 1.3117373071795857, 0.08181999999999956, 0.3331099999999996, 2.5415953071795863, 0.4004700000000003, 0.39682999999999957, 2.974375307179586, 2.5844353071795862, 1.201812307179586, 2.564805307179586, 1.1421483071795864, 0.3243999999999998, 1.147871307179586, 2.5152553071795865, -1.5843100000000003], "kappa": [4.80267, 0.0892543, 4.13852, 11.549, 21.091, 1.05771, 4.15784, 15.7791, 7.98663, 23.6089, 6.49292, 11.1224, 12.2507, 2.02518, 0.39717, 2.50392, 5.96479, 4.31964, 3.37413, 0.169116, 12.6673, 21.6872, 3.81628, 2.7562, 7.4408, 4.7227, 5.64245, 0.335161, 2.32748, 6.50769], "beta": 1.57245}