{"theta": [0.8166799999999999, -1.8800953071795865, 1.2201299999999993, 2.7742799999999996, -0.0, -0.8150900000000005, -0.7069600000000005, -0.1441699999999999, -0.7160900000000003, 0.7706099999999996, 1.2119, 2.9423799999999996, -0.4808900000000005, -1.367339307179586, -0.4132000000000007, 2.7597899999999997, 2.7715599999999996, 2.5040599999999995, -1.8351513071795864, 0.6426699999999999, -1.942865307179586, -0.2058100000000005, 0.3941699999999999, 0.4166299999999996, 1.2218399999999994, -1.9746753071795862, 2.5892899999999996, -1.7994363071795867, 1.3813399999999998, -1.962855307179587], "kappa": [3.80988, 2.82217, 1.70882, 1.23365, 17.7705, 7.16715, 8.05833, 4.33307, 5.43014, 5.82024, 1.73538, 3.46308, 3.5269, 4.30237, 7.05198, 6.06823, 1.25502, 5.07729, 5.8658, 8.01862, 3.78366, 6.08994, 5.48409, 4.35667, 1.76072, 1.67534, 2.59266, 5.91528, 9.1478, 2.5594], "beta": 2.32231}