{"theta": [-2.7085799999999995, -1.1633099999999996, 1.6194800000000003, -2.5572099999999995, -2.18328, 0.0, -0.47773999999999983, -0.9686999999999997, -1.1604099999999997, 0.19939000000000018, -1.0312499999999996, 1.2195600000000004, -0.4503499999999998, 0.18520000000000003, 0.57761, -2.55081, 1.87305, -1.0450499999999998, 2.2107100000000006, 1.9154, -2.54969, 1.2337800000000003, 1.87798, 1.2121400000000007, 1.2249600000000003, 0.14214000000000038, -2.1077999999999997, -2.7662699999999996, -0.8264299999999998, -2.1090099999999996], "kappa": [7.89262, 1.58568, 9.27286, 6.05418, 6.31832, 16.9877, 6.93402, 3.51677, 2.37945, 10.9783, 5.67951, 4.93254, 6.79438, 3.25157, 6.4333, 0.567968, 12.4835, 4.4896, 7.8235, 4.05541, 3.33371, 3.61711, 6.84384, 6.40721, 3.60325, 6.35303, 6.50284, 5.19949, 8.15074, 4.99277], "beta": 1.74823}