{"theta": [-2.658805307179586, -0.14228690717958603, 1.6878600000000006, -2.555995307179586, -2.1797153071795856, -0.0, -0.38507730717958566, -0.8892243071795853, -1.107655307179586, 0.65341, -1.1081303071795858, 2.011170000000001, -0.1575212071795864, 0.17105000000000015, 0.9604500000000007, -2.558015307179586, 2.5038600000000004, -1.0853053071795857, 2.6492700000000005, 2.5935700000000006, -2.5645453071795856, 2.1313000000000004, 2.5397100000000004, 2.1612900000000006, 2.1349, 0.19552000000000014, -2.1472453071795856, -2.778245307179586, -0.649262307179586, -2.1456053071795864], "kappa": [6.78118, 2.1979, 13.2023, 4.32739, 4.46029, 22.3928, 7.14022, 5.63326, 2.20885, 11.9746, 6.54384, 6.71595, 6.05603, 2.45384, 7.53682, 0.543206, 8.64989, 4.97737, 5.21489, 3.28002, 3.11761, 4.12997, 5.85703, 5.32185, 3.91051, 6.6045, 5.95446, 5.08628, 10.515, 4.56598], "beta": 1.79619}