{"theta": [2.299553, -1.28051, -1.32797, 3.043225307179586, 3.030945307179586, 0.3116399999999997, -1.8151699999999997, -2.3890100000000003, 0.56331, -2.1970000000000005, 3.0532453071795858, 1.469694, 2.04559, 2.4458753071795862, -0.10694000000000026, -0.8250800000000003, 1.623989, -0.0, -0.7153400000000003, -0.07373999999999992, -2.13418, -0.053749999999999964, 1.4646050000000002, -1.3541000000000003, 1.9600879999999998, 1.5563859999999998, 2.044269, 2.819385307179586, -1.34877, 1.762223], "kappa": [7.754, 5.61006, 2.77518, 2.95045, 11.8882, 12.1755, 10.0349, 7.66939, 4.34167, 3.08357, 7.88024, 4.32288, 4.77219, 8.10612, 3.37089, 8.68235, 7.95517, 16.5276, 2.7938, 5.15706, 11.5643, 3.19904, 0.566669, 2.87695, 3.52737, 3.65533, 0.547379, 3.19669, 5.30436, 5.58969], "beta": 2.2517}