{"theta": [-2.4087635, 1.0171799999999998, 1.04644, -2.9264353071795868, 2.96196, 2.3938599999999997, 1.4764599999999999, 2.1999, -2.3947491000000003, 1.9307399999999997, 2.9502099999999998, -1.2736600000000002, -2.0234460000000003, -2.8307853071795868, -0.052000000000000046, 0.61185, -1.8925940000000003, 0.0, 0.47512, -0.09516000000000036, 2.0034300000000003, -0.0832200000000003, -1.2805000000000002, 1.1210899999999997, -1.636721, -1.1824200000000002, -2.050087, 3.0488399999999998, 1.1130799999999996, -1.5932210000000002], "kappa": [7.37534, 5.34891, 3.17018, 4.31296, 10.8878, 8.87045, 8.57602, 5.28985, 3.43708, 3.3051, 7.31161, 5.16786, 5.71275, 10.7128, 4.80427, 8.02807, 7.28803, 13.9304, 2.57153, 6.32587, 11.2239, 2.53419, 0.496062, 3.17435, 4.32887, 5.33157, 0.747391, 2.6727, 5.35536, 6.37072], "beta": 2.82775}