{"theta": [1.9218000000000002, -2.704355307179586, -0.0723100000000001, -2.378055307179586, 0.25302999999999987, 1.1807699999999999, 1.8985699999999999, -0.9669479999999999, -2.153615307179587, -1.191811, 1.92774, 0.0020199999999999108, 1.1894900000000002, -1.1989100000000001, -1.8687853071795857, -2.1314053071795858, 1.82273, -0.007410000000000139, -1.471082, 1.7913000000000001, 1.83689, -2.4536553071795866, 1.52324, -0.007610000000000117, -1.8648653071795867, -0.9737839999999998, -2.7101153071795863, 1.8952, -1.502634, 0.0], "kappa": [4.2841, 2.5145, 4.9869, 7.91463, 11.1921, 8.37819, 6.68035, 5.86333, 3.13235, 5.20632, 2.76976, 10.7647, 4.2415, 2.98127, 0.332667, 4.45279, 11.188, 5.16181, 3.61452, 4.98076, 13.7037, 5.36018, 14.7941, 0.336724, 11.1251, 4.60524, 4.0718, 6.64776, 8.85716, 14.6623], "beta": 1.80725}