{"theta": [0.5597289999999999, 0.0, 2.790453, 0.819372, -1.3950223071795858, -1.3618023071795857, -2.393712307179586, 2.9651129999999997, -1.7898923071795867, 1.0943429999999998, -1.777452307179587, 1.1175729999999997, -0.10908780000000018, 2.758133, -0.11794783000000031, 0.408566, -1.8035923071795867, 0.6369099999999999, 2.756433, 1.4592229999999997, 2.755673, -0.11100590000000032, 1.3253429999999997, -2.4245823071795862, 0.5196789999999996, -0.3699723071795873, 2.7749629999999996, 2.9760829999999996, 1.9521129999999998, -1.209062307179586], "kappa": [4.97303, 15.3305, 17.0453, 3.11885, 2.52609, 6.21003, 6.21761, 1.94886, 2.76202, 5.19637, 4.15161, 6.18262, 1.21797, 0.987926, 9.07895, 4.5115, 2.80659, 4.09175, 3.37277, 2.44758, 4.52292, 2.63269, 6.36551, 9.18641, 5.05414, 10.368, 12.3887, 7.99864, 11.705, 3.2104], "beta": 1.99257}