{"theta": [0.8532099999999998, 2.7577, 1.8851199999999997, 0.38214999999999977, -1.0772400000000002, -1.63104, 0.37771, -0.4943400000000002, 2.75155, 0.0, -1.74317, -1.6262800000000002, -0.6506600000000002, -1.5871300000000002, 1.4819199999999997, 1.93133, 0.29014000000000006, 0.6690999999999998, -2.9817453071795867, 0.7742200000000001, 0.7745299999999999, 2.9765999999999995, 2.8192699999999995, 1.7442399999999996, 2.78073, 1.4846199999999996, 0.6335099999999998, 1.5321699999999998, -2.9565053071795866, -1.4726700000000001], "kappa": [4.94775, 0.936685, 4.58508, 9.37991, 14.979, 1.91042, 3.55407, 11.2567, 8.68656, 20.8065, 5.32223, 10.4558, 10.9472, 2.97936, 0.400296, 2.33003, 6.51617, 5.19331, 3.60123, 0.133286, 14.204, 16.7449, 2.1807, 4.95007, 8.74274, 7.19468, 6.39586, 0.983577, 3.70001, 5.02612], "beta": 1.85146}