{"theta": [-1.5377809999999998, -2.7618053071795865, 0.0037800000000001166, -1.7079396999999998, 1.1301, -2.7634453071795866, -2.764285307179586, -1.074941, 0.00024000000000001798, 2.9485200000000003, -2.9858153071795863, 1.13041, 1.1282100000000002, 1.1282800000000002, -1.635974, 3.0203499999999996, 3.0199, 0.5896599999999999, 0.58074, 0.5831400000000002, -1.6884875999999998, -1.6893781999999997, 0.5101200000000001, 3.0143700000000004, -3.023055307179586, -3.020945307179586, 0.0, -1.5372050000000002, -1.7188037, 0.004269999999999996], "kappa": [3.85819, 57.2855, 77.5822, 8.06205, 51.9207, 1.19676, 71.4032, 50.1256, 7.97953, 49.7618, 32.4353, 36.3006, 51.7666, 15.7802, 20.9245, 4.95634, 10.0401, 4.42645, 64.0393, 134.015, 5.91766, 2.69635, 18.9041, 47.5649, 13.5658, 3.79636, 233.755, 17.0584, 29.4104, 99.1363], "beta": 1.00633}