{"theta": [-1.0143899999999997, -3.0234599999999996, 0.0, -1.0403599999999997, 1.3960653071795868, 2.1396853071795867, 2.128415307179587, -0.6509399999999994, 2.9133153071795865, -3.0248099999999996, -0.7276499999999997, -2.8592899999999997, -3.0229899999999996, -1.0601899999999995, -2.6665499999999995, 0.04287000000000063, -0.7489799999999995, 2.206025307179587, -2.8540099999999997, -1.0423399999999994, 1.3913753071795867, 2.9118953071795866, 1.3885353071795867, 0.019840000000000302, 1.4278353071795866, 1.684655307179587, 0.8335573071795865, 1.4139053071795864, -0.02675999999999945, 0.8343923071795869], "kappa": [22.9298, 3.76515, 46.2939, 5.20391, 4.58691, 3.36941, 0.694543, 32.7503, 0.41458, 3.77594, 6.75958, 7.01814, 2.15383, 23.4324, 9.06474, 18.768, 13.6695, 12.4517, 3.55567, 5.19357, 1.65162, 4.33029, 10.896, 14.8601, 3.71635, 37.4744, 12.5594, 14.3066, 8.92161, 8.04147], "beta": 1.28422}