{"theta": [-2.3255100000000004, 1.0188649999999997, 1.006261, -2.9555, 3.065915307179586, 1.8097853071795864, 1.5514153071795862, 2.3340653071795865, -0.74732, 2.2490253071795863, 2.9720553071795868, -1.6969, -1.9547100000000002, -2.62681, 0.3600209999999999, 0.03781999999999974, -2.1309000000000005, -0.0, 0.0045399999999999885, 0.47790900000000014, 2.0907753071795865, 0.4049099999999999, -1.69798, 1.0372709999999998, -1.8447600000000002, -1.5852600000000001, -1.94675, 3.024365307179586, 1.051217, -1.7979300000000003], "kappa": [8.34294, 6.49562, 2.83604, 4.57399, 11.599, 11.36, 11.4238, 6.42749, 6.05877, 2.52624, 5.02239, 3.67499, 4.75355, 9.80316, 3.56451, 8.54998, 8.9843, 13.8953, 1.33493, 4.86129, 10.9307, 3.55887, 0.327589, 2.77921, 2.35023, 4.55019, 0.353093, 2.68902, 5.28074, 5.15866], "beta": 2.30384}