{"theta": [1.84598, -2.900145307179586, 0.5872600000000001, 2.38984, -0.7686739999999999, -2.8976953071795863, -2.896575307179586, 1.7049000000000003, 0.5874800000000002, -2.234585307179586, -1.5237214, -0.7730419999999998, -0.7534510000000001, -0.7665509999999998, 2.43037, -2.233365307179586, -2.231995307179586, 0.37931000000000004, 0.38114000000000003, 0.36724, 2.33876, 2.33974, 0.28878000000000004, -2.088205307179586, -2.6006553071795864, -2.600875307179586, 0.0, 1.851, 2.39377, 0.5840200000000002], "kappa": [2.17885, 14.0922, 33.4756, 3.47789, 12.6882, 1.6342, 30.5867, 16.3367, 6.10729, 14.3392, 13.6786, 12.6978, 18.1212, 5.38189, 13.2032, 2.27937, 4.58746, 1.28276, 22.692, 60.8417, 1.36272, 1.34899, 11.5545, 23.5644, 6.55511, 0.174145, 95.1438, 6.85685, 11.0933, 34.7875], "beta": 1.10239}