{"theta": [-1.7938443071795867, -0.5599499999999997, -2.312895307179586, -1.8699453071795862, -2.741315307179586, -1.2079933071795868, -2.660145307179586, 0.9616600000000002, -0.0, -2.918075307179586, 0.3826200000000002, -1.8264383071795862, -1.751597307179586, 1.2790599999999999, 2.11843, 2.18975, 1.8383099999999999, 0.40357999999999983, 0.04394000000000009, 1.30641, 1.71299, 0.3656100000000002, -2.5849153071795863, 0.4687599999999996, 2.19284, -1.151046107179586, 2.21069, 0.9596499999999999, -1.8902753071795857, -2.810485307179586], "kappa": [7.15807, 8.94772, 6.86949, 8.78446, 3.56732, 5.04249, 4.6369, 6.89581, 23.4423, 5.03444, 12.1976, 3.88469, 7.28731, 4.11866, 6.34513, 3.34832, 5.74104, 2.33398, 4.77555, 4.17796, 5.93332, 5.53245, 3.9137, 4.13567, 3.34179, 3.79651, 4.98965, 8.2025, 5.67687, 5.19371], "beta": 1.97279}