{"theta": [-0.7799200000000002, -2.03297, 1.27746, -2.2942690000000003, 1.1930400000000003, 0.09160000000000013, -0.7753100000000002, 1.9365099999999997, -2.402921, 2.3169999999999997, -0.78071, 1.3899700000000004, 0.08944999999999981, 2.31866, 2.8476199999999996, -2.40776, -0.7644299999999999, 1.1853899999999995, 2.6676299999999995, -0.7070099999999999, -0.7834600000000003, -2.295575, 0.0, 1.1835200000000001, 2.84583, 1.9440399999999998, -2.03201, -0.7789800000000002, 2.66419, 1.1785799999999997], "kappa": [5.15965, 2.06661, 4.38541, 9.25167, 9.39673, 11.0296, 7.2888, 6.56782, 1.53439, 6.6805, 2.77852, 11.7695, 4.39751, 3.36888, 0.201993, 3.08555, 14.7808, 3.60438, 3.56438, 6.17572, 18.785, 5.59359, 35.5617, 3.21219, 14.1007, 3.41584, 3.68773, 7.37859, 11.9661, 22.3133], "beta": 1.38395}