{"theta": [2.559759, -0.8514263071795858, 2.363159, 0.20234700000000005, -0.7814563071795861, 0.3561779999999999, -2.1605763071795865, -1.5730663071795865, -2.2322563071795862, 1.063349, -1.9029963071795866, 0.004750000000000032, 0.2740110000000002, 2.978649, 1.084009, 2.838369, 2.974989, -1.7909463071795857, -2.3409163071795858, 0.0, 0.26930900000000024, 2.3116790000000003, 1.089139, 2.384339, 0.7355790000000004, -1.7953363071795865, -2.163756307179586, 1.176419, 2.468939, -0.039681999999999995], "kappa": [2.32674, 4.09164, 1.73317, 8.14493, 2.91519, 3.54759, 6.19313, 7.06727, 2.12694, 3.65024, 4.0608, 11.1154, 4.5316, 1.62423, 11.4737, 10.6884, 4.94112, 0.395274, 5.85397, 11.1031, 2.86439, 4.92717, 5.10681, 7.18764, 2.42402, 3.42196, 4.89353, 6.73331, 5.64503, 0.828142], "beta": 2.65211}