{"theta": [-0.17385999999999968, 2.6982299999999997, -1.0938169999999998, -0.17195999999999967, 0.006809999999999983, 0.8295600000000001, 1.9231, -1.2504818, 0.45652000000000004, 2.06381, -1.2532138, -0.6657390000000001, -3.134025307179586, -0.897797, 1.71674, -2.048725307179586, -2.033525307179586, -0.5337600000000002, -2.037645307179586, 2.8699900000000005, -0.682542, 2.80471, 0.0, -3.1243253071795856, 3.04718, -1.2330770999999998, 1.74652, 3.0738700000000003, 1.89666, 0.6243400000000001], "kappa": [4.35052, 2.25201, 9.3291, 6.02219, 6.163, 3.86425, 17.8628, 2.9061, 7.02664, 13.021, 3.14979, 10.4077, 4.90372, 5.83707, 3.41384, 1.36538, 3.65236, 5.32701, 9.59506, 3.72508, 3.22585, 4.79622, 19.9888, 2.64851, 2.41195, 2.94104, 3.28498, 10.0028, 8.81222, 7.21129], "beta": 2.10453}