{"theta": [-0.39416000000000007, 1.6302299999999996, -0.14392000000000005, 1.66893, -2.842755307179586, 2.89862, 2.1098999999999997, -2.999925307179586, -1.0343700000000002, 0.53295, 0.9652499999999997, 2.10513, -2.3957453071795864, 0.27776999999999985, 1.8822799999999997, -1.1359200000000005, -2.3794353071795866, -1.0466600000000001, 2.7745100000000003, 3.1074199999999994, 3.0115499999999997, -1.10969, -1.17633, -0.8030000000000002, -2.000052, 0.4255899999999997, 0.4183399999999997, 1.6069299999999997, 1.9001099999999997, 0.0], "kappa": [5.85765, 2.36467, 8.13117, 6.71003, 2.7683, 4.31475, 0.641671, 6.83304, 7.2471, 4.49063, 9.61193, 7.91887, 11.5942, 8.36296, 5.28629, 9.30798, 4.4916, 8.68255, 7.4136, 4.09633, 5.21924, 5.93434, 5.21772, 8.39082, 11.0405, 12.8779, 7.13255, 4.70962, 7.69598, 19.0945], "beta": 2.56511}