{"theta": [2.4032053071795856, -0.66496, 2.179775307179586, -0.18859000000000026, -0.6287, -0.15434000000000014, -2.1082600000000005, -1.55365, -2.13314, 0.84413, -1.8043000000000002, 0.30966000000000005, -0.23553000000000002, 2.801285307179586, 0.8076299999999998, 2.6697453071795856, 2.8019253071795855, -1.7021500000000003, -1.99995, -0.0, -0.04248000000000007, 2.1324153071795857, 0.80982, 2.2101953071795863, 0.4925599999999999, -1.7030900000000002, -2.1234900000000003, 0.8514099999999998, 2.2905053071795862, 0.20470999999999995], "kappa": [2.67023, 3.28261, 1.89126, 8.2572, 2.24605, 3.67014, 6.4649, 6.31242, 1.32836, 4.50043, 4.00879, 11.3902, 4.06634, 1.59432, 12.3197, 11.8528, 5.01157, 0.553367, 4.00146, 12.5308, 3.94538, 4.85239, 4.44533, 7.59766, 1.66073, 3.50479, 3.9431, 7.66931, 6.18097, 1.44757], "beta": 2.24}