{"theta": [0.759619, 2.968649, 1.7668690000000002, 0.3184140000000002, -0.8977263071795862, -1.2965363071795863, 0.3039360000000002, -0.25406499999999976, 2.9464390000000003, 0.0, -1.3891363071795864, -1.315126307179586, -0.48637700000000006, -1.2925263071795863, 1.379009, 1.776859, 0.29044500000000006, 0.7243590000000002, -2.8563863071795863, 0.6192490000000002, 0.6248390000000001, -2.283196307179586, -2.9287563071795857, 1.625769, -2.849166307179586, 1.3857690000000003, 0.7020290000000002, 1.4084890000000003, -2.848046307179586, -1.2125363071795858], "kappa": [4.2513, 2.68132, 4.86137, 12.434, 14.8349, 1.26911, 5.10519, 14.8152, 11.8412, 19.2704, 4.71753, 10.0995, 10.9524, 2.22354, 0.426459, 2.09849, 3.62814, 3.99262, 1.86004, 0.215678, 12.4764, 19.7085, 6.0757, 5.292, 9.21727, 7.46945, 6.83973, 0.732037, 1.77822, 4.37517], "beta": 1.6398}