{"theta": [-2.9806, -1.1109899999999997, -1.18431, 2.101669307179586, -2.20524, 1.587468307179586, 0.37460000000000004, 2.7834953071795865, 2.519915307179587, 1.8384063071795866, -1.1901599999999997, 2.2241053071795864, 0.28806000000000065, 2.8484953071795864, -2.9040799999999996, -2.41964, 0.42289000000000065, -0.8856099999999998, 3.1285253071795864, -0.6784499999999998, 2.6270253071795864, 1.8460573071795867, -0.91866, -1.4390699999999996, -2.5430599999999997, 1.852909307179587, 0.4462200000000003, -1.32774, 0.6579199999999998, 0.0], "kappa": [3.97229, 5.09644, 1.84903, 7.77619, 7.75448, 11.3978, 3.63246, 11.4238, 3.77347, 0.555435, 3.88, 6.48116, 1.97397, 4.75489, 6.02101, 3.52734, 1.20542, 3.85918, 4.87872, 5.0599, 3.57805, 3.8943, 3.67196, 9.79948, 5.46559, 7.03388, 5.01056, 5.12808, 4.06895, 15.1476], "beta": 2.29146}