{"theta": [1.8158553071795858, 1.8012653071795857, -1.24103, 1.8655553071795863, 2.9494753071795863, 2.953795307179586, 0.02587000000000006, -0.03193999999999986, -1.2223, -0.28858000000000006, -0.24502000000000002, 2.9417553071795863, 0.24248000000000003, -0.2484599999999999, -2.3641700000000005, -2.34345, -2.36493, -1.9831800000000002, -2.76382, 3.025335307179586, 2.4092853071795863, -1.2308199999999998, 0.3587, -2.0665899999999997, 1.9994153071795857, 0.02597000000000005, -2.37174, -0.0, 0.35674000000000006, 1.8058253071795862], "kappa": [5.50385, 2.44339, 16.9808, 3.23824, 2.44842, 4.1134, 3.76178, 2.26527, 2.99331, 3.57661, 5.14864, 4.18245, 4.61375, 6.72857, 2.0742, 3.21297, 0.287202, 2.42034, 10.0348, 15.9458, 18.4722, 6.72845, 2.56559, 9.20425, 14.8512, 0.392521, 4.98489, 23.4631, 1.34673, 1.18615], "beta": 1.67547}