{"theta": [0.32689999999999975, 1.8814199999999999, -0.5552700000000002, -1.729758, -2.783435307179586, 2.79295, 2.94701, 2.0125499999999996, -1.3506580000000001, 0.5859100000000002, -2.0503214, -1.452563, -2.3186153071795865, -2.0062670000000002, -1.5283600000000002, 2.7600900000000004, 1.90138, 2.36328, 1.24255, 0.32116999999999996, 0.31826, 2.01482, 0.89514, -2.763405307179586, 0.9066700000000001, -0.44930000000000003, -0.45913000000000004, -1.450803, -2.8833253071795863, 0.0], "kappa": [2.95015, 5.4625, 3.54479, 5.3397, 4.06308, 4.7564, 5.76854, 5.4269, 5.05785, 10.3625, 2.18435, 4.68143, 5.28127, 5.28859, 10.7058, 21.4737, 4.00562, 10.9391, 11.0747, 7.60725, 3.20222, 7.15787, 3.80808, 4.09514, 4.9954, 0.513698, 5.42954, 7.97655, 5.25895, 26.493], "beta": 2.27737}