{"theta": [-1.388555307179586, -2.715195307179586, 1.0590900000000003, -2.913125307179586, 0.6328399999999998, 0.04783999999999988, -1.2844853071795859, 1.8361200000000002, 3.1409800000000003, 2.0302800000000003, -1.3162853071795855, 0.9992999999999999, 0.07989000000000068, 2.0444400000000007, 2.64318, 3.12915, -0.8795713071795861, 0.8933, 2.3854300000000004, -0.9263663071795865, -1.2499753071795858, -2.886185307179586, -0.0, 0.8118500000000006, 2.63993, 1.8759700000000006, -2.705625307179586, -0.8384553071795864, 2.4038100000000004, 0.7121000000000004], "kappa": [7.09034, 1.91363, 3.81071, 7.08109, 9.30291, 8.30649, 7.61642, 5.22574, 3.24958, 4.70472, 6.09775, 12.485, 2.48578, 2.75571, 0.443817, 4.5503, 9.25653, 5.44404, 3.41242, 7.40175, 13.9337, 4.72767, 26.2577, 4.01331, 11.2484, 3.94247, 3.21413, 6.17124, 9.92949, 17.1479], "beta": 1.8172}