{"theta": [-0.7320629999999999, -2.691433, -1.801053, -0.007830999999999921, 1.128942307179587, 1.6451023071795863, 0.032491999999999965, 0.7320237999999999, -2.671313, -0.0, 1.6982023071795869, 1.6328123071795861, 0.7786189000000001, 1.6152723071795858, -1.2542429999999998, -1.803893, 0.02838900000000022, -0.23173299999999974, -2.963483, -0.635443, -0.6430929999999999, 3.028592307179586, 3.090152307179586, -1.587653, -2.953773, -1.255503, -0.13781199999999982, -1.262223, -2.965573, 1.5632423071795856], "kappa": [4.93108, 1.92204, 5.03964, 12.2378, 16.4674, 1.41246, 4.71432, 13.754, 10.4544, 17.8375, 6.15887, 10.7126, 11.6402, 2.52873, 0.461048, 2.20133, 3.37274, 5.60432, 1.71243, 0.282031, 14.9915, 21.0451, 5.25918, 5.871, 9.34151, 7.99834, 5.14968, 0.357378, 1.70389, 6.01482], "beta": 1.59576}