{"theta": [-2.5248399999999998, -0.01715, 2.1733439999999997, -2.4225600000000003, -2.08327, -0.0, -0.3639000000000001, -0.9445000000000001, -1.1275600000000003, 0.50589, -1.1208500000000003, 1.6494499999999999, -0.013260000000000272, 0.44270999999999994, 0.9547499999999998, -2.41884, 2.196819, -1.11511, 2.818831, 2.1945979999999996, -2.4182, 1.64312, 2.192363, 1.6347099999999999, 1.6403899999999998, 0.41969999999999974, -2.0284999999999997, -2.7226000000000004, -0.8645800000000006, -2.02587], "kappa": [7.76945, 2.30815, 11.787, 6.12871, 5.59169, 23.587, 8.12483, 5.51951, 1.91493, 12.8644, 6.3367, 5.79159, 5.02749, 5.48168, 6.87466, 0.348823, 11.6361, 4.73234, 7.17659, 1.06499, 3.04381, 2.57318, 3.10586, 5.86117, 4.16351, 7.10939, 5.71462, 7.30748, 8.80646, 4.23948], "beta": 1.67896}