{"theta": [0.06318000000000001, 1.5419423071795855, -0.9063600000000003, -2.1272500000000005, -1.7063200000000003, 2.2219253071795855, 2.2554453071795857, 1.7128023071795857, -1.7463300000000004, 0.1516699999999993, -2.39536, -1.9541200000000005, -2.8821900000000005, -2.3525700000000005, -2.1998400000000005, 2.2754153071795855, 1.712365307179586, 1.9054853071795854, 0.9099673071795857, 0.06741999999999937, 0.07193999999999967, 1.8267053071795853, 0.6934799999999992, 2.846165307179586, 0.7095899999999995, -0.9035900000000003, -0.9029100000000003, -1.9863300000000002, 2.735705307179586, 0.0], "kappa": [2.32101, 4.49895, 4.61459, 4.64298, 2.16396, 3.65744, 6.39548, 4.8098, 4.83468, 9.51846, 2.90377, 4.5897, 6.28034, 4.93295, 11.8227, 21.5503, 4.74129, 12.836, 9.29855, 7.91795, 2.66059, 3.80537, 3.79518, 3.82762, 5.09334, 0.903112, 6.22996, 7.08828, 4.75514, 32.1143], "beta": 2.19242}