{"theta": [0.9792899999999998, -2.19448, 1.3724499999999997, 2.706856307179586, 0.0, -0.6658900000000001, -0.88408, -0.09161000000000019, -0.7841, 0.6647299999999996, 1.3780599999999996, 2.508196307179586, -0.6010900000000001, -1.56623, -0.4463600000000003, 2.597206307179586, 2.727829307179586, 2.1785783071795866, -2.2471, 0.48648000000000025, -2.2032100000000003, -0.19697999999999993, 0.5419399999999994, 0.4289399999999999, 1.3735400000000002, -2.0243900000000004, 2.587894307179586, -1.9908400000000004, 1.36815, -2.1983], "kappa": [4.48058, 2.78779, 1.42562, 2.1205, 18.653, 8.16006, 8.9695, 3.39845, 5.5422, 6.9837, 3.24981, 2.79857, 4.90773, 4.89233, 7.52379, 5.74112, 2.31246, 4.37148, 6.60222, 6.66896, 3.11442, 6.12168, 6.71173, 4.07209, 1.1052, 1.89304, 0.494834, 6.18522, 8.71002, 2.82375], "beta": 2.2947}