{"theta": [0.5232943071795866, -0.0, 2.5632643071795864, 0.7261343071795867, -2.082141, -1.9114909999999998, -2.702341, 2.8309643071795865, -1.5897309999999998, 1.326444307179587, -1.547381, 1.0498043071795866, -0.24788100000000002, 2.5868643071795865, -0.2402120000000001, 0.4320043071795858, -1.511601, 0.5115443071795855, 2.6018943071795864, 1.426344307179587, 2.606814307179586, -0.25852699999999995, 1.2549243071795857, -2.4200809999999997, 0.42091430717958644, -0.5778050000000001, 2.6853543071795865, 2.8436543071795866, 1.794024307179587, -1.257661], "kappa": [3.69222, 13.7882, 12.3821, 3.12955, 3.08915, 6.3565, 6.31334, 1.03158, 2.97338, 7.42226, 4.15299, 6.23218, 1.74562, 1.44547, 6.46972, 5.04334, 4.25682, 3.65873, 2.98378, 2.78772, 4.75126, 3.32036, 6.22775, 8.69149, 5.08319, 8.71281, 11.4616, 7.4703, 11.7519, 4.69949], "beta": 2.32785}