{"theta": [-0.5149460000000001, -2.823196, -1.8403159999999996, -0.1145769999999997, 0.49365700000000023, 1.2723093071795866, -0.07021799999999967, 0.5303893071795862, -2.813936, -0.0, 1.3789793071795868, 1.2945593071795862, 0.5676093071795867, 1.2658293071795867, -1.398486, -1.8534859999999997, -0.07549399999999995, -0.5019559999999998, -3.137826, -0.6922959999999998, -0.6926359999999998, 2.8400793071795865, 3.0523793071795864, -1.6806859999999997, -3.128776, -1.4065759999999998, -0.497306, -1.4117559999999998, -3.1301759999999996, 1.5030593071795861], "kappa": [2.71749, 2.13981, 5.0323, 12.558, 15.5202, 1.80717, 4.7207, 13.0306, 10.446, 21.9075, 5.443, 10.9984, 11.0852, 1.86633, 0.528675, 2.18832, 3.38713, 5.30145, 2.87493, 0.217851, 11.9729, 21.7138, 5.88513, 5.6733, 8.96584, 7.97399, 6.97561, 0.313597, 1.61788, 6.54755], "beta": 1.59286}