{"theta": [2.28157, -1.4640600000000004, 1.8374099999999998, 0.91336, 0.9724999999999997, -2.835545307179587, 2.9686, 2.28905, 2.9683999999999995, 2.8222399999999994, 0.011939999999999618, -1.6528820000000004, 0.0, 1.82476, -1.9930320000000004, 2.5887499999999997, -1.646805, -1.9777500000000003, 0.3131499999999998, -1.9744730000000001, 0.90116, -1.4580200000000003, -1.927165, 1.1018299999999996, -0.008630000000000138, -0.15673000000000004, 2.97446, 0.9434099999999996, 0.01682999999999968, 2.8134399999999995], "kappa": [11.1975, 3.50057, 12.3338, 4.52182, 7.8732, 23.4013, 0.458197, 3.14193, 4.35492, 6.31554, 4.11051, 11.0922, 22.2712, 3.71133, 2.02677, 5.99911, 0.339477, 4.4654, 14.2575, 3.11791, 15.3659, 7.11868, 3.88405, 2.873, 2.77999, 4.42294, 18.8552, 6.00623, 6.33533, 3.41341], "beta": 1.47052}