{"theta": [-2.4615, 1.177218, -2.31703, -0.2389300000000001, 1.138387, -0.30967999999999996, 2.4145653071795863, 2.0192853071795858, 2.577975307179586, -0.9235800000000001, 2.223315307179586, 0.08043, -0.26692000000000005, 2.9773953071795862, -1.24414, -2.5383000000000004, 2.9797853071795863, 2.133905307179586, 2.673115307179586, -0.0, -0.28509000000000007, -2.3153300000000003, -0.9820599999999999, -2.33617, -1.36268, 2.1436853071795863, 2.569275307179586, -0.9587099999999997, -2.3351699999999997, 0.051549999999999985], "kappa": [2.66043, 4.68099, 0.986483, 8.69978, 2.89847, 3.16341, 5.04668, 6.48492, 2.55935, 4.4219, 4.18149, 16.0705, 4.94466, 0.879397, 12.1902, 9.98252, 4.89517, 0.414253, 5.22706, 15.9454, 4.71457, 4.12046, 4.47787, 6.8922, 2.64936, 3.48524, 3.62761, 7.18685, 4.22379, 0.95825], "beta": 2.08828}