{"theta": [2.25923, 1.82673, 0.0, 2.41092, -2.234515307179586, -2.279205307179586, -1.1496919, -0.17281999999999975, -1.9875653071795858, 1.0604200000000001, -1.9613153071795866, 1.3591600000000001, 1.82951, 0.05908000000000002, 1.8464800000000001, 2.1846900000000002, -1.9648553071795858, 2.37788, 0.05230000000000001, 1.05625, -0.008489999999999887, 1.8222300000000002, 1.1753300000000002, -1.1696423, 2.69345, -3.121195307179586, 0.03120999999999996, -0.20059199999999988, 0.7571000000000001, -2.4178953071795863], "kappa": [4.81991, 11.4948, 15.0094, 1.59184, 2.26997, 5.69744, 6.98447, 1.98253, 2.73311, 6.83982, 4.17937, 6.20328, 0.956824, 0.85306, 7.0567, 6.00329, 4.16463, 5.43883, 3.38233, 2.23769, 3.78243, 1.66102, 5.75272, 10.0565, 6.89668, 10.0311, 11.0702, 7.9564, 11.1807, 4.50158], "beta": 2.032}