{"theta": [-0.7444515000000003, -2.0750405, 1.2681748071795864, -2.8378905000000003, 1.0973348071795863, 0.16681480717958586, -0.7472075, 2.1382048071795863, -2.8226805, 2.2772048071795865, -0.7426675, 1.3400048071795858, 0.1655048071795857, 2.268584807179586, 2.871014807179586, -2.4954805, -0.7232894999999999, 1.1655348071795864, 2.441094807179586, -0.5825425000000002, -0.7335095000000003, -2.4921505, -0.0, 1.154914807179586, 2.870874807179586, 2.150364807179586, -2.0727505, -0.7406715000000004, 2.441914807179586, 1.1627148071795865], "kappa": [2.74725, 2.63597, 4.42025, 10.2099, 10.1758, 10.3038, 7.60768, 5.53046, 4.48993, 4.82285, 3.15591, 12.9382, 4.53182, 2.4085, 0.15458, 4.16125, 14.1197, 5.10237, 3.18705, 5.75584, 17.5544, 5.94995, 32.2919, 3.4151, 11.1835, 4.08524, 4.52302, 7.90771, 9.28067, 17.4], "beta": 1.43572}