{"theta": [-1.1663353071795868, -2.584755307179586, 1.1648699999999996, -2.9121253071795863, 0.9862099999999998, -0.07952290717958643, -1.0457183071795857, 1.9856600000000002, -3.118915307179586, 2.1485700000000003, -1.167385307179586, 1.18527, -0.06341999999999981, 2.15571, 2.83288, 3.11658, -0.6435383071795862, 1.07449, 2.43188, -0.7767693071795865, -1.127105307179586, -2.851445307179586, -0.0, 0.9989299999999997, 2.83651, 2.0065299999999997, -2.577845307179586, -1.1672653071795862, 2.44781, 0.6639499999999998], "kappa": [6.79275, 2.4414, 4.21125, 7.63149, 10.7483, 8.67693, 8.84289, 5.28556, 3.25456, 4.88759, 5.27788, 10.4788, 4.12895, 2.84202, 0.442925, 4.52574, 11.8287, 3.94146, 3.55487, 6.39002, 13.2994, 5.12669, 21.3912, 4.13795, 11.2351, 4.18487, 4.02067, 5.3425, 9.94557, 16.035], "beta": 1.77459}