{"theta": [1.195647, -1.9665200000000003, 0.7421, 1.9017421, 1.83178, -0.25007000000000024, -0.0021900000000001363, 1.19735, -0.002120000000000122, 0.26047, 2.698875307179586, -1.5454100000000002, 2.7058053071795856, 0.7424099999999998, -1.43428, 0.48117999999999994, -1.9608900000000002, -1.46398, 2.488425307179586, -1.45985, 1.839427, -2.2796600000000007, -1.4638600000000002, 1.8301579999999997, 2.6992653071795862, 2.6093553071795856, -0.0, 1.8902387, 2.7027753071795857, 0.26149], "kappa": [18.054, 6.16726, 11.2744, 4.91138, 8.58554, 34.7943, 0.156491, 3.83668, 5.43726, 8.30734, 3.85703, 18.9987, 23.783, 3.19976, 2.31879, 7.24357, 2.0363, 4.42572, 17.7415, 2.594, 10.4432, 14.6259, 2.57816, 1.29921, 2.09367, 4.564, 25.2159, 6.56336, 4.68029, 4.25459], "beta": 1.24664}