{"theta": [-0.8550800000000001, 1.8165863071795858, -1.2482499999999996, -2.89244, 0.0, 0.6679399999999998, 0.77447, 0.15646999999999966, 0.7980099999999997, -0.5867199999999997, -1.30063, -2.72969, 0.5872900000000003, 1.371373307179586, 0.46164999999999967, -2.78041, -2.9121200000000003, -2.4741, 1.8037673071795863, -0.3874000000000004, 1.9014953071795864, 0.26456999999999997, -0.46945000000000014, -0.30748, -1.2689199999999996, 2.0064753071795867, -2.5435600000000003, 1.7482053071795862, -1.2613500000000002, 1.9946853071795863], "kappa": [3.97067, 1.87079, 1.06509, 2.02492, 16.5913, 7.35633, 9.12463, 3.85457, 5.4909, 6.76814, 1.64163, 2.62962, 4.84514, 4.14468, 6.92886, 6.55683, 2.0731, 4.72835, 5.40214, 6.28904, 4.22208, 4.37907, 6.50262, 4.02787, 2.4342, 2.56265, 2.45321, 5.65674, 8.56989, 2.43435], "beta": 2.72208}