{"theta": [-0.3590200000000001, -1.6610873071795869, 2.04248, 1.8612599999999997, 2.98065, -0.21694999999999975, 2.05043, 2.16403, -0.058539999999999814, -0.5685200000000004, -2.3017253071795865, -1.607166307179586, 2.80361, 2.05918, 2.0815599999999996, -0.86876, -2.914005307179586, 2.77725, 0.08786999999999967, 0.4135, 1.74856, -1.024345307179587, -2.1838653071795866, 2.4916199999999997, -1.6183023071795866, 1.77772, 2.9811699999999997, -0.48597, -0.3841000000000001, -0.0], "kappa": [6.66849, 4.62668, 3.49813, 11.5264, 7.63223, 4.5558, 1.44667, 5.00202, 8.31352, 2.40104, 5.00289, 3.21774, 4.71003, 1.40458, 7.52322, 11.1363, 8.11022, 10.0425, 7.63517, 6.76694, 7.8985, 13.0386, 6.07508, 8.43924, 3.21335, 1.45224, 5.06455, 4.22159, 3.292, 13.4817], "beta": 2.51695}