{"theta": [1.1086800000000006, -1.7178773071795863, 1.8007500000000003, -2.935595307179586, -0.0, -0.3115899999999998, -0.8665793071795864, 0.033809999999999896, -0.7542166071795862, 0.8443000000000005, 1.8009000000000004, -2.729865307179586, -0.4676999999999998, -1.245624307179586, -0.21484999999999932, -3.000895307179586, -2.931895307179586, 3.1253300000000004, -1.7771253071795856, 0.8559000000000001, -1.720365307179586, -0.05766999999999989, 0.7089600000000003, 0.5918300000000007, 1.7981600000000002, -1.5987563071795865, -3.120845307179586, -1.5659183071795857, 1.7930400000000004, -1.7134353071795854], "kappa": [5.64046, 2.36429, 1.40021, 1.35181, 18.9286, 5.07608, 7.8061, 4.40283, 5.26992, 7.49713, 3.78755, 3.67782, 5.30062, 4.13644, 6.16154, 5.94983, 1.41488, 3.82863, 5.79232, 9.26003, 2.64399, 6.15664, 7.15684, 4.42784, 1.71732, 1.60069, 2.28449, 5.42824, 10.5813, 2.62578], "beta": 2.22143}