{"theta": [2.4595753071795863, 2.1995453071795863, 0.9082993071795862, -0.7735599999999998, 0.14297000000000004, 2.8706053071795865, -0.87948, -2.29249, 1.1664323071795861, 0.3953800000000003, -3.03264, 1.8191153071795867, 0.04534000000000038, 0.8328573071795864, -2.96285, 1.4110673071795858, 1.2774743071795864, -0.9244199999999996, -2.23052, -0.07085000000000008, -3.0966, 2.021295307179586, -2.99659, 1.3167553071795863, -2.26239, 0.13598, 2.4667653071795863, -0.9268900000000002, -2.24886, 0.0], "kappa": [4.76798, 5.36614, 10.4494, 4.29484, 3.21301, 7.63388, 3.63521, 5.93471, 10.2093, 3.19057, 4.82609, 3.50044, 6.29264, 3.17957, 6.31082, 10.0554, 3.22415, 1.53416, 7.77534, 4.1539, 4.86063, 4.58871, 4.89551, 3.14736, 6.24354, 5.80455, 1.71119, 0.312115, 2.25834, 12.7981], "beta": 2.08982}