{"theta": [0.5093100000000002, -0.0, 2.9438020000000003, 0.77251, -1.9675399999999996, -1.8761399999999995, -2.426445707179586, 3.059677, -1.5163599999999997, 1.27283, -1.5213099999999997, 1.1799500000000003, -0.10874000000000006, 2.76073, -0.11125999999999969, 0.4571100000000001, -1.53655, 0.46391000000000027, 2.7719300000000002, 1.7929300000000001, 2.70867, -0.12826000000000004, 1.3385500000000001, -2.2114399999999996, 0.35772000000000004, -0.3861600000000003, 3.0253900000000002, 3.066962, 1.95385, -1.71239], "kappa": [2.94943, 16.2223, 16.9797, 3.57677, 2.38469, 5.67456, 5.7924, 1.55129, 2.47698, 7.20746, 3.93849, 7.25849, 1.33228, 2.56447, 9.66467, 5.19481, 3.81334, 5.01065, 4.25978, 2.70462, 4.31092, 3.18946, 7.30634, 8.08312, 4.45418, 10.5434, 11.1057, 8.14283, 10.6774, 3.47727], "beta": 1.85898}