{"theta": [0.7986705999999999, 2.1419566, 3.0941465999999997, -2.980528707179586, -1.4515087071795865, -2.9873387071795863, 1.0927765999999999, -1.4881287071795857, 1.1076565999999999, -1.6191087071795867, 2.3061466, -1.1721287071795867, 1.1211366, -2.9190187071795863, 1.6005866, -0.6135087071795855, 3.0332466, 0.0, 2.0773166, 1.9881666, 2.7949966, -0.7317487071795856, -1.046678707179586, 0.5181676, 1.5594166, -0.6461587071795858, 1.7514266, 1.5539266, -0.6935487071795858, -1.0845087071795856], "kappa": [11.168, 2.7172, 4.28112, 3.94069, 10.8108, 6.73504, 2.47363, 5.14961, 2.32082, 3.42367, 4.44171, 5.66957, 2.12712, 1.58388, 2.0644, 2.37283, 5.76306, 17.0739, 4.59511, 3.76465, 4.92292, 0.840966, 3.2475, 2.82231, 3.27621, 3.34227, 4.89538, 3.29486, 3.32618, 5.68102], "beta": 3.5462}