{"theta": [-0.022199999999999775, 2.77938, -0.4204849999999998, -0.0671529999999998, 0.013600000000000279, 0.9463200000000003, 2.1086500000000004, -1.2783453071795856, 0.9156300000000002, 1.69381, -1.3092453071795864, 0.4215800000000003, -3.0777353071795863, 0.42834000000000017, 1.99256, -1.7211253071795864, -1.7204253071795863, 0.3285100000000003, -1.9619053071795864, 2.9761500000000005, 0.4344100000000002, 2.8105700000000002, 0.0, 3.04, -3.004025307179586, -1.2990553071795858, 1.9793200000000004, 3.12298, 2.0079700000000003, 0.8983500000000002], "kappa": [3.50184, 1.96109, 11.1644, 5.46254, 4.66734, 3.72305, 15.6608, 4.37661, 5.73252, 12.0841, 4.50274, 9.98484, 5.46956, 4.52428, 3.16936, 0.199744, 3.69267, 5.99894, 12.6568, 3.87194, 2.51353, 5.06924, 20.4081, 2.5468, 4.66184, 2.90335, 3.08035, 11.221, 8.19218, 6.99593], "beta": 1.88537}