{"theta": [2.4588810000000003, 2.19813, 0.5982000000000003, -0.8979899999999996, 0.23574000000000028, 2.870781, -1.0441999999999996, -2.39765, 1.1495600000000001, 0.2495200000000004, -3.055750307179586, 1.8561100000000001, -0.006719999999999615, 1.1378300000000001, -2.898199607179586, 1.5995300000000001, 1.1760900000000003, -1.0871099999999996, -2.35537, -0.023689999999999767, -3.0951993071795862, 1.9573600000000002, -3.029146307179586, 1.3067300000000004, -2.39852, 0.19530000000000003, 2.477706, -1.08813, -2.3713399999999996, -0.0], "kappa": [5.24252, 5.54448, 9.82756, 5.09096, 2.85829, 8.66565, 4.49748, 5.31312, 10.4767, 2.63714, 4.77229, 3.30135, 5.24352, 2.38194, 8.11074, 8.17998, 4.84419, 1.9761, 7.01405, 5.23933, 4.69042, 4.44156, 4.77071, 4.11108, 7.00061, 5.24251, 1.91213, 0.279059, 1.93323, 11.7592], "beta": 1.83086}