{"theta": [-0.24761200000000017, 1.863242, 0.2021620000000004, 1.9031820000000002, -2.5000233071795863, -3.048663307179586, 2.809232, -2.686073307179586, -1.0805433071795862, 0.7323620000000002, 1.1215620000000002, 2.368612, -2.0332433071795863, 0.571372, 2.109972, -0.9993733071795861, 2.8916020000000002, -1.044163307179586, -3.082843307179586, -2.9673433071795863, -2.977183307179586, -0.9929633071795863, -1.0356533071795857, -0.8280455, -1.5980333071795858, 0.7446520000000001, 0.630862, 1.815382, 2.137382, 0.0], "kappa": [7.06113, 2.49248, 10.4525, 7.14698, 3.11615, 3.47138, 2.87493, 7.35291, 7.21862, 4.42943, 9.87566, 8.67715, 13.4727, 7.20371, 5.59006, 7.0424, 4.85023, 10.4063, 7.0141, 4.73675, 4.79213, 5.5104, 4.24312, 7.50543, 11.1286, 11.8037, 7.16722, 4.99664, 8.09911, 13.2685], "beta": 2.38528}