{"theta": [-0.07597999999999994, -1.8689200000000001, -0.0, -0.04347999999999996, 2.637395307179586, -3.1386600000000002, -3.1370099999999996, 0.30025000000000013, -2.16398, -1.8687200000000002, 0.28806, -1.89947, -1.86999, -0.33131, -1.46665, 0.9085430000000003, -0.029059999999999864, -2.7601400000000003, -1.9674, -0.04196999999999984, 2.6371253071795864, -2.16656, 2.6367753071795863, 0.8782480000000001, 2.6677353071795866, 2.9528153071795864, 1.9536553071795861, 2.6351453071795867, 0.7663530000000001, 1.912155307179587], "kappa": [20.4797, 2.33473, 49.7095, 2.94132, 3.80045, 1.48814, 0.354605, 25.7016, 0.477206, 2.3278, 7.1461, 3.22661, 1.24506, 23.9639, 6.78117, 12.8241, 7.2164, 13.2718, 3.38901, 3.07711, 0.131884, 3.40621, 12.6923, 12.6296, 3.77787, 31.5853, 9.71794, 15.7495, 7.68251, 7.86186], "beta": 1.54108}