{"theta": [-0.36253999999999986, 1.7226400000000002, 0.043990000000000196, 1.7444600000000001, -2.6735153071795863, 3.0723100000000003, 2.5524800000000005, -2.8346653071795864, -1.189476, 0.38124, 1.00508, 2.10175, -2.2872253071795865, 0.24097000000000013, 1.887, -0.9418389999999999, 2.65802, -1.2221539999999997, 3.0166999999999997, -3.1233753071795864, 3.1311500000000003, -0.898174, -0.8717789999999996, -0.7755969999999999, -1.6096827999999999, 0.41331000000000007, 0.37106000000000017, 1.66804, 1.9159700000000002, 0.0], "kappa": [5.98447, 2.27916, 9.50664, 5.47549, 2.72125, 3.69683, 3.09732, 7.41587, 8.91427, 5.16017, 9.89544, 8.38668, 12.746, 8.09097, 5.19698, 8.51961, 5.20871, 8.90916, 7.67011, 5.0321, 5.04529, 4.43484, 2.72339, 8.55309, 12.2475, 12.875, 6.67577, 4.8998, 7.4984, 15.8965], "beta": 2.28377}