{"theta": [0.7077500000000003, 2.6538700000000004, 1.3941800000000004, 0.20429999999999993, -0.94543, -1.51124, 0.2535000000000007, -0.4899800000000001, 2.55309, -0.0, -1.7242099999999994, -1.5725099999999994, -0.6381199999999998, -1.4945599999999999, 1.2809800000000005, -2.970924307179586, 0.15304000000000073, 0.5099000000000005, 2.9668600000000005, 0.6485400000000001, 0.6457100000000002, -2.969651307179586, 3.03805, 1.4063700000000003, 2.91169, 1.2847400000000002, 0.5487800000000003, 1.2626600000000003, 2.9424600000000005, -1.7034799999999999], "kappa": [4.5166, 2.38903, 3.23593, 7.18695, 14.1878, 1.83376, 3.50279, 10.3876, 10.5402, 17.9553, 6.90899, 10.2147, 10.6179, 2.84566, 0.256064, 0.359939, 6.04899, 4.60509, 2.78218, 0.182843, 12.494, 16.2883, 3.80734, 4.6086, 7.99542, 6.56074, 4.7349, 1.09197, 1.70965, 6.6654], "beta": 2.05784}