{"theta": [-1.5650099999999996, -2.8073699999999997, 0.0031700000000007833, -1.8492799999999998, 0.7223900000000008, -2.8185599999999997, -2.8188699999999995, -1.2404799999999998, 0.0044800000000000395, 2.8763053071795865, 2.3686303071795867, 0.7188300000000005, 0.50901, 2.3671953071795864, -1.5777599999999996, 2.8735853071795865, 2.8703353071795865, 0.5089500000000005, 0.0048200000000004906, 0.49265000000000025, -1.8228899999999997, -1.8247599999999995, -0.030399999999999316, 2.366817307179587, 3.0592753071795866, 3.0658853071795864, 0.0, -1.5474099999999997, -1.8485099999999997, -0.017089999999999606], "kappa": [4.47405, 64.2554, 76.5209, 8.07484, 56.2729, 2.75321, 80.3133, 44.4035, 7.06132, 35.6891, 33.7708, 29.3821, 43.2197, 23.2196, 15.2976, 2.10918, 12.8092, 1.30962, 54.3415, 167.902, 7.07421, 3.26397, 17.0687, 46.3871, 16.6304, 5.38997, 250.538, 15.9494, 19.4646, 103.72], "beta": 1.00694}