{"theta": [0.08345199999999986, 3.139772, -0.26651330717958643, 0.02314399999999983, 0.133521, 1.1100919999999999, 2.484102, -0.22668920000000004, 1.5280919999999998, 2.105632, -0.8689133071795867, 0.563717, -2.7365933071795863, -0.5191833071795866, 2.448432, -1.562883307179586, -1.5566633071795861, 0.260246, -1.5869133071795867, -2.920553307179586, 0.53009, -3.100603307179586, 0.0, -2.8695333071795863, -2.6312333071795866, -0.8284233071795866, 2.436082, -2.8223833071795865, 2.459772, 1.0773119999999998], "kappa": [3.20415, 1.99009, 11.1272, 4.5853, 4.37906, 3.45725, 16.974, 1.36562, 8.49011, 12.841, 3.45845, 10.0114, 5.15916, 7.38326, 2.67285, 0.973808, 3.67486, 6.70534, 11.6149, 3.2864, 3.83822, 4.92889, 18.9463, 2.11676, 4.80444, 3.3853, 2.64055, 9.99635, 7.91447, 8.40307], "beta": 1.98451}