{"theta": [0.4697, 1.6318799999999998, -0.61361, -1.8944553071795855, 3.1409499999999997, 2.46327, 2.51054, 1.9625499999999998, -1.4869910000000002, 0.6541000000000001, -2.245065307179587, -1.6256980000000003, -2.6258553071795867, -2.173365307179587, -1.8509553071795857, 2.7044599999999996, 1.8658299999999999, 1.97004, 1.31224, 0.43908999999999976, 0.4567099999999997, 1.8704299999999998, 0.8732199999999999, -3.135635307179586, 0.8254999999999999, -0.6068100000000001, -0.59799, -1.5972140000000001, 3.06627, 0.0], "kappa": [2.90274, 4.96895, 4.59098, 5.31814, 4.00643, 4.1577, 6.56634, 4.12658, 5.73281, 6.84583, 3.36706, 5.15968, 5.62918, 5.53098, 12.6641, 15.736, 5.31943, 10.783, 9.01201, 7.41984, 3.3192, 6.41961, 3.76805, 4.03309, 4.64987, 1.06064, 6.04027, 8.28079, 5.34168, 26.7068], "beta": 2.27242}