{"theta": [-1.4285299999999994, -2.6281099999999995, -0.010929999999999218, -1.5820199999999995, 1.5416183071795864, -3.0340999999999996, -3.0320799999999997, -1.1456699999999995, -0.017419999999999547, 2.6669453071795868, 3.0242353071795867, 1.5694493071795872, 0.37181, 1.5771013071795865, -1.5617099999999997, 2.6699753071795866, 2.6668653071795867, 0.3641900000000007, -0.009749999999999481, 0.3661400000000006, -1.5811099999999998, -1.6129299999999995, 0.06479000000000035, 2.596535307179587, 2.8810053071795867, 2.8767753071795865, 0.0, -1.4253599999999995, -1.6146699999999998, -0.00230999999999959], "kappa": [1.76861, 20.5727, 26.6327, 1.74982, 20.8775, 0.238479, 24.9503, 14.6147, 3.25544, 14.0907, 13.1315, 11.9688, 11.44, 8.7353, 8.4266, 1.82727, 3.49807, 1.47398, 19.766, 47.5782, 1.75793, 1.29928, 7.27962, 13.6827, 4.84333, 1.61259, 61.3895, 3.36472, 8.5273, 26.1365], "beta": 1.14278}