{"theta": [2.5576313071795864, -1.4774239999999998, -1.4870839999999999, 1.493591307179587, -2.3534539999999997, 2.400041307179586, 0.33925130717958574, 3.1047713071795866, 1.420721307179587, 1.9726813071795863, -1.4686439999999998, 1.6539813071795866, 0.26735130717958633, 3.1082313071795866, 2.7052813071795865, -2.9166839999999996, 0.3698213071795866, -1.1522139999999998, 2.7324113071795866, -0.9587139999999998, 1.2905913071795858, 1.989741307179587, -1.284204, -0.7809009999999996, -2.926074, 1.9581613071795871, 0.44480130717958666, -1.4691539999999998, 0.6606613071795859, -0.0], "kappa": [3.90038, 5.29813, 1.69929, 8.57852, 6.68366, 8.10031, 3.50165, 11.2259, 5.18654, 1.09991, 4.15581, 6.13729, 1.77041, 5.12563, 5.93554, 1.96072, 1.31568, 3.8778, 4.77367, 4.87355, 4.62999, 4.40752, 3.56911, 12.3379, 5.24565, 6.21707, 6.25594, 4.04753, 3.82163, 14.9108], "beta": 2.58543}