{"theta": [-2.971525307179586, -1.7177853071795859, -0.0, 2.48755, 0.08572999999999986, 0.5872000000000002, 1.5736800000000004, 2.48706, 2.63353, -2.7598153071795863, -3.010945307179586, -1.7102553071795858, 1.6379099999999998, -0.5640443071795858, 0.5827900000000001, -2.6156953071795863, -2.9936653071795862, -2.7562853071795863, 1.1820599999999999, 1.5301099999999996, -2.0229453071795866, 0.07575999999999983, 2.48035, -1.7029653071795856, -0.5427433071795864, -0.9690293071795857, 0.28946999999999967, 0.5601099999999999, 1.4402800000000004, -0.5608863071795867], "kappa": [5.01945, 5.98169, 44.5525, 3.40052, 14.0915, 4.48971, 5.1045, 3.40305, 6.30627, 5.08925, 6.82301, 2.44602, 9.26711, 3.52419, 2.89816, 12.0031, 3.57736, 2.40925, 6.04664, 4.93442, 6.51581, 0.96357, 3.43478, 2.48109, 5.66936, 5.23488, 5.89866, 4.55945, 10.617, 1.73185], "beta": 1.58029}