{"theta": [-0.1440800000000002, -3.037316107179586, -0.7072400000000001, -0.22673000000000032, -0.0706800000000003, 1.5283499999999999, 2.668471, -0.9285400000000004, 1.5222299999999997, 2.20422, -0.8755400000000004, 0.5949999999999998, -2.61023, 0.5568899999999997, 2.61665, -1.5916400000000004, -1.59512, 0.26324999999999976, -1.5872600000000001, -2.87006, 0.6458499999999998, -2.992217987179586, -0.0, -2.7804699999999998, -2.5515399999999997, -0.7994699999999999, 2.602213, -2.8005299999999997, 2.6909259999999997, 1.4788999999999999], "kappa": [4.10057, 1.88906, 10.5144, 5.69823, 5.32355, 2.8544, 16.1395, 3.20878, 8.07764, 11.7394, 3.9509, 12.3607, 5.41166, 8.24705, 3.46714, 1.57892, 3.52568, 7.82871, 8.97352, 3.3512, 4.09371, 4.49971, 18.1303, 2.36748, 4.69504, 3.02801, 3.50959, 8.02478, 7.74226, 6.75978], "beta": 2.10275}