{"theta": [-1.4151399999999996, -2.8734100000000002, 0.8570800000000001, -3.09383, 0.58921, -0.3123199999999997, -1.5124999999999997, 1.731433, 3.0332153071795864, 1.919826, -1.4479000000000002, 0.8423300000000002, -0.2284799999999998, 1.9498420000000003, 2.60096, 3.0043153071795863, -1.2408799999999998, 0.6921300000000001, 2.3041780000000003, -1.0731199999999999, -1.45959, -3.0613999999999995, -0.0, 0.6179300000000001, 2.601215307179586, 1.7804350000000002, -2.8783499999999997, -1.04704, 2.3488, 0.53485], "kappa": [7.12766, 2.16722, 4.53627, 6.66541, 10.4795, 8.49194, 7.65915, 5.30115, 2.83904, 4.75534, 2.45658, 12.1494, 4.37052, 2.91638, 0.46115, 4.08953, 12.6165, 4.89929, 3.5399, 6.08213, 10.8478, 4.47176, 19.6927, 3.97315, 10.7776, 3.88543, 3.59927, 6.08225, 9.90168, 16.5921], "beta": 1.93657}