{"theta": [0.5366999999999997, 0.0, 2.7338799999999996, 0.7437, -2.236718, -2.1268540000000002, -2.657397, 3.07649, -1.7617300000000002, 1.5843500000000001, -1.7441100000000003, 1.0382700000000002, -0.32295000000000007, 2.69605, -0.2865700000000002, 0.44926999999999984, -1.7865400000000002, 0.6181899999999998, 2.7032599999999998, 1.55578, 2.64852, -0.3223200000000004, 1.3236599999999998, -2.4280660000000003, 0.36424999999999974, -0.6089900000000004, 2.7526999999999995, -3.0986212, 1.7527399999999997, -1.9638100000000003], "kappa": [5.33941, 16.6895, 12.4643, 2.93653, 2.1642, 5.51907, 5.14753, 3.01666, 2.57467, 6.60465, 3.86766, 5.75253, 1.95676, 2.2029, 10.1882, 5.66497, 3.82847, 4.23007, 3.86812, 2.73416, 5.86254, 3.54981, 6.70416, 7.11216, 4.82482, 10.6602, 12.6341, 7.23695, 10.0885, 3.57807], "beta": 1.96122}