{"theta": [-2.433915307179586, -2.3766053071795863, 1.2768500000000005, -2.444105307179586, 2.9204200000000005, 2.91969, 0.4275500000000001, 0.41981, 0.8516599999999999, 0.040779999999999816, 0.03960000000000008, 2.91909, -0.7001799999999996, 0.035200000000000564, 2.17078, 2.12381, 2.1693700000000002, 1.4329400000000003, 1.9587700000000003, 2.7671200000000002, -2.9189453071795857, 0.8428500000000003, -0.9926899999999996, 1.9485400000000004, -2.2435953071795858, 0.4267500000000002, 2.17186, -0.0, -0.995795307179586, -2.435125307179586], "kappa": [5.20343, 3.12542, 13.3098, 2.45751, 2.53807, 4.15804, 3.15665, 2.96877, 3.2429, 3.3734, 3.3414, 4.13978, 7.01284, 7.02562, 3.8777, 3.91638, 0.261131, 2.58203, 7.81614, 15.6565, 15.6749, 4.54352, 3.74064, 10.0793, 12.0623, 0.844554, 4.08426, 22.4735, 2.1815, 1.44907], "beta": 1.79183}