{"theta": [-2.8439353071795868, -0.61557, 0.6997, -1.9501953071795866, -2.9820753071795867, -2.9973753071795866, -2.8413953071795865, 2.53299, 2.5325699999999998, 0.004389999999999894, -2.8436153071795864, -0.22424, 1.38861, -0.2213200000000004, 1.4512199999999993, -1.2752373071795864, 1.4541999999999993, 9.999999999976694e-05, 1.4612699999999998, -1.954475307179587, -1.2878303071795862, -0.0, -1.1399363071795872], "kappa": [7.01945, 10.683, 4.43268, 163.548, 15.5396, 7.00927, 17.2933, 12.8807, 2.59069, 11.6396, 1.0461, 3.62732, 2.48067, 1.76709, 11.7224, 11.8282, 1.50458, 1.84256, 155.973, 1.56939, 0.915045, 340.742, 14.8404], "beta": 1.14041}