{"theta": [-0.0, 0.04505200000000009, -1.5832350000000002, 0.6301039999999998, -0.6151350000000002, -1.8260550000000002, -1.124705, -0.6036150000000002, -1.483645, -1.478015, -0.9208450000000001, 0.07731499999999958, 2.640670307179586, 0.177832, 2.871360307179586, -0.07952500000000029, 2.615730307179586, -2.5065950000000004, 0.009888000000000119, 0.045532999999999824, 2.381840307179586, 2.213000307179586, -2.6565950000000003, 1.4979403071795865, 0.7280029999999997, 2.099300307179586, -2.521855, -2.5139650000000002, -2.654315, 2.2047503071795864, 1.8325203071795864, 2.615660307179586, 2.655160307179586], "kappa": [27.726, 14.1995, 6.54419, 5.04361, 4.19895, 4.52252, 4.99696, 1.61256, 2.56382, 2.57437, 6.4675, 0.822644, 0.595594, 1.53303, 3.76363, 1.43254, 0.491566, 0.839357, 0.733496, 0.632515, 4.86699, 1.05262, 2.86495, 2.80867, 7.03538, 3.31305, 3.18269, 3.16646, 2.8624, 4.56151, 15.0824, 9.50038, 23.1756], "beta": 2.20223}