{"theta": [-0.1917200000000001, 0.8162799999999999, 1.4806499999999998, 1.9022899999999998, -2.5270753071795866, -2.7191953071795867, -1.5278953071795867, -1.0401523071795866, -2.198685307179587, 2.1022099999999995, 2.7838999999999996, -0.0, 2.7611699999999995, -0.18895000000000017, 2.7595099999999997, 2.77437], "kappa": [1.04612, 11.1416, 5.87201, 7.16531, 8.90114, 17.4413, 8.87998, 11.1622, 11.114, 13.9162, 26.6916, 128.075, 26.6916, 13.832, 26.6916, 26.6916], "beta": 12.6406}