{"theta": [0.684154509948143, 2.371902217400233, 1.3916129121687377, -1.9214474571028024, -1.1273922845345048, 0.9055480556687123, -2.1640579925123884, -0.23543885328741432, 1.2580563525811432, -1.7318711051266842, 1.081961059541895, 0.0, 2.256560094046856, -0.05739544324221768, 0.12870577745119238, 0.7544528136269018, 2.113126552224981, 1.813929347203191, 1.8669032123698486, -3.0542268055611093, -2.923105793750189, 0.6658656898829949, 2.8282682735144857, 0.8949330709085352, 1.0561546362236118, 2.8885445790626902, -0.1865515101211841, -1.5515223983971858, 0.2766049476130368, -1.1926266101234457], "kappa": [7.293466898239501, 5.5714145225787854, 6.72986309530159, 5.869477504118783, 4.993342590307621, 4.055276213166973, 9.847448805650927, 4.118710644329461, 7.910073836326835, 8.93293871184614, 5.282165159291924, 8.916226618818163, 5.001254856790889, 4.6430921634217945, 5.045479350455814, 5.124380924856716, 8.408553699724205, 7.556712830850625, 5.556465744672072, 5.981887093085937, 7.872581324720746, 4.420127834450632, 5.910507017179079, 6.668667162742524, 6.873489659135959, 7.907547295329869, 5.881429760021278, 5.883994100343913, 7.969184433314261, 5.847577810054129], "beta": 2.5}